asset,ts,side,win,pnl5
sol,2026-09-11 07:25:00+00:00,DOWN,True,1.33
eth,2026-09-11 10:10:00+00:00,DOWN,True,1.41
xrp,2026-09-11 10:10:00+00:00,DOWN,True,1.11
sol,2026-09-11 10:10:00+00:00,DOWN,True,1.85
bnb,2026-09-11 10:10:00+00:00,DOWN,True,1.41
eth,2026-09-11 12:20:00+00:00,DOWN,True,2.04
xrp,2026-09-18 03:20:00+00:00,DOWN,True,3.33
hype,2026-09-19 17:20:00+00:00,DOWN,True,4.27
doge,2026-09-19 21:05:00+00:00,DOWN,True,2.14
doge,2026-09-20 06:10:00+00:00,UP,True,4.82
doge,2026-09-20 08:10:00+00:00,UP,True,2.35
hype,2026-09-21 01:25:00+00:00,DOWN,True,3.93
hype,2026-09-21 02:20:00+00:00,UP,True,3.33
doge,2026-09-22 08:05:00+00:00,UP,True,1.18
doge,2026-09-22 16:50:00+00:00,UP,True,1.18
eth,2026-09-22 16:50:00+00:00,UP,True,2.04
doge,2026-09-22 21:10:00+00:00,DOWN,True,2.57
eth,2026-09-23 07:10:00+00:00,UP,True,8.29
hype,2026-09-24 07:40:00+00:00,DOWN,True,3.19
eth,2026-09-25 02:05:00+00:00,DOWN,True,6.7
doge,2026-09-25 06:15:00+00:00,UP,True,1.26
xrp,2026-09-26 05:20:00+00:00,UP,True,2.46
doge,2026-09-26 05:20:00+00:00,UP,True,3.33
xrp,2026-09-26 06:05:00+00:00,UP,True,1.67
xrp,2026-09-26 07:55:00+00:00,UP,True,1.18
eth,2026-09-26 12:10:00+00:00,DOWN,True,1.85
sol,2026-09-26 12:20:00+00:00,DOWN,True,2.46
doge,2026-09-26 13:30:00+00:00,UP,True,1.67
eth,2026-09-26 19:10:00+00:00,DOWN,True,4.45
eth,2026-09-27 13:15:00+00:00,UP,True,7.61
eth,2026-09-27 14:45:00+00:00,DOWN,True,3.19
hype,2026-09-27 19:30:00+00:00,UP,True,2.46
sol,2026-09-27 20:50:00+00:00,DOWN,True,1.85
hype,2026-09-27 22:20:00+00:00,UP,True,2.69
doge,2026-09-28 01:10:00+00:00,DOWN,True,1.41
eth,2026-09-28 06:15:00+00:00,DOWN,True,3.33
eth,2026-09-28 07:40:00+00:00,DOWN,True,3.33
eth,2026-09-28 09:35:00+00:00,DOWN,True,2.14
eth,2026-09-28 10:15:00+00:00,UP,True,1.33
sol,2026-09-28 12:45:00+00:00,UP,True,1.18
doge,2026-09-28 18:55:00+00:00,DOWN,True,4.27
eth,2026-09-28 19:15:00+00:00,DOWN,True,2.57
hype,2026-09-28 19:15:00+00:00,DOWN,True,4.45
eth,2026-09-28 19:55:00+00:00,DOWN,True,4.82
eth,2026-09-28 20:05:00+00:00,UP,True,1.94
eth,2026-09-28 23:40:00+00:00,UP,True,4.1
eth,2026-09-29 00:50:00+00:00,DOWN,True,1.85
eth,2026-09-29 10:10:00+00:00,DOWN,True,7.94
sol,2026-09-29 15:00:00+00:00,DOWN,True,2.46
bnb,2026-09-30 13:35:00+00:00,DOWN,True,1.85
doge,2026-09-30 17:10:00+00:00,DOWN,True,3.33
hype,2026-09-30 17:25:00+00:00,DOWN,True,1.33
hype,2026-09-30 18:50:00+00:00,UP,True,2.69
eth,2026-09-30 23:10:00+00:00,UP,True,3.19
eth,2026-10-01 05:50:00+00:00,UP,True,0.83
hype,2026-10-01 05:50:00+00:00,UP,True,0.35
doge,2026-10-01 05:50:00+00:00,UP,True,0.58
eth,2026-10-01 06:45:00+00:00,UP,True,3.47
bnb,2026-10-01 07:40:00+00:00,DOWN,True,3.19
hype,2026-10-01 10:55:00+00:00,UP,True,1.41
eth,2026-10-01 10:55:00+00:00,UP,True,1.41
doge,2026-10-01 16:15:00+00:00,UP,True,0.96
eth,2026-10-01 17:25:00+00:00,UP,True,2.35
hype,2026-10-01 17:55:00+00:00,DOWN,True,1.33
eth,2026-10-01 18:10:00+00:00,UP,True,3.06
sol,2026-10-02 02:35:00+00:00,DOWN,True,2.69
hype,2026-10-02 03:15:00+00:00,DOWN,True,1.67
xrp,2026-10-02 15:05:00+00:00,DOWN,True,4.63
hype,2026-10-02 15:25:00+00:00,DOWN,True,4.63
xrp,2026-10-02 15:40:00+00:00,DOWN,True,3.06
sol,2026-10-02 17:05:00+00:00,DOWN,True,2.04
doge,2026-10-02 18:40:00+00:00,DOWN,True,0.9
eth,2026-10-02 19:25:00+00:00,UP,True,3.33
