symbol,timeframe,start_date,end_date,parent_date,forecast,result,is_correct,prob,confidence,open,high,low,close,range,strategy
ETH/USDT,5m,8/11/26 22:00,8/11/26 22:05,8/11/26,⬇️,⏳,,0.0697,0.0697,1882.76,1885.19,1882.54,1884.68,2.650000000000091,D72_maj_K1
ETH/USDT,5m,8/12/26 1:15,8/12/26 1:20,8/12/26,⬇️,⏳,,0.1401,0.1401,1882.96,1885.83,1882.96,1885.67,2.869999999999891,D72_maj_K1
ETH/USDT,5m,8/12/26 6:25,8/12/26 6:30,8/12/26,⬆️,⏳,,0.3633,0.3633,1888.26,1888.9,1886.19,1886.43,2.7100000000000364,D72_maj_K1
ETH/USDT,5m,8/12/26 21:25,8/12/26 21:30,8/12/26,⬆️,⏳,,0.253,0.253,1886.02,1886.02,1882.29,1882.51,3.730000000000018,D72_maj_K1
ETH/USDT,5m,8/12/26 21:30,8/12/26 21:35,8/12/26,⬆️,⏳,,0.5144,0.5144,1882.51,1882.52,1873.29,1878.41,9.230000000000018,D72_maj_K68
ETH/USDT,5m,8/12/26 21:35,8/12/26 21:40,8/12/26,⬆️,⏳,,0.1583,0.1583,1878.4,1879.13,1875.52,1879.13,3.6100000000001273,D72_maj_K1
ETH/USDT,5m,8/12/26 21:40,8/12/26 21:45,8/12/26,⬆️,⏳,,0.1584,0.1584,1879.13,1880.42,1877.87,1879.91,2.550000000000182,D72_maj_K1
ETH/USDT,5m,8/12/26 23:10,8/12/26 23:15,8/12/26,⬆️,⏳,,0.2742,0.2742,1877.73,1878.02,1875.3,1876.69,2.7200000000000273,D72_maj_K25
ETH/USDT,5m,8/12/26 23:25,8/12/26 23:30,8/12/26,⬆️,⏳,,0.2998,0.2998,1877.56,1878.28,1874.81,1875.04,3.4700000000000273,D72_maj_K72
ETH/USDT,5m,8/13/26 1:25,8/13/26 1:30,8/13/26,⬆️,⏳,,0.2958,0.2958,1880.14,1881.01,1877.5,1877.53,3.509999999999991,D72_maj_K59
ETH/USDT,5m,8/13/26 1:30,8/13/26 1:35,8/13/26,⬆️,⏳,,0.2612,0.2612,1877.52,1877.53,1875.25,1876.37,2.2799999999999727,D72_maj_K1
ETH/USDT,5m,8/13/26 1:45,8/13/26 1:50,8/13/26,⬆️,⏳,,0.3489,0.3489,1880.39,1880.39,1876.15,1876.16,4.240000000000009,D72_maj_K53
ETH/USDT,5m,8/13/26 2:35,8/13/26 2:40,8/13/26,⬆️,⏳,,0.3029,0.3029,1877.25,1877.26,1873.26,1875.42,4.0,D72_maj_K25
ETH/USDT,5m,8/13/26 2:40,8/13/26 2:45,8/13/26,⬆️,⏳,,0.2731,0.2731,1875.42,1875.95,1873.73,1873.81,2.2200000000000273,D72_maj_K26
ETH/USDT,5m,8/13/26 10:05,8/13/26 10:10,8/13/26,⬆️,⏳,,0.5176,0.5176,1889.78,1890.24,1882.45,1884.93,7.789999999999964,D72_maj_K62
ETH/USDT,5m,8/13/26 10:35,8/13/26 10:40,8/13/26,⬆️,⏳,,0.3564,0.3564,1885.05,1885.13,1882.17,1882.52,2.9600000000000364,D72_maj_K62
ETH/USDT,5m,8/13/26 18:55,8/13/26 19:00,8/13/26,⬇️,⏳,,0.2247,0.2247,1880.85,1887.3,1880.85,1885.33,6.4500000000000455,D72_maj_K2
ETH/USDT,5m,8/14/26 3:05,8/14/26 3:10,8/14/26,⬆️,⏳,,0.2685,0.2685,1886.63,1886.73,1884.25,1884.28,2.480000000000018,D72_maj_K2
ETH/USDT,5m,8/14/26 6:30,8/14/26 6:35,8/14/26,⬆️,⏳,,0.3304,0.3304,1879.25,1879.25,1877.51,1877.52,1.740000000000009,D72_maj_K1
ETH/USDT,5m,8/14/26 6:50,8/14/26 6:55,8/14/26,⬆️,⏳,,0.3853,0.3853,1877.43,1878.45,1875.13,1875.85,3.3199999999999363,D72_maj_K1
ETH/USDT,5m,8/14/26 6:55,8/14/26 7:00,8/14/26,⬆️,⏳,,0.3853,0.3853,1875.86,1877.17,1873.09,1873.78,4.080000000000155,D72_maj_K1
ETH/USDT,5m,8/14/26 13:10,8/14/26 13:15,8/14/26,⬆️,⏳,,0.3187,0.3187,1873.19,1873.74,1870.17,1871.27,3.5699999999999363,D72_maj_K64
ETH/USDT,5m,8/14/26 13:15,8/14/26 13:20,8/14/26,⬆️,⏳,,0.3643,0.3643,1871.27,1871.5,1867.37,1870.31,4.130000000000109,D72_maj_K1
ETH/USDT,5m,8/14/26 13:20,8/14/26 13:25,8/14/26,⬆️,⏳,,0.3485,0.3485,1870.31,1871.14,1867.08,1868.05,4.060000000000173,D72_maj_K64
ETH/USDT,5m,8/14/26 17:55,8/14/26 18:00,8/14/26,⬆️,⏳,,0.343,0.343,1883.62,1883.63,1880.36,1880.53,3.270000000000209,D72_maj_K3
ETH/USDT,5m,8/15/26 6:30,8/15/26 6:35,8/15/26,⬆️,⏳,,0.3124,0.3124,1880.95,1881.32,1880.12,1880.42,1.2000000000000455,D72_maj_K1
ETH/USDT,5m,8/15/26 23:15,8/15/26 23:20,8/15/26,⬆️,⏳,,0.299,0.299,1884.21,1884.21,1881.98,1883.6,2.230000000000018,D72_maj_K5
ETH/USDT,5m,8/16/26 1:40,8/16/26 1:45,8/16/26,⬆️,⏳,,0.4843,0.4843,1880.69,1880.69,1877.01,1877.2,3.6800000000000637,D72_maj_K6
ETH/USDT,5m,8/16/26 10:10,8/16/26 10:15,8/16/26,⬆️,⏳,,0.1944,0.1944,1880.14,1880.15,1879.87,1879.93,0.2800000000002001,D72_maj_K1
ETH/USDT,5m,8/16/26 17:15,8/16/26 17:20,8/16/26,⬆️,⏳,,0.2292,0.2292,1889.6,1889.6,1887.66,1888.12,1.9399999999998272,D72_maj_K1
ETH/USDT,5m,8/16/26 17:20,8/16/26 17:25,8/16/26,⬆️,⏳,,0.2109,0.2109,1888.13,1888.13,1886.77,1886.87,1.3600000000001273,D72_maj_K5
ETH/USDT,5m,8/16/26 17:35,8/16/26 17:40,8/16/26,⬆️,⏳,,0.3747,0.3747,1887.31,1887.32,1883.81,1884.02,3.509999999999991,D72_maj_K71
ETH/USDT,5m,8/16/26 17:45,8/16/26 17:50,8/16/26,⬆️,⏳,,0.2206,0.2206,1886.48,1886.78,1884.64,1884.76,2.1399999999998727,D72_maj_K1
ETH/USDT,5m,8/16/26 21:00,8/16/26 21:05,8/16/26,⬆️,⏳,,0.2263,0.2263,1883.22,1883.22,1881.59,1882.0,1.6300000000001091,D72_maj_K2
ETH/USDT,5m,8/16/26 21:25,8/16/26 21:30,8/16/26,⬆️,⏳,,0.2069,0.2069,1881.46,1881.51,1880.21,1880.22,1.2999999999999545,D72_maj_K1
ETH/USDT,5m,8/16/26 21:30,8/16/26 21:35,8/16/26,⬆️,⏳,,0.2127,0.2127,1880.22,1880.92,1879.16,1880.13,1.759999999999991,D72_maj_K1
ETH/USDT,5m,8/16/26 21:40,8/16/26 21:45,8/16/26,⬆️,⏳,,0.4107,0.4107,1881.0,1881.19,1877.61,1877.62,3.5800000000001546,D72_maj_K2
ETH/USDT,5m,8/16/26 21:45,8/16/26 21:50,8/16/26,⬆️,⏳,,0.4118,0.4118,1877.61,1877.61,1869.17,1874.82,8.439999999999827,D72_maj_K2
ETH/USDT,5m,8/16/26 22:05,8/16/26 22:10,8/16/26,⬆️,⏳,,0.3125,0.3125,1875.55,1875.55,1870.62,1874.3,4.930000000000064,D72_maj_K6
ETH/USDT,5m,8/16/26 22:35,8/16/26 22:40,8/16/26,⬆️,⏳,,0.3065,0.3065,1875.29,1875.3,1872.88,1873.34,2.4199999999998454,D72_maj_K15
ETH/USDT,5m,8/16/26 22:40,8/16/26 22:45,8/16/26,⬆️,⏳,,0.3777,0.3777,1873.33,1873.34,1869.78,1870.34,3.5599999999999454,D72_maj_K6
ETH/USDT,5m,8/17/26 6:50,8/17/26 6:55,8/17/26,⬇️,⏳,,0.2347,0.2347,1903.31,1912.6,1903.0,1909.12,9.599999999999909,D72_maj_K4
ETH/USDT,5m,8/17/26 10:40,8/17/26 10:45,8/17/26,⬇️,⏳,,0.0968,0.0968,1901.19,1904.91,1900.94,1903.6,3.9700000000000273,D72_maj_K1
ETH/USDT,5m,8/17/26 10:45,8/17/26 10:50,8/17/26,⬇️,⏳,,0.2013,0.2013,1903.59,1907.2,1903.26,1907.2,3.9400000000000546,D72_maj_K62
ETH/USDT,5m,8/17/26 13:35,8/17/26 13:40,8/17/26,⬇️,⏳,,0.1395,0.1395,1898.59,1907.38,1897.42,1905.4,9.960000000000036,D72_maj_K56
ETH/USDT,5m,8/17/26 13:50,8/17/26 13:55,8/17/26,⬇️,⏳,,0.131,0.131,1904.51,1907.22,1902.81,1907.21,4.410000000000082,D72_maj_K56
ETH/USDT,5m,8/17/26 17:20,8/17/26 17:25,8/17/26,⬇️,⏳,,0.1496,0.1496,1905.21,1911.68,1905.0,1910.72,6.680000000000064,D72_maj_K2
ETH/USDT,5m,8/17/26 23:25,8/17/26 23:30,8/17/26,⬇️,⏳,,0.1529,0.1529,1910.36,1911.56,1910.25,1911.43,1.3099999999999454,D72_maj_K1
ETH/USDT,5m,8/17/26 23:30,8/17/26 23:35,8/17/26,⬇️,⏳,,0.13,0.13,1911.42,1915.33,1911.42,1915.33,3.9099999999998545,D72_maj_K2
ETH/USDT,5m,8/18/26 1:10,8/18/26 1:15,8/18/26,⬆️,⏳,,0.2513,0.2513,1908.25,1908.29,1906.81,1907.01,1.4800000000000182,D72_maj_K15
ETH/USDT,5m,8/18/26 1:45,8/18/26 1:50,8/18/26,⬆️,⏳,,0.2905,0.2905,1906.96,1906.96,1903.93,1905.14,3.0299999999999727,D72_maj_K59
ETH/USDT,5m,8/18/26 1:50,8/18/26 1:55,8/18/26,⬆️,⏳,,0.3708,0.3708,1905.15,1905.15,1902.0,1903.38,3.150000000000091,D72_maj_K59
ETH/USDT,5m,8/18/26 1:55,8/18/26 2:00,8/18/26,⬆️,⏳,,0.453,0.453,1903.39,1903.75,1899.78,1900.29,3.9700000000000273,D72_maj_K59
ETH/USDT,5m,8/18/26 2:00,8/18/26 2:05,8/18/26,⬆️,⏳,,0.2283,0.2283,1900.28,1901.54,1899.85,1901.54,1.6900000000000546,D72_maj_K26
ETH/USDT,5m,8/18/26 2:05,8/18/26 2:10,8/18/26,⬆️,⏳,,0.1988,0.1988,1901.53,1902.13,1900.56,1901.56,1.5700000000001637,D72_maj_K25
ETH/USDT,5m,8/18/26 2:15,8/18/26 2:20,8/18/26,⬆️,⏳,,0.3276,0.3276,1902.24,1902.24,1899.77,1899.78,2.4700000000000273,D72_maj_K29
ETH/USDT,5m,8/18/26 2:25,8/18/26 2:30,8/18/26,⬆️,⏳,,0.1747,0.1747,1899.99,1900.69,1899.99,1900.01,0.7000000000000455,D72_maj_K1
ETH/USDT,5m,8/18/26 2:30,8/18/26 2:35,8/18/26,⬆️,⏳,,0.3121,0.3121,1900.01,1900.01,1897.75,1897.76,2.259999999999991,D72_maj_K29
ETH/USDT,5m,8/18/26 2:35,8/18/26 2:40,8/18/26,⬆️,⏳,,0.2187,0.2187,1897.75,1897.75,1896.18,1897.16,1.5699999999999363,D72_maj_K2
ETH/USDT,5m,8/18/26 2:45,8/18/26 2:50,8/18/26,⬆️,⏳,,0.3394,0.3394,1897.62,1898.18,1894.06,1894.6,4.120000000000118,D72_maj_K29
ETH/USDT,5m,8/18/26 2:50,8/18/26 2:55,8/18/26,⬆️,⏳,,0.2412,0.2412,1894.6,1895.87,1889.28,1895.87,6.589999999999918,D72_maj_K1
ETH/USDT,5m,8/18/26 2:55,8/18/26 3:00,8/18/26,⬆️,⏳,,0.2649,0.2649,1895.87,1896.64,1894.29,1894.73,2.3500000000001364,D72_maj_K1
ETH/USDT,5m,8/18/26 3:00,8/18/26 3:05,8/18/26,⬆️,⏳,,0.323,0.323,1894.74,1894.74,1890.99,1893.19,3.75,D72_maj_K5
ETH/USDT,5m,8/18/26 3:25,8/18/26 3:30,8/18/26,⬆️,⏳,,0.3479,0.3479,1893.89,1893.89,1889.25,1890.42,4.6400000000001,D72_maj_K8
ETH/USDT,5m,8/18/26 3:35,8/18/26 3:40,8/18/26,⬆️,⏳,,0.4273,0.4273,1891.03,1891.03,1885.78,1888.6,5.25,D72_maj_K8
ETH/USDT,5m,8/18/26 13:05,8/18/26 13:10,8/18/26,⬆️,⏳,,0.2485,0.2485,1899.48,1899.48,1897.16,1897.87,2.3199999999999363,D72_maj_K26
ETH/USDT,5m,8/18/26 13:10,8/18/26 13:15,8/18/26,⬆️,⏳,,0.1157,0.1157,1897.87,1897.91,1897.5,1897.74,0.41000000000008185,D72_maj_K1
ETH/USDT,5m,8/18/26 13:25,8/18/26 13:30,8/18/26,⬆️,⏳,,0.142,0.142,1897.45,1897.45,1896.17,1896.67,1.2799999999999727,D72_maj_K25
ETH/USDT,5m,8/18/26 13:30,8/18/26 13:35,8/18/26,⬆️,⏳,,0.2201,0.2201,1896.67,1897.2,1895.64,1895.8,1.5599999999999454,D72_maj_K1
ETH/USDT,5m,8/18/26 13:35,8/18/26 13:40,8/18/26,⬆️,⏳,,0.2581,0.2581,1895.8,1898.49,1894.28,1895.81,4.210000000000036,D72_maj_K1
ETH/USDT,5m,8/18/26 13:55,8/18/26 14:00,8/18/26,⬆️,⏳,,0.2932,0.2932,1898.09,1900.0,1895.14,1895.38,4.8599999999999,D72_maj_K64
ETH/USDT,5m,8/19/26 2:20,8/19/26 2:25,8/19/26,⬆️,⏳,,0.515,0.515,1912.73,1912.73,1908.66,1908.66,4.069999999999936,D72_maj_K4
ETH/USDT,5m,8/19/26 3:10,8/19/26 3:15,8/19/26,⬆️,⏳,,0.3889,0.3889,1909.13,1909.72,1906.19,1907.37,3.5299999999999727,D72_maj_K1
ETH/USDT,5m,8/19/26 6:05,8/19/26 6:10,8/19/26,⬆️,⏳,,0.3223,0.3223,1910.28,1911.17,1909.0,1909.07,2.1700000000000728,D72_maj_K1
ETH/USDT,5m,8/19/26 6:10,8/19/26 6:15,8/19/26,⬆️,⏳,,0.4222,0.4222,1909.07,1909.55,1906.0,1906.85,3.5499999999999545,D72_maj_K1
ETH/USDT,5m,8/22/26 20:10,8/22/26 20:15,8/22/26,⬇️,⏳,,0.121,0.121,2439.0,2442.18,2437.94,2441.3,4.239999999999782,D72_maj_K2
ETH/USDT,5m,8/22/26 23:50,8/22/26 23:55,8/22/26,⬇️,⏳,,0.2226,0.2226,2421.27,2425.31,2420.95,2425.31,4.360000000000127,D72_maj_K72
ETH/USDT,5m,8/23/26 4:05,8/23/26 4:10,8/23/26,⬆️,⏳,,0.2675,0.2675,2413.98,2417.02,2409.12,2409.12,7.900000000000091,D72_maj_K70
ETH/USDT,5m,8/23/26 10:25,8/23/26 10:30,8/23/26,⬇️,⏳,,0.1482,0.1482,2414.97,2420.89,2414.78,2417.16,6.109999999999673,D72_maj_K1
ETH/USDT,5m,8/23/26 10:35,8/23/26 10:40,8/23/26,⬇️,⏳,,0.2543,0.2543,2413.54,2417.72,2412.81,2417.4,4.9099999999998545,D72_maj_K1
ETH/USDT,5m,8/23/26 10:45,8/23/26 10:50,8/23/26,⬇️,⏳,,0.114,0.114,2415.81,2417.2,2415.01,2416.57,2.1899999999996,D72_maj_K1
ETH/USDT,5m,8/23/26 13:10,8/23/26 13:15,8/23/26,⬇️,⏳,,0.462,0.462,2428.28,2431.17,2428.03,2430.68,3.1399999999998727,D72_maj_K64
ETH/USDT,5m,8/23/26 13:15,8/23/26 13:20,8/23/26,⬇️,⏳,,0.189,0.189,2430.68,2432.9,2430.68,2432.23,2.2200000000002547,D72_maj_K62
ETH/USDT,5m,8/23/26 20:05,8/23/26 20:10,8/23/26,⬆️,⏳,,0.3418,0.3418,2444.95,2444.95,2436.41,2437.3,8.539999999999964,D72_maj_K62
ETH/USDT,5m,8/23/26 20:25,8/23/26 20:30,8/23/26,⬇️,⏳,,0.2604,0.2604,2442.73,2447.38,2442.73,2447.37,4.650000000000091,D72_maj_K15
ETH/USDT,5m,8/23/26 20:35,8/23/26 20:40,8/23/26,⬇️,⏳,,0.2252,0.2252,2445.62,2448.74,2445.62,2447.28,3.119999999999891,D72_maj_K1
ETH/USDT,5m,8/23/26 20:40,8/23/26 20:45,8/23/26,⬇️,⏳,,0.2109,0.2109,2447.28,2448.99,2446.65,2448.89,2.3399999999996908,D72_maj_K1
ETH/USDT,5m,8/25/26 22:50,8/25/26 22:55,8/25/26,⬇️,⏳,,0.2463,0.2463,2450.31,2453.22,2449.67,2452.89,3.549999999999727,D72_maj_K1
ETH/USDT,5m,8/25/26 23:50,8/25/26 23:55,8/25/26,⬆️,⏳,,0.2981,0.2981,2444.44,2444.44,2439.71,2440.59,4.730000000000018,D72_maj_K72
ETH/USDT,5m,8/26/26 2:30,8/26/26 2:35,8/26/26,⬇️,⏳,,0.295,0.295,2462.01,2468.12,2462.0,2468.08,6.119999999999891,D72_maj_K4
ETH/USDT,5m,8/26/26 2:45,8/26/26 2:50,8/26/26,⬇️,⏳,,0.1618,0.1618,2467.64,2468.32,2466.71,2467.05,1.6100000000001273,D72_maj_K2
ETH/USDT,5m,8/27/26 22:05,8/27/26 22:10,8/27/26,⬇️,⏳,,0.2067,0.2067,2504.12,2510.78,2504.12,2510.64,6.660000000000309,D72_maj_K1
ETH/USDT,5m,8/27/26 22:20,8/27/26 22:25,8/27/26,⬇️,⏳,,0.274,0.274,2509.91,2516.65,2509.9,2514.03,6.75,D72_maj_K13
ETH/USDT,5m,8/27/26 22:35,8/27/26 22:40,8/27/26,⬇️,⏳,,0.1752,0.1752,2512.96,2514.36,2510.54,2514.02,3.8200000000001637,D72_maj_K2
ETH/USDT,5m,8/28/26 4:05,8/28/26 4:10,8/28/26,⬆️,⏳,,0.2876,0.2876,2489.91,2491.28,2487.61,2488.0,3.6700000000000728,D72_maj_K24
ETH/USDT,5m,8/28/26 10:05,8/28/26 10:10,8/28/26,⬆️,⏳,,0.3836,0.3836,2489.57,2490.09,2483.4,2484.33,6.690000000000055,D72_maj_K62
ETH/USDT,5m,8/28/26 10:10,8/28/26 10:15,8/28/26,⬆️,⏳,,0.193,0.193,2484.33,2485.97,2482.17,2482.88,3.799999999999727,D72_maj_K1
ETH/USDT,5m,8/28/26 10:55,8/28/26 11:00,8/28/26,⬇️,⏳,,0.1564,0.1564,2496.45,2499.86,2496.11,2499.8,3.75,D72_maj_K57
ETH/USDT,5m,8/28/26 20:20,8/28/26 20:25,8/28/26,⬆️,⏳,,0.2339,0.2339,2435.93,2435.93,2431.38,2431.39,4.549999999999727,D72_maj_K1
ETH/USDT,5m,8/28/26 20:35,8/28/26 20:40,8/28/26,⬆️,⏳,,0.3666,0.3666,2432.39,2432.39,2424.68,2425.28,7.710000000000036,D72_maj_K6
ETH/USDT,5m,8/28/26 21:50,8/28/26 21:55,8/28/26,⬆️,⏳,,0.1183,0.1183,2428.8,2428.8,2425.05,2425.33,3.75,D72_maj_K1
ETH/USDT,5m,8/28/26 21:55,8/28/26 22:00,8/28/26,⬆️,⏳,,0.1793,0.1793,2425.33,2426.46,2422.36,2425.01,4.099999999999909,D72_maj_K1
ETH/USDT,5m,8/29/26 6:15,8/29/26 6:20,8/29/26,⬆️,⏳,,0.4642,0.4642,2437.3,2437.3,2430.45,2431.79,6.850000000000364,D72_maj_K4
ETH/USDT,5m,8/29/26 17:30,8/29/26 17:35,8/29/26,⬆️,⏳,,0.2255,0.2255,2451.46,2451.47,2448.12,2448.39,3.349999999999909,D72_maj_K1
ETH/USDT,5m,8/29/26 17:35,8/29/26 17:40,8/29/26,⬆️,⏳,,0.2008,0.2008,2448.38,2449.8,2446.57,2446.58,3.230000000000018,D72_maj_K1
ETH/USDT,5m,8/30/26 4:50,8/30/26 4:55,8/30/26,⬆️,⏳,,0.2569,0.2569,2453.39,2454.27,2451.55,2452.32,2.7199999999998,D72_maj_K1
ETH/USDT,5m,8/30/26 15:15,8/30/26 15:20,8/30/26,⬆️,⏳,,0.2305,0.2305,2477.45,2478.04,2473.15,2473.79,4.889999999999873,D72_maj_K1
ETH/USDT,5m,8/31/26 21:55,8/31/26 22:00,8/31/26,⬇️,⏳,,0.1558,0.1558,2480.53,2481.45,2478.81,2479.26,2.6399999999998727,D72_maj_K1
ETH/USDT,5m,8/31/26 23:05,8/31/26 23:10,8/31/26,⬆️,⏳,,0.3477,0.3477,2469.45,2469.45,2462.0,2462.77,7.449999999999818,D72_maj_K72
ETH/USDT,5m,9/1/26 3:35,9/1/26 3:40,9/1/26,⬇️,⏳,,0.171,0.171,2466.79,2478.48,2466.39,2477.26,12.090000000000146,D72_maj_K2
ETH/USDT,5m,9/1/26 6:20,9/1/26 6:25,9/1/26,⬆️,⏳,,0.3001,0.3001,2479.76,2479.77,2475.38,2475.96,4.389999999999873,D72_maj_K1
ETH/USDT,5m,9/1/26 7:40,9/1/26 7:45,9/1/26,⬆️,⏳,,0.452,0.452,2475.7,2476.02,2466.57,2468.73,9.449999999999818,D72_maj_K1
ETH/USDT,5m,9/1/26 10:40,9/1/26 10:45,9/1/26,⬇️,⏳,,0.1619,0.1619,2461.01,2463.37,2459.6,2463.37,3.769999999999982,D72_maj_K25
ETH/USDT,5m,9/1/26 22:35,9/1/26 22:40,9/1/26,⬆️,⏳,,0.3291,0.3291,2407.65,2409.66,2405.85,2407.62,3.8099999999999454,D72_maj_K13
ETH/USDT,5m,9/2/26 22:05,9/2/26 22:10,9/2/26,⬆️,⏳,,0.2894,0.2894,2390.14,2390.15,2386.79,2386.8,3.3600000000001273,D72_maj_K1
ETH/USDT,5m,9/2/26 22:10,9/2/26 22:15,9/2/26,⬆️,⏳,,0.2057,0.2057,2386.8,2386.8,2383.57,2383.57,3.230000000000018,D72_maj_K1
ETH/USDT,5m,9/2/26 22:30,9/2/26 22:35,9/2/26,⬆️,⏳,,0.1639,0.1639,2382.46,2382.46,2378.64,2379.1,3.8200000000001637,D72_maj_K1
ETH/USDT,5m,9/3/26 4:55,9/3/26 5:00,9/3/26,⬇️,⏳,,0.1899,0.1899,2400.41,2408.31,2400.41,2407.26,7.900000000000091,D72_maj_K70
ETH/USDT,5m,9/3/26 7:05,9/3/26 7:10,9/3/26,⬇️,⏳,,0.229,0.229,2408.6,2419.33,2407.8,2418.71,11.529999999999745,D72_maj_K1
ETH/USDT,5m,9/3/26 23:40,9/3/26 23:45,9/3/26,⬇️,⏳,,0.3665,0.3665,2501.3,2507.0,2501.26,2506.2,5.739999999999782,D72_maj_K70
ETH/USDT,5m,9/3/26 23:45,9/3/26 23:50,9/3/26,⬇️,⏳,,0.1728,0.1728,2506.2,2508.33,2504.57,2506.84,3.7599999999997635,D72_maj_K1
ETH/USDT,5m,9/3/26 23:50,9/3/26 23:55,9/3/26,⬇️,⏳,,0.1892,0.1892,2506.85,2508.44,2503.31,2505.96,5.130000000000109,D72_maj_K1
ETH/USDT,5m,9/3/26 23:55,9/4/26 0:00,9/3/26,⬇️,⏳,,0.2975,0.2975,2505.97,2508.94,2505.4,2508.59,3.5399999999999636,D72_maj_K1
ETH/USDT,5m,9/4/26 3:20,9/4/26 3:25,9/4/26,⬇️,⏳,,0.394,0.394,2510.99,2511.48,2509.42,2510.93,2.0599999999999454,D72_maj_K8
ETH/USDT,5m,9/4/26 4:25,9/4/26 4:30,9/4/26,⬇️,⏳,,0.2692,0.2692,2510.58,2517.44,2510.58,2517.44,6.860000000000127,D72_maj_K68
ETH/USDT,5m,9/4/26 4:30,9/4/26 4:35,9/4/26,⬇️,⏳,,0.162,0.162,2517.45,2524.0,2515.09,2523.57,8.909999999999854,D72_maj_K24
ETH/USDT,5m,9/4/26 7:05,9/4/26 7:10,9/4/26,⬇️,⏳,,0.192,0.192,2508.19,2513.39,2507.76,2513.39,5.629999999999654,D72_maj_K1
ETH/USDT,5m,9/5/26 4:50,9/5/26 4:55,9/5/26,⬆️,⏳,,0.3171,0.3171,2451.01,2451.31,2447.9,2450.38,3.4099999999998545,D72_maj_K1
ETH/USDT,5m,9/5/26 13:55,9/5/26 14:00,9/5/26,⬆️,⏳,,0.4803,0.4803,2457.6,2457.6,2450.0,2453.53,7.599999999999909,D72_maj_K1
ETH/USDT,5m,9/5/26 21:30,9/5/26 21:35,9/5/26,⬇️,⏳,,0.1244,0.1244,2480.45,2481.96,2480.06,2481.41,1.900000000000091,D72_maj_K1
ETH/USDT,5m,9/5/26 21:40,9/5/26 21:45,9/5/26,⬇️,⏳,,0.2003,0.2003,2481.14,2483.89,2480.69,2483.73,3.199999999999818,D72_maj_K2
ETH/USDT,5m,9/5/26 21:45,9/5/26 21:50,9/5/26,⬇️,⏳,,0.1813,0.1813,2483.72,2493.57,2482.85,2491.19,10.720000000000255,D72_maj_K2
ETH/USDT,5m,9/5/26 21:50,9/5/26 21:55,9/5/26,⬇️,⏳,,0.0976,0.0976,2491.19,2491.19,2488.5,2490.41,2.6900000000000546,D72_maj_K1
ETH/USDT,5m,9/6/26 1:10,9/6/26 1:15,9/6/26,⬇️,⏳,,0.1039,0.1039,2494.11,2497.9,2492.6,2495.14,5.300000000000182,D72_maj_K1
ETH/USDT,5m,9/6/26 3:40,9/6/26 3:45,9/6/26,⬇️,⏳,,0.2397,0.2397,2503.38,2510.0,2503.37,2509.58,6.630000000000109,D72_maj_K2
ETH/USDT,5m,9/6/26 4:25,9/6/26 4:30,9/6/26,⬆️,⏳,,0.298,0.298,2505.74,2505.74,2498.49,2501.27,7.25,D72_maj_K61
ETH/USDT,5m,9/6/26 7:15,9/6/26 7:20,9/6/26,⬆️,⏳,,0.6769,0.6769,2503.83,2504.75,2482.6,2489.67,22.15000000000009,D72_maj_K1
ETH/USDT,5m,9/6/26 13:25,9/6/26 13:30,9/6/26,⬆️,⏳,,0.184,0.184,2494.05,2494.29,2492.33,2492.33,1.9600000000000364,D72_maj_K2
ETH/USDT,5m,9/6/26 13:30,9/6/26 13:35,9/6/26,⬆️,⏳,,0.2379,0.2379,2492.34,2494.05,2491.43,2491.59,2.6200000000003456,D72_maj_K4
ETH/USDT,5m,9/6/26 13:35,9/6/26 13:40,9/6/26,⬆️,⏳,,0.425,0.425,2491.59,2492.28,2486.76,2488.0,5.519999999999982,D72_maj_K64
ETH/USDT,5m,9/6/26 16:05,9/6/26 16:10,9/6/26,⬆️,⏳,,0.2871,0.2871,2479.78,2480.14,2476.05,2476.05,4.089999999999691,D72_maj_K2
ETH/USDT,5m,9/6/26 20:10,9/6/26 20:15,9/6/26,⬆️,⏳,,0.1908,0.1908,2489.76,2490.63,2488.55,2488.75,2.0799999999999272,D72_maj_K1
ETH/USDT,5m,9/6/26 20:50,9/6/26 20:55,9/6/26,⬇️,⏳,,0.098,0.098,2496.95,2499.47,2496.95,2499.18,2.519999999999982,D72_maj_K1
ETH/USDT,5m,9/6/26 21:05,9/6/26 21:10,9/6/26,⬇️,⏳,,0.1261,0.1261,2499.43,2504.34,2499.36,2504.34,4.980000000000018,D72_maj_K2
ETH/USDT,5m,9/6/26 21:10,9/6/26 21:15,9/6/26,⬇️,⏳,,0.1919,0.1919,2504.33,2512.0,2503.11,2511.86,8.889999999999873,D72_maj_K4
ETH/USDT,5m,9/6/26 21:15,9/6/26 21:20,9/6/26,⬇️,⏳,,0.1587,0.1587,2511.86,2513.46,2507.83,2510.98,5.630000000000109,D72_maj_K2
ETH/USDT,5m,9/6/26 21:20,9/6/26 21:25,9/6/26,⬇️,⏳,,0.1306,0.1306,2510.97,2515.69,2509.36,2513.74,6.329999999999927,D72_maj_K2
ETH/USDT,5m,9/7/26 2:30,9/7/26 2:35,9/7/26,⬇️,⏳,,0.1337,0.1337,2505.99,2511.66,2505.55,2510.86,6.109999999999673,D72_maj_K2
ETH/USDT,5m,9/7/26 7:30,9/7/26 7:35,9/7/26,⬆️,⏳,,0.4071,0.4071,2493.22,2496.51,2486.16,2488.74,10.350000000000364,D72_maj_K1
ETH/USDT,5m,9/7/26 13:35,9/7/26 13:40,9/7/26,⬆️,⏳,,0.5124,0.5124,2508.6,2508.74,2498.64,2499.87,10.099999999999909,D72_maj_K64
ETH/USDT,5m,9/7/26 20:10,9/7/26 20:15,9/7/26,⬆️,⏳,,0.3216,0.3216,2494.06,2494.06,2489.26,2491.25,4.799999999999727,D72_maj_K15
ETH/USDT,5m,9/7/26 20:15,9/7/26 20:20,9/7/26,⬆️,⏳,,0.3071,0.3071,2491.25,2491.31,2488.51,2489.25,2.799999999999727,D72_maj_K60
ETH/USDT,5m,9/7/26 22:40,9/7/26 22:45,9/7/26,⬆️,⏳,,0.3848,0.3848,2483.23,2483.77,2477.58,2477.79,6.190000000000055,D72_maj_K15
ETH/USDT,5m,9/7/26 23:45,9/7/26 23:50,9/7/26,⬇️,⏳,,0.1749,0.1749,2486.3,2490.81,2486.29,2490.8,4.519999999999982,D72_maj_K62
ETH/USDT,5m,9/7/26 23:50,9/7/26 23:55,9/7/26,⬇️,⏳,,0.0984,0.0984,2490.8,2493.91,2490.6,2493.27,3.3099999999999454,D72_maj_K2
ETH/USDT,5m,9/8/26 10:45,9/8/26 10:50,9/8/26,⬆️,⏳,,0.3044,0.3044,2485.26,2485.7,2483.1,2484.3,2.599999999999909,D72_maj_K62
ETH/USDT,5m,9/8/26 10:55,9/8/26 11:00,9/8/26,⬆️,⏳,,0.2364,0.2364,2484.72,2485.59,2483.14,2484.04,2.450000000000273,D72_maj_K1
ETH/USDT,5m,9/9/26 3:05,9/9/26 3:10,9/9/26,⬆️,⏳,,0.3233,0.3233,2493.73,2493.74,2491.23,2491.63,2.5099999999997635,D72_maj_K1
ETH/USDT,5m,9/9/26 3:15,9/9/26 3:20,9/9/26,⬆️,⏳,,0.3676,0.3676,2490.51,2490.98,2487.25,2487.67,3.730000000000018,D72_maj_K3
ETH/USDT,5m,9/9/26 4:05,9/9/26 4:10,9/9/26,⬇️,⏳,,0.3642,0.3642,2488.91,2503.0,2488.91,2502.95,14.090000000000146,D72_maj_K70
ETH/USDT,5m,9/9/26 13:35,9/9/26 13:40,9/9/26,⬇️,⏳,,0.1464,0.1464,2514.88,2521.48,2511.35,2519.99,10.13000000000011,D72_maj_K1
ETH/USDT,5m,9/9/26 18:55,9/9/26 19:00,9/9/26,⬆️,⏳,,0.3141,0.3141,2488.55,2488.75,2482.28,2482.29,6.4699999999998,D72_maj_K2
ETH/USDT,5m,9/9/26 20:05,9/9/26 20:10,9/9/26,⬆️,⏳,,0.1662,0.1662,2465.49,2469.09,2464.75,2465.74,4.3400000000001455,D72_maj_K2
ETH/USDT,5m,9/9/26 23:35,9/9/26 23:40,9/9/26,⬇️,⏳,,0.3867,0.3867,2462.5,2466.8,2462.39,2466.8,4.410000000000309,D72_maj_K72
ETH/USDT,5m,9/10/26 3:05,9/10/26 3:10,9/10/26,⬇️,⏳,,0.2594,0.2594,2474.86,2478.72,2474.86,2478.34,3.8599999999996726,D72_maj_K4
ETH/USDT,5m,9/10/26 3:50,9/10/26 3:55,9/10/26,⬇️,⏳,,0.2161,0.2161,2476.39,2479.14,2476.24,2479.03,2.900000000000091,D72_maj_K2
ETH/USDT,5m,9/10/26 7:25,9/10/26 7:30,9/10/26,⬆️,⏳,,0.4292,0.4292,2474.24,2474.24,2468.35,2468.51,5.889999999999873,D72_maj_K1
ETH/USDT,5m,9/10/26 7:35,9/10/26 7:40,9/10/26,⬆️,⏳,,0.3914,0.3914,2468.06,2468.52,2464.11,2464.8,4.4099999999998545,D72_maj_K1
ETH/USDT,5m,9/10/26 7:40,9/10/26 7:45,9/10/26,⬆️,⏳,,0.2534,0.2534,2464.8,2466.63,2464.47,2464.75,2.1600000000003092,D72_maj_K1
ETH/USDT,5m,9/10/26 20:10,9/10/26 20:15,9/10/26,⬇️,⏳,,0.17,0.17,2462.75,2466.39,2462.09,2466.2,4.299999999999727,D72_maj_K1
ETH/USDT,5m,9/10/26 20:15,9/10/26 20:20,9/10/26,⬇️,⏳,,0.1849,0.1849,2466.21,2468.39,2465.18,2468.39,3.2100000000000364,D72_maj_K2
ETH/USDT,5m,9/10/26 20:30,9/10/26 20:35,9/10/26,⬇️,⏳,,0.2283,0.2283,2465.59,2467.27,2465.01,2466.39,2.2599999999997635,D72_maj_K1
ETH/USDT,5m,9/10/26 20:45,9/10/26 20:50,9/10/26,⬇️,⏳,,0.315,0.315,2464.2,2465.76,2463.16,2464.69,2.600000000000364,D72_maj_K1
ETH/USDT,5m,9/10/26 22:30,9/10/26 22:35,9/10/26,⬆️,⏳,,0.1987,0.1987,2457.74,2457.74,2453.5,2453.68,4.239999999999782,D72_maj_K1
ETH/USDT,5m,9/10/26 22:35,9/10/26 22:40,9/10/26,⬆️,⏳,,0.2522,0.2522,2453.68,2455.64,2450.25,2450.65,5.389999999999873,D72_maj_K6
ETH/USDT,5m,9/10/26 22:40,9/10/26 22:45,9/10/26,⬆️,⏳,,0.1361,0.1361,2450.66,2451.09,2447.31,2448.59,3.7800000000002,D72_maj_K1
ETH/USDT,5m,9/10/26 22:45,9/10/26 22:50,9/10/26,⬆️,⏳,,0.2588,0.2588,2448.58,2448.59,2445.07,2447.0,3.519999999999982,D72_maj_K6
ETH/USDT,5m,9/10/26 23:00,9/10/26 23:05,9/10/26,⬆️,⏳,,0.1867,0.1867,2447.82,2447.83,2443.81,2445.08,4.019999999999982,D72_maj_K1
ETH/USDT,5m,9/10/26 23:05,9/10/26 23:10,9/10/26,⬆️,⏳,,0.205,0.205,2445.08,2448.41,2442.55,2444.24,5.859999999999673,D72_maj_K1
ETH/USDT,5m,9/11/26 2:20,9/11/26 2:25,9/11/26,⬆️,⏳,,0.2936,0.2936,2454.34,2454.35,2449.88,2450.09,4.4699999999998,D72_maj_K1
ETH/USDT,5m,9/11/26 2:25,9/11/26 2:30,9/11/26,⬆️,⏳,,0.2488,0.2488,2450.07,2451.34,2448.47,2448.47,2.8700000000003456,D72_maj_K1
ETH/USDT,5m,9/11/26 2:30,9/11/26 2:35,9/11/26,⬆️,⏳,,0.2411,0.2411,2448.47,2448.48,2445.72,2447.07,2.7600000000002183,D72_maj_K2
ETH/USDT,5m,9/11/26 2:35,9/11/26 2:40,9/11/26,⬆️,⏳,,0.2927,0.2927,2447.07,2447.58,2445.64,2446.38,1.9400000000000546,D72_maj_K1
ETH/USDT,5m,9/11/26 3:05,9/11/26 3:10,9/11/26,⬆️,⏳,,0.3023,0.3023,2446.91,2447.53,2445.03,2445.03,2.5,D72_maj_K8
ETH/USDT,5m,9/11/26 4:30,9/11/26 4:35,9/11/26,⬇️,⏳,,0.1497,0.1497,2456.63,2462.35,2456.63,2461.99,5.7199999999998,D72_maj_K4
ETH/USDT,5m,9/11/26 10:05,9/11/26 10:10,9/11/26,⬇️,⏳,,0.1539,0.1539,2469.52,2475.27,2465.61,2474.64,9.659999999999854,D72_maj_K62
ETH/USDT,5m,9/12/26 17:25,9/12/26 17:30,9/12/26,⬆️,⏳,,0.4018,0.4018,2530.85,2530.85,2527.5,2528.05,3.349999999999909,D72_maj_K5
ETH/USDT,5m,9/12/26 17:30,9/12/26 17:35,9/12/26,⬆️,⏳,,0.1427,0.1427,2528.05,2528.66,2527.5,2527.82,1.1599999999998545,D72_maj_K1
ETH/USDT,5m,9/12/26 17:40,9/12/26 17:45,9/12/26,⬆️,⏳,,0.2575,0.2575,2527.0,2527.46,2525.0,2525.05,2.4600000000000364,D72_maj_K5
ETH/USDT,5m,9/12/26 17:50,9/12/26 17:55,9/12/26,⬆️,⏳,,0.2441,0.2441,2526.99,2526.99,2525.78,2525.79,1.2099999999995816,D72_maj_K1
ETH/USDT,5m,9/13/26 4:40,9/13/26 4:45,9/13/26,⬆️,⏳,,0.3102,0.3102,2522.47,2522.48,2519.2,2519.25,3.2800000000002,D72_maj_K70
ETH/USDT,5m,9/13/26 6:50,9/13/26 6:55,9/13/26,⬆️,⏳,,0.4076,0.4076,2519.83,2519.83,2515.0,2516.75,4.829999999999927,D72_maj_K1
ETH/USDT,5m,9/13/26 6:55,9/13/26 7:00,9/13/26,⬆️,⏳,,0.4756,0.4756,2516.74,2516.75,2511.31,2511.63,5.440000000000055,D72_maj_K1
ETH/USDT,5m,9/13/26 13:20,9/13/26 13:25,9/13/26,⬆️,⏳,,0.3467,0.3467,2477.5,2477.5,2472.65,2472.66,4.849999999999909,D72_maj_K25
ETH/USDT,5m,9/13/26 13:25,9/13/26 13:30,9/13/26,⬆️,⏳,,0.3345,0.3345,2472.66,2473.34,2466.97,2470.36,6.370000000000346,D72_maj_K64
ETH/USDT,5m,9/13/26 13:30,9/13/26 13:35,9/13/26,⬆️,⏳,,0.4189,0.4189,2470.36,2470.37,2462.02,2467.14,8.349999999999909,D72_maj_K64
ETH/USDT,5m,9/13/26 15:05,9/13/26 15:10,9/13/26,⬆️,⏳,,0.3681,0.3681,2492.76,2492.8,2487.1,2487.43,5.700000000000273,D72_maj_K63
ETH/USDT,5m,9/13/26 15:20,9/13/26 15:25,9/13/26,⬆️,⏳,,0.3664,0.3664,2488.13,2488.13,2482.86,2485.0,5.269999999999982,D72_maj_K25
ETH/USDT,5m,9/13/26 16:40,9/13/26 16:45,9/13/26,⬇️,⏳,,0.0802,0.0802,2500.91,2503.0,2500.6,2502.6,2.400000000000091,D72_maj_K1
ETH/USDT,5m,9/13/26 16:45,9/13/26 16:50,9/13/26,⬇️,⏳,,0.133,0.133,2502.59,2505.26,2502.59,2504.12,2.6700000000000728,D72_maj_K1
ETH/USDT,5m,9/13/26 20:35,9/13/26 20:40,9/13/26,⬇️,⏳,,0.173,0.173,2510.02,2512.0,2510.02,2511.88,1.9800000000000182,D72_maj_K2
ETH/USDT,5m,9/13/26 20:45,9/13/26 20:50,9/13/26,⬇️,⏳,,0.1938,0.1938,2509.38,2511.71,2509.21,2511.71,2.5,D72_maj_K54
ETH/USDT,5m,9/13/26 20:50,9/13/26 20:55,9/13/26,⬇️,⏳,,0.1223,0.1223,2511.7,2515.2,2511.7,2513.47,3.5,D72_maj_K2
ETH/USDT,5m,9/13/26 20:55,9/13/26 21:00,9/13/26,⬇️,⏳,,0.1308,0.1308,2513.48,2514.27,2513.47,2514.27,0.8000000000001819,D72_maj_K2
ETH/USDT,5m,9/13/26 21:15,9/13/26 21:20,9/13/26,⬇️,⏳,,0.113,0.113,2513.9,2515.68,2513.9,2514.58,1.7799999999997453,D72_maj_K1
ETH/USDT,5m,9/13/26 22:05,9/13/26 22:10,9/13/26,⬆️,⏳,,0.6401,0.6401,2508.95,2508.95,2493.37,2496.18,15.579999999999927,D72_maj_K15
ETH/USDT,5m,9/13/26 22:10,9/13/26 22:15,9/13/26,⬆️,⏳,,0.543,0.543,2496.18,2497.82,2484.54,2491.11,13.2800000000002,D72_maj_K6
ETH/USDT,5m,9/13/26 22:15,9/13/26 22:20,9/13/26,⬆️,⏳,,0.4074,0.4074,2491.15,2493.59,2487.93,2488.18,5.660000000000309,D72_maj_K6
ETH/USDT,5m,9/14/26 6:15,9/14/26 6:20,9/14/26,⬇️,⏳,,0.2327,0.2327,2522.99,2527.06,2522.13,2522.94,4.929999999999836,D72_maj_K2
ETH/USDT,5m,9/14/26 23:45,9/14/26 23:50,9/14/26,⬆️,⏳,,0.1894,0.1894,2518.77,2521.45,2518.76,2519.71,2.6899999999996,D72_maj_K1
ETH/USDT,5m,9/14/26 23:50,9/14/26 23:55,9/14/26,⬆️,⏳,,0.1851,0.1851,2519.71,2519.71,2516.28,2516.88,3.4299999999998363,D72_maj_K1
ETH/USDT,5m,9/14/26 23:55,9/15/26 0:00,9/14/26,⬆️,⏳,,0.1761,0.1761,2516.88,2517.84,2513.45,2517.44,4.390000000000327,D72_maj_K1
ETH/USDT,5m,9/15/26 3:05,9/15/26 3:10,9/15/26,⬆️,⏳,,0.4199,0.4199,2512.58,2512.58,2503.3,2505.28,9.279999999999745,D72_maj_K5
ETH/USDT,5m,9/15/26 3:10,9/15/26 3:15,9/15/26,⬆️,⏳,,0.4267,0.4267,2505.28,2506.3,2501.2,2501.57,5.100000000000364,D72_maj_K5
ETH/USDT,5m,9/15/26 3:15,9/15/26 3:20,9/15/26,⬆️,⏳,,0.389,0.389,2501.57,2502.51,2496.0,2498.66,6.510000000000218,D72_maj_K3
ETH/USDT,5m,9/15/26 4:25,9/15/26 4:30,9/15/26,⬆️,⏳,,0.5338,0.5338,2499.72,2500.32,2495.52,2495.53,4.800000000000182,D72_maj_K5
ETH/USDT,5m,9/15/26 6:35,9/15/26 6:40,9/15/26,⬆️,⏳,,0.3367,0.3367,2489.04,2490.61,2487.99,2488.77,2.6200000000003456,D72_maj_K1
ETH/USDT,5m,9/15/26 6:55,9/15/26 7:00,9/15/26,⬆️,⏳,,0.4611,0.4611,2486.88,2487.41,2482.06,2482.86,5.349999999999909,D72_maj_K4
ETH/USDT,5m,9/15/26 7:10,9/15/26 7:15,9/15/26,⬆️,⏳,,0.3233,0.3233,2485.83,2486.02,2480.38,2482.86,5.639999999999873,D72_maj_K1
ETH/USDT,5m,9/15/26 7:35,9/15/26 7:40,9/15/26,⬆️,⏳,,0.4204,0.4204,2483.79,2483.79,2477.57,2477.57,6.2199999999998,D72_maj_K1
ETH/USDT,5m,9/15/26 10:00,9/15/26 10:05,9/15/26,⬆️,⏳,,0.3488,0.3488,2480.5,2480.5,2473.67,2474.33,6.829999999999927,D72_maj_K57
ETH/USDT,5m,9/15/26 10:30,9/15/26 10:35,9/15/26,⬆️,⏳,,0.2351,0.2351,2477.3,2477.37,2474.27,2474.44,3.099999999999909,D72_maj_K1
ETH/USDT,5m,9/16/26 6:35,9/16/26 6:40,9/16/26,⬆️,⏳,,0.2933,0.2933,2401.44,2401.44,2398.95,2398.95,2.4900000000002365,D72_maj_K1
ETH/USDT,5m,9/16/26 6:40,9/16/26 6:45,9/16/26,⬆️,⏳,,0.3666,0.3666,2398.95,2399.1,2393.78,2396.19,5.319999999999709,D72_maj_K4
ETH/USDT,5m,9/16/26 10:15,9/16/26 10:20,9/16/26,⬆️,⏳,,0.2718,0.2718,2403.78,2404.57,2398.53,2399.9,6.039999999999964,D72_maj_K1
ETH/USDT,5m,9/16/26 23:15,9/16/26 23:20,9/16/26,⬇️,⏳,,0.2571,0.2571,2397.58,2398.82,2397.18,2398.81,1.6400000000003274,D72_maj_K1
ETH/USDT,5m,9/17/26 4:40,9/17/26 4:45,9/17/26,⬇️,⏳,,0.2793,0.2793,2427.5,2436.0,2427.5,2435.15,8.5,D72_maj_K70
ETH/USDT,5m,9/17/26 4:50,9/17/26 4:55,9/17/26,⬇️,⏳,,0.3284,0.3284,2435.66,2441.22,2434.84,2440.99,6.379999999999654,D72_maj_K70
ETH/USDT,5m,9/17/26 6:10,9/17/26 6:15,9/17/26,⬇️,⏳,,0.1908,0.1908,2439.57,2442.9,2438.97,2442.77,3.930000000000291,D72_maj_K2
ETH/USDT,5m,9/17/26 6:30,9/17/26 6:35,9/17/26,⬇️,⏳,,0.2567,0.2567,2436.04,2440.93,2435.92,2440.93,5.0099999999997635,D72_maj_K1
ETH/USDT,5m,9/17/26 20:25,9/17/26 20:30,9/17/26,⬇️,⏳,,0.2419,0.2419,2453.4,2458.62,2453.4,2458.4,5.2199999999998,D72_maj_K15
ETH/USDT,5m,9/17/26 22:10,9/17/26 22:15,9/17/26,⬆️,⏳,,0.1808,0.1808,2446.57,2448.66,2442.57,2444.48,6.089999999999691,D72_maj_K1
ETH/USDT,5m,9/17/26 22:20,9/17/26 22:25,9/17/26,⬆️,⏳,,0.4302,0.4302,2443.76,2443.83,2439.24,2440.9,4.5900000000001455,D72_maj_K15
ETH/USDT,5m,9/17/26 22:25,9/17/26 22:30,9/17/26,⬆️,⏳,,0.2666,0.2666,2440.89,2442.06,2438.26,2439.9,3.799999999999727,D72_maj_K1
ETH/USDT,5m,9/18/26 2:35,9/18/26 2:40,9/18/26,⬇️,⏳,,0.1571,0.1571,2461.0,2466.22,2461.0,2465.95,5.2199999999998,D72_maj_K26
ETH/USDT,5m,9/19/26 2:50,9/19/26 2:55,9/19/26,⬇️,⏳,,0.2829,0.2829,2620.0,2621.55,2618.45,2621.31,3.100000000000364,D72_maj_K4
ETH/USDT,5m,9/19/26 3:05,9/19/26 3:10,9/19/26,⬇️,⏳,,0.3775,0.3775,2623.31,2632.3,2622.02,2631.57,10.2800000000002,D72_maj_K6
ETH/USDT,5m,9/19/26 13:05,9/19/26 13:10,9/19/26,⬇️,⏳,,0.0917,0.0917,2641.91,2643.5,2639.84,2642.98,3.6599999999998545,D72_maj_K2
ETH/USDT,5m,9/19/26 21:15,9/19/26 21:20,9/19/26,⬆️,⏳,,0.4901,0.4901,2632.01,2632.01,2624.08,2624.68,7.930000000000291,D72_maj_K68
ETH/USDT,5m,9/19/26 21:20,9/19/26 21:25,9/19/26,⬆️,⏳,,0.1823,0.1823,2624.69,2627.39,2622.73,2623.81,4.6599999999998545,D72_maj_K2
ETH/USDT,5m,9/19/26 23:15,9/19/26 23:20,9/19/26,⬇️,⏳,,0.1758,0.1758,2631.5,2636.36,2631.39,2636.35,4.970000000000255,D72_maj_K1
ETH/USDT,5m,9/20/26 1:15,9/20/26 1:20,9/20/26,⬆️,⏳,,0.2486,0.2486,2623.79,2623.79,2620.18,2620.85,3.6100000000001273,D72_maj_K1
ETH/USDT,5m,9/20/26 1:40,9/20/26 1:45,9/20/26,⬆️,⏳,,0.3349,0.3349,2618.53,2619.16,2613.04,2619.15,6.119999999999891,D72_maj_K50
ETH/USDT,5m,9/20/26 2:25,9/20/26 2:30,9/20/26,⬆️,⏳,,0.1733,0.1733,2619.27,2620.0,2615.45,2615.46,4.550000000000182,D72_maj_K1
ETH/USDT,5m,9/20/26 2:30,9/20/26 2:35,9/20/26,⬆️,⏳,,0.3173,0.3173,2615.45,2615.46,2613.39,2614.03,2.0700000000001637,D72_maj_K29
ETH/USDT,5m,9/20/26 2:35,9/20/26 2:40,9/20/26,⬆️,⏳,,0.4477,0.4477,2614.03,2615.28,2609.74,2609.75,5.540000000000418,D72_maj_K29
ETH/USDT,5m,9/20/26 2:40,9/20/26 2:45,9/20/26,⬆️,⏳,,0.4397,0.4397,2609.75,2610.82,2606.71,2606.72,4.110000000000127,D72_maj_K29
ETH/USDT,5m,9/20/26 10:10,9/20/26 10:15,9/20/26,⬆️,⏳,,0.3919,0.3919,2580.12,2580.12,2572.08,2574.68,8.039999999999964,D72_maj_K62
ETH/USDT,5m,9/20/26 13:35,9/20/26 13:40,9/20/26,⬆️,⏳,,0.3162,0.3162,2580.7,2582.06,2577.1,2577.13,4.960000000000036,D72_maj_K19
ETH/USDT,5m,9/20/26 20:05,9/20/26 20:10,9/20/26,⬇️,⏳,,0.2257,0.2257,2633.35,2636.28,2632.89,2636.28,3.3900000000003274,D72_maj_K2
ETH/USDT,5m,9/20/26 20:25,9/20/26 20:30,9/20/26,⬇️,⏳,,0.1178,0.1178,2631.67,2634.47,2630.64,2633.06,3.8299999999999272,D72_maj_K1
ETH/USDT,5m,9/20/26 20:30,9/20/26 20:35,9/20/26,⬇️,⏳,,0.2284,0.2284,2633.07,2638.47,2631.3,2636.75,7.169999999999618,D72_maj_K2
ETH/USDT,5m,9/20/26 20:40,9/20/26 20:45,9/20/26,⬇️,⏳,,0.1047,0.1047,2634.66,2636.48,2630.8,2635.56,5.679999999999836,D72_maj_K2
ETH/USDT,5m,9/20/26 20:45,9/20/26 20:50,9/20/26,⬇️,⏳,,0.1603,0.1603,2635.56,2637.25,2633.75,2636.61,3.5,D72_maj_K1
ETH/USDT,5m,9/21/26 4:45,9/21/26 4:50,9/21/26,⬇️,⏳,,0.3057,0.3057,2661.21,2665.27,2660.92,2665.15,4.349999999999909,D72_maj_K68
ETH/USDT,5m,9/21/26 4:50,9/21/26 4:55,9/21/26,⬇️,⏳,,0.2666,0.2666,2665.15,2669.65,2664.5,2669.15,5.150000000000091,D72_maj_K70
ETH/USDT,5m,9/22/26 13:00,9/22/26 13:05,9/22/26,⬇️,⏳,,0.1555,0.1555,2752.06,2756.79,2751.72,2756.61,5.070000000000164,D72_maj_K17
ETH/USDT,5m,9/22/26 22:10,9/22/26 22:15,9/22/26,⬆️,⏳,,0.3895,0.3895,2742.99,2746.83,2739.72,2739.73,7.110000000000127,D72_maj_K15
ETH/USDT,5m,9/23/26 7:10,9/23/26 7:15,9/23/26,⬆️,⏳,,0.3898,0.3898,2752.36,2752.44,2746.63,2746.81,5.809999999999945,D72_maj_K1
ETH/USDT,5m,9/23/26 7:35,9/23/26 7:40,9/23/26,⬆️,⏳,,0.391,0.391,2751.79,2751.93,2744.5,2744.51,7.429999999999836,D72_maj_K1
ETH/USDT,5m,9/23/26 10:25,9/23/26 10:30,9/23/26,⬆️,⏳,,0.4341,0.4341,2732.13,2732.52,2726.0,2727.3,6.519999999999982,D72_maj_K62
ETH/USDT,5m,9/23/26 22:10,9/23/26 22:15,9/23/26,⬇️,⏳,,0.4536,0.4536,2677.28,2698.99,2676.83,2694.56,22.159999999999854,D72_maj_K4
ETH/USDT,5m,9/23/26 22:20,9/23/26 22:25,9/23/26,⬇️,⏳,,0.3904,0.3904,2690.1,2693.47,2688.4,2692.9,5.069999999999709,D72_maj_K6
ETH/USDT,5m,9/24/26 1:35,9/24/26 1:40,9/24/26,⬇️,⏳,,0.3051,0.3051,2682.45,2688.74,2681.29,2688.74,7.449999999999818,D72_maj_K2
ETH/USDT,5m,9/24/26 21:35,9/24/26 21:40,9/24/26,⬇️,⏳,,0.3282,0.3282,2689.07,2692.36,2689.07,2691.95,3.2899999999999636,D72_maj_K4
ETH/USDT,5m,9/24/26 22:20,9/24/26 22:25,9/24/26,⬆️,⏳,,0.3361,0.3361,2685.79,2686.48,2676.03,2677.81,10.449999999999818,D72_maj_K5
ETH/USDT,5m,9/24/26 23:30,9/24/26 23:35,9/24/26,⬇️,⏳,,0.1653,0.1653,2690.74,2693.18,2690.6,2692.89,2.5799999999999272,D72_maj_K1
ETH/USDT,5m,9/25/26 1:05,9/25/26 1:10,9/25/26,⬇️,⏳,,0.2793,0.2793,2690.78,2697.39,2689.53,2696.43,7.859999999999673,D72_maj_K1
ETH/USDT,5m,9/25/26 1:35,9/25/26 1:40,9/25/26,⬆️,⏳,,0.2283,0.2283,2689.28,2689.29,2683.1,2684.21,6.190000000000055,D72_maj_K5
ETH/USDT,5m,9/25/26 2:05,9/25/26 2:10,9/25/26,⬇️,⏳,,0.3082,0.3082,2689.58,2698.0,2689.23,2697.73,8.769999999999982,D72_maj_K1
ETH/USDT,5m,9/25/26 4:15,9/25/26 4:20,9/25/26,⬆️,⏳,,0.2947,0.2947,2679.01,2679.37,2673.0,2673.01,6.369999999999891,D72_maj_K38
ETH/USDT,5m,9/25/26 6:10,9/25/26 6:15,9/25/26,⬆️,⏳,,0.3369,0.3369,2679.53,2680.34,2675.62,2675.62,4.720000000000255,D72_maj_K1
ETH/USDT,5m,9/25/26 7:35,9/25/26 7:40,9/25/26,⬆️,⏳,,0.4918,0.4918,2679.64,2680.8,2671.43,2671.49,9.370000000000346,D72_maj_K1
ETH/USDT,5m,9/25/26 7:40,9/25/26 7:45,9/25/26,⬆️,⏳,,0.3533,0.3533,2671.49,2672.21,2667.86,2668.13,4.349999999999909,D72_maj_K1
ETH/USDT,5m,9/25/26 21:00,9/25/26 21:05,9/25/26,⬆️,⏳,,0.1386,0.1386,2686.54,2686.54,2683.89,2684.74,2.650000000000091,D72_maj_K1
ETH/USDT,5m,9/25/26 21:05,9/25/26 21:10,9/25/26,⬆️,⏳,,0.1853,0.1853,2684.74,2685.6,2681.86,2683.14,3.7399999999997817,D72_maj_K2
ETH/USDT,5m,9/25/26 21:10,9/25/26 21:15,9/25/26,⬆️,⏳,,0.2531,0.2531,2683.13,2683.51,2677.16,2679.26,6.350000000000364,D72_maj_K4
ETH/USDT,5m,9/25/26 22:35,9/25/26 22:40,9/25/26,⬇️,⏳,,0.2462,0.2462,2688.29,2693.0,2688.29,2692.81,4.710000000000036,D72_maj_K15
ETH/USDT,5m,9/25/26 23:15,9/25/26 23:20,9/25/26,⬇️,⏳,,0.1949,0.1949,2693.57,2694.51,2693.57,2693.88,0.9400000000000546,D72_maj_K1
ETH/USDT,5m,9/26/26 20:10,9/26/26 20:15,9/26/26,⬆️,⏳,,0.2708,0.2708,2684.2,2685.47,2681.59,2681.91,3.8799999999996544,D72_maj_K15
ETH/USDT,5m,9/26/26 20:40,9/26/26 20:45,9/26/26,⬆️,⏳,,0.6448,0.6448,2684.54,2684.55,2675.0,2675.0,9.550000000000182,D72_maj_K62
ETH/USDT,5m,9/26/26 20:45,9/26/26 20:50,9/26/26,⬆️,⏳,,0.487,0.487,2675.01,2676.23,2667.79,2671.69,8.440000000000055,D72_maj_K6
ETH/USDT,5m,9/26/26 20:50,9/26/26 20:55,9/26/26,⬆️,⏳,,0.5821,0.5821,2671.7,2674.68,2664.79,2666.17,9.889999999999873,D72_maj_K6
ETH/USDT,5m,9/27/26 1:55,9/27/26 2:00,9/27/26,⬇️,⏳,,0.1516,0.1516,2695.81,2705.55,2695.81,2703.95,9.740000000000236,D72_maj_K1
ETH/USDT,5m,9/27/26 13:05,9/27/26 13:10,9/27/26,⬆️,⏳,,0.4486,0.4486,2707.35,2707.36,2698.96,2703.58,8.400000000000091,D72_maj_K1
ETH/USDT,5m,9/27/26 13:15,9/27/26 13:20,9/27/26,⬆️,⏳,,0.5206,0.5206,2704.44,2704.76,2698.21,2699.46,6.550000000000182,D72_maj_K64
ETH/USDT,5m,9/27/26 20:25,9/27/26 20:30,9/27/26,⬆️,⏳,,0.2786,0.2786,2695.24,2695.24,2689.39,2690.35,5.849999999999909,D72_maj_K15
ETH/USDT,5m,9/27/26 20:30,9/27/26 20:35,9/27/26,⬆️,⏳,,0.1714,0.1714,2690.36,2690.36,2688.13,2688.81,2.230000000000018,D72_maj_K1
ETH/USDT,5m,9/27/26 20:50,9/27/26 20:55,9/27/26,⬆️,⏳,,0.4093,0.4093,2691.67,2691.97,2687.13,2687.14,4.839999999999691,D72_maj_K6
ETH/USDT,5m,9/27/26 20:55,9/27/26 21:00,9/27/26,⬆️,⏳,,0.1985,0.1985,2687.14,2688.25,2685.74,2685.75,2.5100000000002183,D72_maj_K1
ETH/USDT,5m,9/27/26 21:00,9/27/26 21:05,9/27/26,⬆️,⏳,,0.1447,0.1447,2685.75,2686.69,2685.34,2686.13,1.349999999999909,D72_maj_K1
ETH/USDT,5m,9/27/26 21:40,9/27/26 21:45,9/27/26,⬆️,⏳,,0.4859,0.4859,2687.0,2687.01,2675.28,2681.22,11.730000000000018,D72_maj_K68
ETH/USDT,5m,9/27/26 22:05,9/27/26 22:10,9/27/26,⬆️,⏳,,0.4662,0.4662,2684.44,2686.46,2672.39,2677.46,14.070000000000164,D72_maj_K6
ETH/USDT,5m,9/27/26 22:10,9/27/26 22:15,9/27/26,⬆️,⏳,,0.3231,0.3231,2677.45,2681.12,2673.47,2676.1,7.650000000000091,D72_maj_K4
ETH/USDT,5m,9/28/26 7:25,9/28/26 7:30,9/28/26,⬆️,⏳,,0.411,0.411,2650.57,2651.09,2644.28,2644.29,6.809999999999945,D72_maj_K1
ETH/USDT,5m,9/28/26 21:05,9/28/26 21:10,9/28/26,⬇️,⏳,,0.3562,0.3562,2682.9,2689.74,2682.9,2689.3,6.839999999999691,D72_maj_K25
ETH/USDT,5m,9/28/26 22:40,9/28/26 22:45,9/28/26,⬇️,⏳,,0.5633,0.5633,2677.14,2684.83,2677.14,2683.96,7.690000000000055,D72_maj_K2
ETH/USDT,5m,9/28/26 22:50,9/28/26 22:55,9/28/26,⬇️,⏳,,0.2209,0.2209,2684.86,2686.0,2684.54,2685.67,1.4600000000000364,D72_maj_K1
ETH/USDT,5m,9/28/26 22:55,9/28/26 23:00,9/28/26,⬇️,⏳,,0.4538,0.4538,2685.67,2686.88,2685.36,2686.11,1.5199999999999818,D72_maj_K6
ETH/USDT,5m,9/28/26 23:05,9/28/26 23:10,9/28/26,⬇️,⏳,,0.3648,0.3648,2687.62,2694.41,2687.59,2693.14,6.819999999999709,D72_maj_K70
ETH/USDT,5m,9/28/26 23:25,9/28/26 23:30,9/28/26,⬇️,⏳,,0.3529,0.3529,2689.35,2689.72,2688.03,2689.71,1.6899999999995998,D72_maj_K1
ETH/USDT,5m,9/29/26 10:10,9/29/26 10:15,9/29/26,⬇️,⏳,,0.2603,0.2603,2716.8,2720.52,2716.34,2720.51,4.179999999999836,D72_maj_K1
ETH/USDT,5m,9/30/26 2:35,9/30/26 2:40,9/30/26,⬆️,⏳,,0.2248,0.2248,2668.95,2670.26,2667.41,2667.51,2.850000000000364,D72_maj_K1
ETH/USDT,5m,9/30/26 3:20,9/30/26 3:25,9/30/26,⬆️,⏳,,0.2817,0.2817,2673.32,2673.5,2668.0,2668.1,5.5,D72_maj_K2
ETH/USDT,5m,9/30/26 4:00,9/30/26 4:05,9/30/26,⬆️,⏳,,0.3392,0.3392,2672.0,2672.75,2669.99,2671.55,2.7600000000002183,D72_maj_K24
ETH/USDT,5m,9/30/26 6:10,9/30/26 6:15,9/30/26,⬆️,⏳,,0.3335,0.3335,2674.07,2675.26,2670.22,2670.23,5.040000000000418,D72_maj_K1
ETH/USDT,5m,9/30/26 6:15,9/30/26 6:20,9/30/26,⬆️,⏳,,0.528,0.528,2670.23,2671.37,2665.0,2665.69,6.369999999999891,D72_maj_K4
ETH/USDT,5m,9/30/26 6:25,9/30/26 6:30,9/30/26,⬆️,⏳,,0.4464,0.4464,2665.89,2667.74,2664.52,2664.52,3.2199999999998,D72_maj_K4
ETH/USDT,5m,9/30/26 6:40,9/30/26 6:45,9/30/26,⬆️,⏳,,0.3079,0.3079,2664.13,2664.87,2662.0,2662.0,2.869999999999891,D72_maj_K4
ETH/USDT,5m,9/30/26 6:50,9/30/26 6:55,9/30/26,⬆️,⏳,,0.4918,0.4918,2663.28,2663.29,2656.92,2659.02,6.369999999999891,D72_maj_K4
ETH/USDT,5m,9/30/26 17:25,9/30/26 17:30,9/30/26,⬆️,⏳,,0.1894,0.1894,2687.95,2688.23,2684.93,2685.5,3.300000000000182,D72_maj_K1
ETH/USDT,5m,10/1/26 1:25,10/1/26 1:30,10/1/26,⬇️,⏳,,0.1365,0.1365,2690.24,2692.29,2690.23,2692.29,2.0599999999999454,D72_maj_K1
ETH/USDT,5m,10/1/26 4:50,10/1/26 4:55,10/1/26,⬇️,⏳,,0.1625,0.1625,2699.08,2711.86,2699.01,2709.46,12.849999999999909,D72_maj_K62
ETH/USDT,5m,10/1/26 10:05,10/1/26 10:10,10/1/26,⬆️,⏳,,0.5693,0.5693,2691.18,2692.23,2680.21,2680.21,12.019999999999982,D72_maj_K62
ETH/USDT,5m,10/1/26 20:05,10/1/26 20:10,10/1/26,⬇️,⏳,,0.2848,0.2848,2700.7,2705.93,2700.52,2705.93,5.4099999999998545,D72_maj_K1
ETH/USDT,5m,10/1/26 22:15,10/1/26 22:20,10/1/26,⬇️,⏳,,0.3698,0.3698,2697.24,2702.09,2697.24,2700.09,4.850000000000364,D72_maj_K4
ETH/USDT,5m,10/1/26 22:25,10/1/26 22:30,10/1/26,⬇️,⏳,,0.375,0.375,2699.85,2701.54,2698.84,2700.6,2.699999999999818,D72_maj_K4
ETH/USDT,5m,10/1/26 22:55,10/1/26 23:00,10/1/26,⬇️,⏳,,0.2406,0.2406,2699.59,2703.79,2698.09,2703.47,5.699999999999818,D72_maj_K3
ETH/USDT,5m,10/1/26 23:20,10/1/26 23:25,10/1/26,⬇️,⏳,,0.2539,0.2539,2699.73,2702.0,2698.5,2701.99,3.5,D72_maj_K1
ETH/USDT,5m,10/1/26 23:35,10/1/26 23:40,10/1/26,⬇️,⏳,,0.2276,0.2276,2703.5,2706.3,2702.07,2706.02,4.230000000000018,D72_maj_K2
ETH/USDT,5m,10/1/26 23:40,10/1/26 23:45,10/1/26,⬇️,⏳,,0.1261,0.1261,2706.02,2707.22,2705.24,2707.03,1.9800000000000182,D72_maj_K2
ETH/USDT,5m,10/2/26 1:55,10/2/26 2:00,10/2/26,⬇️,⏳,,0.1719,0.1719,2703.35,2719.09,2703.19,2713.62,15.900000000000091,D72_maj_K14
ETH/USDT,5m,10/2/26 2:00,10/2/26 2:05,10/2/26,⬇️,⏳,,0.1543,0.1543,2713.63,2718.51,2712.94,2716.03,5.570000000000164,D72_maj_K1
ETH/USDT,5m,10/2/26 4:20,10/2/26 4:25,10/2/26,⬇️,⏳,,0.24,0.24,2714.78,2725.56,2714.77,2722.83,10.789999999999964,D72_maj_K70
ETH/USDT,5m,10/2/26 10:25,10/2/26 10:30,10/2/26,⬆️,⏳,,0.2477,0.2477,2743.86,2744.56,2736.25,2737.32,8.309999999999945,D72_maj_K7
ETH/USDT,5m,10/2/26 20:45,10/2/26 20:50,10/2/26,⬆️,⏳,,0.2812,0.2812,2668.01,2668.01,2661.89,2661.89,6.120000000000346,D72_maj_K1
ETH/USDT,5m,10/2/26 20:50,10/2/26 20:55,10/2/26,⬆️,⏳,,0.1558,0.1558,2661.89,2663.79,2660.0,2660.0,3.7899999999999636,D72_maj_K1
ETH/USDT,5m,10/2/26 21:00,10/2/26 21:05,10/2/26,⬆️,⏳,,0.3401,0.3401,2662.56,2663.24,2660.05,2661.74,3.1899999999996,D72_maj_K1
ETH/USDT,5m,10/2/26 21:30,10/2/26 21:35,10/2/26,⬆️,⏳,,0.2287,0.2287,2661.5,2661.5,2658.56,2659.28,2.9400000000000546,D72_maj_K1
ETH/USDT,5m,10/3/26 4:20,10/3/26 4:25,10/3/26,⬆️,⏳,,0.418,0.418,2680.76,2680.76,2674.88,2674.89,5.880000000000109,D72_maj_K24
ETH/USDT,5m,10/3/26 15:05,10/3/26 15:10,10/3/26,⬆️,⏳,,0.2935,0.2935,2683.56,2683.56,2679.99,2680.8,3.5700000000001637,D72_maj_K32
