symbol,timeframe,start_date,end_date,parent_date,forecast,result,is_correct,prob,confidence,open,high,low,close,range,_15,written_at
ETH/USDT,5m,9/11/26 07:25,9/11/26 07:30,9/11/26,⬇️,⏳,,0.6503,0.6503,0.53,0.0,0.0,0.0,0.0,C8FLOW,2026-09-11 07:25:01.632982+00:00
SOL/USDT,5m,9/11/26 07:25,9/11/26 07:30,9/11/26,⬇️,⏳,,0.8091,0.8091,0.78,0.0,0.0,0.0,0.0,C8FLOW,2026-09-11 07:25:01.632982+00:00
BNB/USDT,5m,9/11/26 08:05,9/11/26 08:10,9/11/26,⬇️,⏳,,0.6752,0.6752,0.63,0.0,0.0,0.0,0.0,C8FLOW,2026-09-11 08:05:01.174777+00:00
ETH/USDT,5m,9/11/26 08:10,9/11/26 08:15,9/11/26,⬇️,⏳,,0.6659,0.6659,0.63,0.0,0.0,0.0,0.0,C8FLOW,2026-09-11 08:10:01.426807+00:00
BNB/USDT,5m,9/11/26 08:10,9/11/26 08:15,9/11/26,⬇️,⏳,,0.6604,0.6604,0.63,0.0,0.0,0.0,0.0,C8FLOW,2026-09-11 08:10:01.426807+00:00
ETH/USDT,5m,9/11/26 10:10,9/11/26 10:15,9/11/26,⬇️,⏳,,0.7672,0.7672,0.7,0.0,0.0,0.0,0.0,C8FLOW,2026-09-11 10:10:00.997687+00:00
SOL/USDT,5m,9/11/26 10:10,9/11/26 10:15,9/11/26,⬇️,⏳,,0.785,0.785,0.75,0.0,0.0,0.0,0.0,C8FLOW,2026-09-11 10:10:00.997687+00:00
BNB/USDT,5m,9/11/26 10:10,9/11/26 10:15,9/11/26,⬇️,⏳,,0.7611,0.7611,0.66,0.0,0.0,0.0,0.0,C8FLOW,2026-09-11 10:10:00.997687+00:00
XRP/USDT,5m,9/11/26 10:10,9/11/26 10:15,9/11/26,⬇️,⏳,,0.8067,0.8067,0.68,0.0,0.0,0.0,0.0,C8FLOW,2026-09-11 10:10:00.997687+00:00
SOL/USDT,5m,9/11/26 10:15,9/11/26 10:20,9/11/26,⬆️,⏳,,0.6862,0.6862,0.63,0.0,0.0,0.0,0.0,C8FLOW,2026-09-11 10:15:00.980551+00:00
DOGE/USDT,5m,9/11/26 10:15,9/11/26 10:20,9/11/26,⬆️,⏳,,0.686,0.686,0.64,0.0,0.0,0.0,0.0,C8FLOW,2026-09-11 10:15:00.980551+00:00
BNB/USDT,5m,9/11/26 10:15,9/11/26 10:20,9/11/26,⬆️,⏳,,0.7038,0.7038,0.65,0.0,0.0,0.0,0.0,C8FLOW,2026-09-11 10:15:00.980551+00:00
BNB/USDT,5m,9/11/26 11:00,9/11/26 11:05,9/11/26,⬇️,⏳,,0.6838,0.6838,0.63,0.0,0.0,0.0,0.0,C8FLOW,2026-09-11 11:00:01.033637+00:00
BNB/USDT,5m,9/11/26 11:10,9/11/26 11:15,9/11/26,⬆️,⏳,,0.6784,0.6784,0.63,0.0,0.0,0.0,0.0,C8FLOW,2026-09-11 11:10:01.188336+00:00
ETH/USDT,5m,9/11/26 12:20,9/11/26 12:25,9/11/26,⬇️,⏳,,0.7857,0.7857,0.73,0.0,0.0,0.0,0.0,C8FLOW,2026-09-11 12:20:01.589603+00:00
ETH/USDT,5m,9/11/26 15:15,9/11/26 15:20,9/11/26,⬇️,⏳,,0.6871,0.6871,0.64,0.0,0.0,0.0,0.0,C8FLOW,2026-09-11 15:15:01.085943+00:00
ETH/USDT,5m,9/11/26 17:05,9/11/26 17:10,9/11/26,⬆️,⏳,,0.7319,0.7319,0.67,0.0,0.0,0.0,0.0,C8FLOW,2026-09-11 17:05:00.948629+00:00
ETH/USDT,5m,9/11/26 18:10,9/11/26 18:15,9/11/26,⬇️,⏳,,0.6846,0.6846,0.65,0.0,0.0,0.0,0.0,C8FLOW,2026-09-11 18:10:01.233004+00:00
ETH/USDT,5m,9/17/26 02:50,9/17/26 02:55,9/17/26,⬆️,⏳,,0.6896,0.6896,0.58,0.0,0.0,0.0,0.0,C8FLOW,4.73,2026-09-17 02:50:00.976229+00:00
XRP/USDT,5m,9/17/26 03:35,9/17/26 03:40,9/17/26,⬇️,⏳,,0.7464,0.7464,0.71,0.0,0.0,0.0,0.0,C8FLOW,5.17,2026-09-17 03:35:00.954135+00:00
SOL/USDT,5m,9/17/26 10:05,9/17/26 10:10,9/17/26,⬆️,⏳,,0.6651,0.6651,0.51,0.0,0.0,0.0,0.0,C8FLOW,7.66,2026-09-17 10:05:01.028188+00:00
BNB/USDT,5m,9/17/26 13:55,9/17/26 14:00,9/17/26,⬇️,⏳,,0.6785,0.6785,0.65,0.0,0.0,0.0,0.0,C8FLOW,4.52,2026-09-17 13:55:00.999741+00:00
SOL/USDT,5m,9/17/26 14:05,9/17/26 14:10,9/17/26,⬇️,⏳,,0.6916,0.6916,0.61,0.0,0.0,0.0,0.0,C8FLOW,7.92,2026-09-17 14:05:00.988475+00:00
SOL/USDT,5m,9/17/26 15:40,9/17/26 15:45,9/17/26,⬆️,⏳,,0.6735,0.6735,0.54,0.0,0.0,0.0,0.0,C8FLOW,6.31,2026-09-17 15:40:01.035401+00:00
ETH/USDT,5m,9/17/26 21:45,9/17/26 21:50,9/17/26,⬇️,⏳,,0.6703,0.6703,0.62,0.0,0.0,0.0,0.0,C8FLOW,5.96,2026-09-17 21:45:00.968861+00:00
DOGE/USDT,5m,9/17/26 23:35,9/17/26 23:40,9/17/26,⬇️,⏳,,0.7058,0.7058,0.64,0.0,0.0,0.0,0.0,C8FLOW,6.97,2026-09-17 23:35:00.939366+00:00
SOL/USDT,5m,9/17/26 23:35,9/17/26 23:40,9/17/26,⬇️,⏳,,0.707,0.707,0.68,0.0,0.0,0.0,0.0,C8FLOW,4.46,2026-09-17 23:35:00.939366+00:00
ETH/USDT,5m,9/17/26 23:35,9/17/26 23:40,9/17/26,⬇️,⏳,,0.7556,0.7556,0.65,0.0,0.0,0.0,0.0,C8FLOW,9.39,2026-09-17 23:35:00.939366+00:00
ETH/USDT,5m,9/17/26 23:55,9/18/26 00:00,9/17/26,⬆️,⏳,,0.686,0.686,0.62,0.0,0.0,0.0,0.0,C8FLOW,1.37,2026-09-17 23:55:00.963168+00:00
SOL/USDT,5m,9/18/26 03:25,9/18/26 03:30,9/18/26,⬇️,⏳,,0.7186,0.7186,0.56,0.0,0.0,0.0,0.0,C8FLOW,12.56,2026-09-18 03:25:00.976015+00:00
ETH/USDT,5m,9/18/26 05:10,9/18/26 05:15,9/18/26,⬇️,⏳,,0.7729,0.7729,0.71,0.0,0.0,0.0,0.0,C8FLOW,6.89,2026-09-18 05:10:00.963155+00:00
SOL/USDT,5m,9/18/26 05:10,9/18/26 05:15,9/18/26,⬇️,⏳,,0.774,0.774,0.74,0.0,0.0,0.0,0.0,C8FLOW,4.97,2026-09-18 05:10:00.963155+00:00
SOL/USDT,5m,9/18/26 15:05,9/18/26 15:10,9/18/26,⬇️,⏳,,0.654,0.654,0.59,0.0,0.0,0.0,0.0,C8FLOW,6.8,2026-09-18 15:05:01.112965+00:00
SOL/USDT,5m,9/18/26 15:45,9/18/26 15:50,9/18/26,⬇️,⏳,,0.6692,0.6692,0.49,0.0,0.0,0.0,0.0,C8FLOW,13.71,2026-09-18 15:45:01.051865+00:00
ETH/USDT,5m,9/18/26 16:25,9/18/26 16:30,9/18/26,⬆️,⏳,,0.6702,0.6702,0.59,0.0,0.0,0.0,0.0,C8FLOW,2.21,2026-09-18 16:25:01.112670+00:00
ETH/USDT,5m,9/18/26 17:25,9/18/26 17:30,9/18/26,⬆️,⏳,,0.7728,0.7728,0.7,0.0,0.0,0.0,0.0,C8FLOW,1.74,2026-09-18 17:25:01.049074+00:00
ETH/USDT,5m,9/18/26 19:55,9/18/26 20:00,9/18/26,⬇️,⏳,,0.6547,0.6547,0.6,0.0,0.0,0.0,0.0,C8FLOW,6.18,2026-09-18 19:55:02.580568+00:00
ETH/USDT,5m,9/18/26 20:40,9/18/26 20:45,9/18/26,⬆️,⏳,,0.7287,0.7287,0.52,0.0,0.0,0.0,0.0,C8FLOW,8.72,2026-09-18 20:40:01.633370+00:00
DOGE/USDT,5m,9/18/26 20:40,9/18/26 20:45,9/18/26,⬆️,⏳,,0.7663,0.7663,0.67,0.0,0.0,0.0,0.0,C8FLOW,2.92,2026-09-18 20:40:01.633370+00:00
SOL/USDT,5m,9/18/26 20:40,9/18/26 20:45,9/18/26,⬆️,⏳,,0.7092,0.7092,0.53,0.0,0.0,0.0,0.0,C8FLOW,7.3,2026-09-18 20:40:01.633370+00:00
BNB/USDT,5m,9/18/26 20:40,9/18/26 20:45,9/18/26,⬆️,⏳,,0.7966,0.7966,0.69,0.0,0.0,0.0,0.0,C8FLOW,3.56,2026-09-18 20:40:01.633370+00:00
ETH/USDT,5m,9/18/26 20:50,9/18/26 20:55,9/18/26,⬇️,⏳,,0.6986,0.6986,0.59,0.0,0.0,0.0,0.0,C8FLOW,9.64,2026-09-18 20:50:01.077464+00:00
ETH/USDT,5m,9/19/26 00:15,9/19/26 00:20,9/19/26,⬆️,⏳,,0.6641,0.6641,0.59,0.0,0.0,0.0,0.0,C8FLOW,2.48,2026-09-19 00:15:00.958768+00:00
BNB/USDT,5m,9/19/26 02:25,9/19/26 02:30,9/19/26,⬇️,⏳,,0.6657,0.6657,0.63,0.0,0.0,0.0,0.0,C8FLOW,4.38,2026-09-19 02:25:00.982669+00:00
SOL/USDT,5m,9/19/26 05:55,9/19/26 06:00,9/19/26,⬇️,⏳,,0.6996,0.6996,0.59,0.0,0.0,0.0,0.0,C8FLOW,9.49,2026-09-19 05:55:01.141484+00:00
XRP/USDT,5m,9/19/26 12:50,9/19/26 12:55,9/19/26,⬆️,⏳,,0.7999,0.7999,0.7,0.0,0.0,0.0,0.0,C8FLOW,4.78,2026-09-19 12:50:01.172222+00:00
DOGE/USDT,5m,9/19/26 12:50,9/19/26 12:55,9/19/26,⬆️,⏳,,0.7755,0.7755,0.7,0.0,0.0,0.0,0.0,C8FLOW,2.8,2026-09-19 12:50:01.172222+00:00
SOL/USDT,5m,9/19/26 12:50,9/19/26 12:55,9/19/26,⬆️,⏳,,0.7618,0.7618,0.68,0.0,0.0,0.0,0.0,C8FLOW,3.3,2026-09-19 12:50:01.172222+00:00
ETH/USDT,5m,9/19/26 12:50,9/19/26 12:55,9/19/26,⬆️,⏳,,0.6825,0.6825,0.61,0.0,0.0,0.0,0.0,C8FLOW,2.36,2026-09-19 12:50:01.172222+00:00
SOL/USDT,5m,9/19/26 13:20,9/19/26 13:25,9/19/26,⬇️,⏳,,0.7824,0.7824,0.73,0.0,0.0,0.0,0.0,C8FLOW,5.82,2026-09-19 13:20:01.333311+00:00
DOGE/USDT,5m,9/19/26 17:20,9/19/26 17:25,9/19/26,⬇️,⏳,,0.6852,0.6852,0.51,0.0,0.0,0.0,0.0,C8FLOW,6.97,2026-09-19 17:20:01.073136+00:00
HYPE/USDT,5m,9/19/26 17:20,9/19/26 17:25,9/19/26,⬇️,⏳,,0.7225,0.7225,0.53,0.0,0.0,0.0,0.0,C8FLOW,7.49,2026-09-19 17:20:01.073136+00:00
BNB/USDT,5m,9/19/26 17:20,9/19/26 17:25,9/19/26,⬇️,⏳,,0.7208,0.7208,0.51,0.0,0.0,0.0,0.0,C8FLOW,8.04,2026-09-19 17:20:01.073136+00:00
BNB/USDT,5m,9/19/26 19:30,9/19/26 19:35,9/19/26,⬇️,⏳,,0.7164,0.7164,0.65,0.0,0.0,0.0,0.0,C8FLOW,6.67,2026-09-19 19:30:01.305666+00:00
SOL/USDT,5m,9/19/26 19:30,9/19/26 19:35,9/19/26,⬇️,⏳,,0.765,0.765,0.7,0.0,0.0,0.0,0.0,C8FLOW,6.66,2026-09-19 19:30:01.305666+00:00
DOGE/USDT,5m,9/19/26 21:05,9/19/26 21:10,9/19/26,⬇️,⏳,,0.7318,0.7318,0.65,0.0,0.0,0.0,0.0,C8FLOW,7.73,2026-09-19 21:05:01.133480+00:00
SOL/USDT,5m,9/19/26 21:05,9/19/26 21:10,9/19/26,⬇️,⏳,,0.7463,0.7463,0.66,0.0,0.0,0.0,0.0,C8FLOW,8.05,2026-09-19 21:05:01.133480+00:00
ETH/USDT,5m,9/19/26 21:05,9/19/26 21:10,9/19/26,⬇️,⏳,,0.7246,0.7246,0.67,0.0,0.0,0.0,0.0,C8FLOW,5.86,2026-09-19 21:05:01.133480+00:00
ETH/USDT,5m,9/19/26 21:15,9/19/26 21:20,9/19/26,⬇️,⏳,,0.6743,0.6743,0.64,0.0,0.0,0.0,0.0,C8FLOW,4.29,2026-09-19 21:15:01.092110+00:00
SOL/USDT,5m,9/19/26 21:15,9/19/26 21:20,9/19/26,⬇️,⏳,,0.6737,0.6737,0.59,0.0,0.0,0.0,0.0,C8FLOW,7.79,2026-09-19 21:15:01.092110+00:00
BNB/USDT,5m,9/19/26 22:15,9/19/26 22:20,9/19/26,⬇️,⏳,,0.6783,0.6783,0.65,0.0,0.0,0.0,0.0,C8FLOW,3.83,2026-09-19 22:15:01.084527+00:00
DOGE/USDT,5m,9/20/26 00:20,9/20/26 00:25,9/20/26,⬇️,⏳,,0.7806,0.7806,0.75,0.0,0.0,0.0,0.0,C8FLOW,4.24,2026-09-20 00:20:01.805833+00:00
ETH/USDT,5m,9/20/26 02:45,9/20/26 02:50,9/20/26,⬇️,⏳,,0.8749,0.8749,0.76,0.0,0.0,0.0,0.0,C8FLOW,7.26,2026-09-20 02:45:01.093963+00:00
SOL/USDT,5m,9/20/26 02:45,9/20/26 02:50,9/20/26,⬇️,⏳,,0.9076,0.9076,0.88,0.0,0.0,0.0,0.0,C8FLOW,3.2,2026-09-20 02:45:01.093963+00:00
BNB/USDT,5m,9/20/26 02:45,9/20/26 02:50,9/20/26,⬇️,⏳,,0.843,0.843,0.74,0.0,0.0,0.0,0.0,C8FLOW,6.69,2026-09-20 02:45:01.093963+00:00
XRP/USDT,5m,9/20/26 02:45,9/20/26 02:50,9/20/26,⬇️,⏳,,0.8344,0.8344,0.76,0.0,0.0,0.0,0.0,C8FLOW,5.36,2026-09-20 02:45:01.093963+00:00
DOGE/USDT,5m,9/20/26 08:10,9/20/26 08:15,9/20/26,⬆️,⏳,,0.7277,0.7277,0.65,0.0,0.0,0.0,0.0,C8FLOW,2.88,2026-09-20 08:10:01.113003+00:00
ETH/USDT,5m,9/20/26 08:10,9/20/26 08:15,9/20/26,⬆️,⏳,,0.7544,0.7544,0.63,0.0,0.0,0.0,0.0,C8FLOW,6.45,2026-09-20 08:10:01.113003+00:00
ETH/USDT,5m,9/20/26 09:45,9/20/26 09:50,9/20/26,⬆️,⏳,,0.6502,0.6502,0.55,0.0,0.0,0.0,0.0,C8FLOW,4.6,2026-09-20 09:45:01.530711+00:00
ETH/USDT,5m,9/20/26 10:15,9/20/26 10:20,9/20/26,⬆️,⏳,,0.8922,0.8922,0.81,0.0,0.0,0.0,0.0,C8FLOW,3.7,2026-09-20 10:15:02.702247+00:00
DOGE/USDT,5m,9/20/26 10:15,9/20/26 10:20,9/20/26,⬆️,⏳,,0.8992,0.8992,0.81,0.0,0.0,0.0,0.0,C8FLOW,4.25,2026-09-20 10:15:02.702247+00:00
BNB/USDT,5m,9/20/26 10:15,9/20/26 10:20,9/20/26,⬆️,⏳,,0.8226,0.8226,0.72,0.0,0.0,0.0,0.0,C8FLOW,5.02,2026-09-20 10:15:02.702247+00:00
ETH/USDT,5m,9/20/26 11:20,9/20/26 11:25,9/20/26,⬆️,⏳,,0.739,0.739,0.55,0.0,0.0,0.0,0.0,C8FLOW,10.65,2026-09-20 11:20:01.237432+00:00
SOL/USDT,5m,9/20/26 11:20,9/20/26 11:25,9/20/26,⬆️,⏳,,0.6796,0.6796,0.61,0.0,0.0,0.0,0.0,C8FLOW,2.09,2026-09-20 11:20:01.237432+00:00
XRP/USDT,5m,9/20/26 11:20,9/20/26 11:25,9/20/26,⬆️,⏳,,0.6522,0.6522,0.54,0.0,0.0,0.0,0.0,C8FLOW,5.49,2026-09-20 11:20:01.237432+00:00
DOGE/USDT,5m,9/20/26 11:20,9/20/26 11:25,9/20/26,⬆️,⏳,,0.7132,0.7132,0.62,0.0,0.0,0.0,0.0,C8FLOW,4.12,2026-09-20 11:20:01.237432+00:00
BNB/USDT,5m,9/20/26 16:10,9/20/26 16:15,9/20/26,⬆️,⏳,,0.7357,0.7357,0.65,0.0,0.0,0.0,0.0,C8FLOW,3.55,2026-09-20 16:10:01.185268+00:00
ETH/USDT,5m,9/20/26 16:45,9/20/26 16:50,9/20/26,⬇️,⏳,,0.7388,0.7388,0.69,0.0,0.0,0.0,0.0,C8FLOW,5.48,2026-09-20 16:45:01.092224+00:00
BNB/USDT,5m,9/20/26 18:55,9/20/26 19:00,9/20/26,⬇️,⏳,,0.7214,0.7214,0.68,0.0,0.0,0.0,0.0,C8FLOW,4.91,2026-09-20 18:55:01.466658+00:00
BNB/USDT,5m,9/20/26 20:30,9/20/26 20:35,9/20/26,⬇️,⏳,,0.6957,0.6957,0.66,0.0,0.0,0.0,0.0,C8FLOW,4.43,2026-09-20 20:30:01.030683+00:00
SOL/USDT,5m,9/20/26 20:40,9/20/26 20:45,9/20/26,⬆️,⏳,,0.769,0.769,0.67,0.0,0.0,0.0,0.0,C8FLOW,4.65,2026-09-20 20:40:01.347758+00:00
BNB/USDT,5m,9/21/26 08:40,9/21/26 08:45,9/21/26,⬇️,⏳,,0.7915,0.7915,0.72,0.0,0.0,0.0,0.0,C8FLOW,7.15,2026-09-21 08:40:01.054365+00:00
ETH/USDT,5m,9/21/26 09:35,9/21/26 09:40,9/21/26,⬆️,⏳,,0.673,0.673,0.58,0.0,0.0,0.0,0.0,C8FLOW,4.06,2026-09-21 09:35:01.765866+00:00
BNB/USDT,5m,9/21/26 09:35,9/21/26 09:40,9/21/26,⬆️,⏳,,0.7567,0.7567,0.65,0.0,0.0,0.0,0.0,C8FLOW,5.2,2026-09-21 09:35:01.765866+00:00
XRP/USDT,5m,9/21/26 09:40,9/21/26 09:45,9/21/26,⬇️,⏳,,0.7146,0.7146,0.68,0.0,0.0,0.0,0.0,C8FLOW,4.38,2026-09-21 09:40:01.130260+00:00
ETH/USDT,5m,9/21/26 11:20,9/21/26 11:25,9/21/26,⬆️,⏳,,0.6729,0.6729,0.6,0.0,0.0,0.0,0.0,C8FLOW,2.39,2026-09-21 11:20:01.074048+00:00
DOGE/USDT,5m,9/21/26 11:35,9/21/26 11:40,9/21/26,⬇️,⏳,,0.6813,0.6813,0.6,0.0,0.0,0.0,0.0,C8FLOW,7.64,2026-09-21 11:35:01.054659+00:00
BNB/USDT,5m,9/21/26 17:40,9/21/26 17:45,9/21/26,⬇️,⏳,,0.717,0.717,0.68,0.0,0.0,0.0,0.0,C8FLOW,4.57,2026-09-21 17:40:01.125994+00:00
ETH/USDT,5m,9/21/26 21:05,9/21/26 21:10,9/21/26,⬇️,⏳,,0.6739,0.6739,0.62,0.0,0.0,0.0,0.0,C8FLOW,5.74,2026-09-21 21:05:01.121047+00:00
DOGE/USDT,5m,9/21/26 21:05,9/21/26 21:10,9/21/26,⬇️,⏳,,0.7283,0.7283,0.7,0.0,0.0,0.0,0.0,C8FLOW,3.92,2026-09-21 21:05:01.121047+00:00
BNB/USDT,5m,9/21/26 22:35,9/21/26 22:40,9/21/26,⬆️,⏳,,0.6841,0.6841,0.6,0.0,0.0,0.0,0.0,C8FLOW,3.35,2026-09-21 22:35:01.135392+00:00
ETH/USDT,5m,9/21/26 23:15,9/21/26 23:20,9/21/26,⬇️,⏳,,0.6966,0.6966,0.65,0.0,0.0,0.0,0.0,C8FLOW,5.24,2026-09-21 23:15:01.060650+00:00
BNB/USDT,5m,9/21/26 23:55,9/22/26 00:00,9/21/26,⬆️,⏳,,0.8222,0.8222,0.74,0.0,0.0,0.0,0.0,C8FLOW,3.47,2026-09-21 23:55:01.078197+00:00
ETH/USDT,5m,9/22/26 06:15,9/22/26 06:20,9/22/26,⬆️,⏳,,0.7193,0.7193,0.61,0.0,0.0,0.0,0.0,C8FLOW,5.33,2026-09-22 06:15:01.082561+00:00
SOL/USDT,5m,9/22/26 06:15,9/22/26 06:20,9/22/26,⬆️,⏳,,0.7306,0.7306,0.65,0.0,0.0,0.0,0.0,C8FLOW,3.13,2026-09-22 06:15:01.082561+00:00
ETH/USDT,5m,9/22/26 07:50,9/22/26 07:55,9/22/26,⬇️,⏳,,0.6766,0.6766,0.62,0.0,0.0,0.0,0.0,C8FLOW,5.93,2026-09-22 07:50:01.559322+00:00
BNB/USDT,5m,9/22/26 09:05,9/22/26 09:10,9/22/26,⬇️,⏳,,0.7155,0.7155,0.68,0.0,0.0,0.0,0.0,C8FLOW,4.45,2026-09-22 09:05:01.070380+00:00
ETH/USDT,5m,9/22/26 11:10,9/22/26 11:15,9/22/26,⬇️,⏳,,0.8848,0.8848,0.79,0.0,0.0,0.0,0.0,C8FLOW,8.88,2026-09-22 11:10:01.163158+00:00
BNB/USDT,5m,9/22/26 11:10,9/22/26 11:15,9/22/26,⬇️,⏳,,0.8719,0.8719,0.79,0.0,0.0,0.0,0.0,C8FLOW,8.03,2026-09-22 11:10:01.163158+00:00
BNB/USDT,5m,9/22/26 12:20,9/22/26 12:25,9/22/26,⬆️,⏳,,0.7817,0.7817,0.72,0.0,0.0,0.0,0.0,C8FLOW,1.58,2026-09-22 12:20:01.135625+00:00
ETH/USDT,5m,9/22/26 13:35,9/22/26 13:40,9/22/26,⬆️,⏳,,0.7396,0.7396,0.67,0.0,0.0,0.0,0.0,C8FLOW,2.2,2026-09-22 13:35:01.161081+00:00
XRP/USDT,5m,9/22/26 14:00,9/22/26 14:05,9/22/26,⬇️,⏳,,0.6514,0.6514,0.57,0.0,0.0,0.0,0.0,C8FLOW,7.62,2026-09-22 14:00:01.112278+00:00
ETH/USDT,5m,9/22/26 14:35,9/22/26 14:40,9/22/26,⬇️,⏳,,0.651,0.651,0.55,0.0,0.0,0.0,0.0,C8FLOW,8.91,2026-09-22 14:35:01.115509+00:00
SOL/USDT,5m,9/22/26 14:35,9/22/26 14:40,9/22/26,⬇️,⏳,,0.6601,0.6601,0.55,0.0,0.0,0.0,0.0,C8FLOW,9.5,2026-09-22 14:35:01.115509+00:00
SOL/USDT,5m,9/22/26 15:10,9/22/26 15:15,9/22/26,⬇️,⏳,,0.6942,0.6942,0.64,0.0,0.0,0.0,0.0,C8FLOW,5.79,2026-09-22 15:10:02.275542+00:00
ETH/USDT,5m,9/22/26 15:25,9/22/26 15:30,9/22/26,⬇️,⏳,,0.7189,0.7189,0.69,0.0,0.0,0.0,0.0,C8FLOW,3.95,2026-09-22 15:25:02.398315+00:00
DOGE/USDT,5m,9/22/26 16:05,9/22/26 16:10,9/22/26,⬇️,⏳,,0.7265,0.7265,0.7,0.0,0.0,0.0,0.0,C8FLOW,3.78,2026-09-22 16:05:01.063325+00:00
SOL/USDT,5m,9/22/26 16:10,9/22/26 16:15,9/22/26,⬇️,⏳,,0.6682,0.6682,0.62,0.0,0.0,0.0,0.0,C8FLOW,5.32,2026-09-22 16:10:01.830267+00:00
ETH/USDT,5m,9/22/26 19:15,9/22/26 19:20,9/22/26,⬇️,⏳,,0.6708,0.6708,0.58,0.0,0.0,0.0,0.0,C8FLOW,8.26,2026-09-22 19:15:01.358643+00:00
ETH/USDT,5m,9/22/26 19:35,9/22/26 19:40,9/22/26,⬆️,⏳,,0.7861,0.7861,0.69,0.0,0.0,0.0,0.0,C8FLOW,4.46,2026-09-22 19:35:01.199458+00:00
BNB/USDT,5m,9/22/26 19:35,9/22/26 19:40,9/22/26,⬆️,⏳,,0.8,0.8,0.68,0.0,0.0,0.0,0.0,C8FLOW,6.21,2026-09-22 19:35:01.199458+00:00
BNB/USDT,5m,9/22/26 21:10,9/22/26 21:15,9/22/26,⬇️,⏳,,0.7512,0.7512,0.72,0.0,0.0,0.0,0.0,C8FLOW,2.37,2026-09-22 21:10:01.389849+00:00
ETH/USDT,5m,9/22/26 21:10,9/22/26 21:15,9/22/26,⬇️,⏳,,0.824,0.824,0.67,0.0,0.0,0.0,0.0,C8FLOW,6.94,2026-09-22 21:10:01.389849+00:00
DOGE/USDT,5m,9/22/26 21:10,9/22/26 21:15,9/22/26,⬇️,⏳,,0.7549,0.7549,0.71,0.0,0.0,0.0,0.0,C8FLOW,2.94,2026-09-22 21:10:01.389849+00:00
XRP/USDT,5m,9/22/26 21:10,9/22/26 21:15,9/22/26,⬇️,⏳,,0.8118,0.8118,0.74,0.0,0.0,0.0,0.0,C8FLOW,4.06,2026-09-22 21:10:01.389849+00:00
SOL/USDT,5m,9/22/26 21:10,9/22/26 21:15,9/22/26,⬇️,⏳,,0.8315,0.8315,0.7,0.0,0.0,0.0,0.0,C8FLOW,6.19,2026-09-22 21:10:01.389849+00:00
ETH/USDT,5m,9/23/26 00:05,9/23/26 00:10,9/23/26,⬇️,⏳,,0.7455,0.7455,0.71,0.0,0.0,0.0,0.0,C8FLOW,4.51,2026-09-23 00:05:01.265251+00:00
ETH/USDT,5m,9/23/26 03:40,9/23/26 03:45,9/23/26,⬆️,⏳,,0.7999,0.7999,0.74,0.0,0.0,0.0,0.0,C8FLOW,1.46,2026-09-23 03:40:01.068977+00:00
SOL/USDT,5m,9/23/26 07:20,9/23/26 07:25,9/23/26,⬇️,⏳,,0.729,0.729,0.64,0.0,0.0,0.0,0.0,C8FLOW,8.2,2026-09-23 07:20:01.113641+00:00
ETH/USDT,5m,9/23/26 09:50,9/23/26 09:55,9/23/26,⬆️,⏳,,0.6813,0.6813,0.62,0.0,0.0,0.0,0.0,C8FLOW,1.28,2026-09-23 09:50:01.231689+00:00
XRP/USDT,5m,9/23/26 11:10,9/23/26 11:15,9/23/26,⬆️,⏳,,0.7268,0.7268,0.53,0.0,0.0,0.0,0.0,C8FLOW,11.13,2026-09-23 11:10:01.191767+00:00
ETH/USDT,5m,9/23/26 19:00,9/23/26 19:05,9/23/26,⬇️,⏳,,0.7096,0.7096,0.63,0.0,0.0,0.0,0.0,C8FLOW,7.55,2026-09-23 19:00:01.312369+00:00
XRP/USDT,5m,9/23/26 19:00,9/23/26 19:05,9/23/26,⬇️,⏳,,0.6511,0.6511,0.59,0.0,0.0,0.0,0.0,C8FLOW,6.22,2026-09-23 19:00:01.312369+00:00
ETH/USDT,5m,9/23/26 20:05,9/23/26 20:10,9/23/26,⬆️,⏳,,0.7177,0.7177,0.62,0.0,0.0,0.0,0.0,C8FLOW,4.47,2026-09-23 20:05:01.272182+00:00
ETH/USDT,5m,9/23/26 21:05,9/23/26 21:10,9/23/26,⬆️,⏳,,0.7565,0.7565,0.63,0.0,0.0,0.0,0.0,C8FLOW,6.6,2026-09-23 21:05:01.301577+00:00
BNB/USDT,5m,9/23/26 22:05,9/23/26 22:10,9/23/26,⬇️,⏳,,0.7444,0.7444,0.65,0.0,0.0,0.0,0.0,C8FLOW,8.57,2026-09-23 22:05:01.093055+00:00
DOGE/USDT,5m,9/23/26 22:05,9/23/26 22:10,9/23/26,⬇️,⏳,,0.737,0.737,0.7,0.0,0.0,0.0,0.0,C8FLOW,4.61,2026-09-23 22:05:01.093055+00:00
BNB/USDT,5m,9/24/26 05:25,9/24/26 05:30,9/24/26,⬇️,⏳,,0.6589,0.6589,0.62,0.0,0.0,0.0,0.0,C8FLOW,4.62,2026-09-24 05:25:01.093081+00:00
SOL/USDT,5m,9/24/26 12:55,9/24/26 13:00,9/24/26,⬆️,⏳,,0.6941,0.6941,0.57,0.0,0.0,0.0,0.0,C8FLOW,6.37,2026-09-24 12:55:01.078930+00:00
ETH/USDT,5m,9/24/26 12:55,9/24/26 13:00,9/24/26,⬆️,⏳,,0.7871,0.7871,0.66,0.0,0.0,0.0,0.0,C8FLOW,6.68,2026-09-24 12:55:01.078930+00:00
ETH/USDT,5m,9/24/26 13:20,9/24/26 13:25,9/24/26,⬆️,⏳,,0.79,0.79,0.7,0.0,0.0,0.0,0.0,C8FLOW,4.01,2026-09-24 13:20:01.068894+00:00
XRP/USDT,5m,9/24/26 17:35,9/24/26 17:40,9/24/26,⬇️,⏳,,0.7138,0.7138,0.66,0.0,0.0,0.0,0.0,C8FLOW,5.79,2026-09-24 17:35:01.252326+00:00
XRP/USDT,5m,9/24/26 20:05,9/24/26 20:10,9/24/26,⬇️,⏳,,0.779,0.779,0.71,0.0,0.0,0.0,0.0,C8FLOW,6.96,2026-09-24 20:05:01.160836+00:00
ETH/USDT,5m,9/24/26 23:00,9/24/26 23:05,9/24/26,⬆️,⏳,,0.7135,0.7135,0.64,0.0,0.0,0.0,0.0,C8FLOW,2.5,2026-09-24 23:00:01.058559+00:00
ETH/USDT,5m,9/24/26 23:40,9/24/26 23:45,9/24/26,⬇️,⏳,,0.6689,0.6689,0.63,0.0,0.0,0.0,0.0,C8FLOW,4.63,2026-09-24 23:40:01.105305+00:00
ETH/USDT,5m,9/25/26 05:35,9/25/26 05:40,9/25/26,⬇️,⏳,,0.6525,0.6525,0.61,0.0,0.0,0.0,0.0,C8FLOW,4.88,2026-09-25 05:35:01.103884+00:00
ETH/USDT,5m,9/25/26 05:40,9/25/26 05:45,9/25/26,⬆️,⏳,,0.7636,0.7636,0.67,0.0,0.0,0.0,0.0,C8FLOW,4.23,2026-09-25 05:40:01.055263+00:00
ETH/USDT,5m,9/25/26 07:05,9/25/26 07:10,9/25/26,⬇️,⏳,,0.6783,0.6783,0.65,0.0,0.0,0.0,0.0,C8FLOW,3.83,2026-09-25 07:05:01.261070+00:00
XRP/USDT,5m,9/25/26 08:30,9/25/26 08:35,9/25/26,⬇️,⏳,,0.6664,0.6664,0.63,0.0,0.0,0.0,0.0,C8FLOW,4.44,2026-09-25 08:30:01.094987+00:00
ETH/USDT,5m,9/25/26 13:20,9/25/26 13:25,9/25/26,⬇️,⏳,,0.7031,0.7031,0.65,0.0,0.0,0.0,0.0,C8FLOW,5.72,2026-09-25 13:20:01.563104+00:00
SOL/USDT,5m,9/25/26 13:20,9/25/26 13:25,9/25/26,⬇️,⏳,,0.7198,0.7198,0.69,0.0,0.0,0.0,0.0,C8FLOW,4.02,2026-09-25 13:20:01.563104+00:00
ETH/USDT,5m,9/25/26 15:40,9/25/26 15:45,9/25/26,⬇️,⏳,,0.7014,0.7014,0.66,0.0,0.0,0.0,0.0,C8FLOW,4.86,2026-09-25 15:40:01.659833+00:00
ETH/USDT,5m,9/25/26 16:35,9/25/26 16:40,9/25/26,⬇️,⏳,,0.7747,0.7747,0.61,0.0,0.0,0.0,0.0,C8FLOW,12.9,2026-09-25 16:35:01.194880+00:00
XRP/USDT,5m,9/25/26 16:35,9/25/26 16:40,9/25/26,⬇️,⏳,,0.7429,0.7429,0.68,0.0,0.0,0.0,0.0,C8FLOW,6.47,2026-09-25 16:35:01.194880+00:00
DOGE/USDT,5m,9/25/26 16:45,9/25/26 16:50,9/25/26,⬇️,⏳,,0.7318,0.7318,0.7,0.0,0.0,0.0,0.0,C8FLOW,4.21,2026-09-25 16:45:02.356992+00:00
XRP/USDT,5m,9/25/26 17:30,9/25/26 17:35,9/25/26,⬇️,⏳,,0.6819,0.6819,0.65,0.0,0.0,0.0,0.0,C8FLOW,4.11,2026-09-25 17:30:01.181483+00:00
ETH/USDT,5m,9/25/26 19:40,9/25/26 19:45,9/25/26,⬇️,⏳,,0.7906,0.7906,0.74,0.0,0.0,0.0,0.0,C8FLOW,5.72,2026-09-25 19:40:01.122405+00:00
ETH/USDT,5m,9/25/26 23:25,9/25/26 23:30,9/25/26,⬇️,⏳,,0.7103,0.7103,0.59,0.0,0.0,0.0,0.0,C8FLOW,10.17,2026-09-25 23:25:01.075274+00:00
ETH/USDT,5m,9/25/26 23:35,9/25/26 23:40,9/25/26,⬇️,⏳,,0.653,0.653,0.62,0.0,0.0,0.0,0.0,C8FLOW,4.16,2026-09-25 23:35:01.041196+00:00
ETH/USDT,5m,9/26/26 00:00,9/26/26 00:05,9/26/26,⬆️,⏳,,0.7288,0.7288,0.55,0.0,0.0,0.0,0.0,C8FLOW,10.01,2026-09-26 00:00:01.125645+00:00
XRP/USDT,5m,9/26/26 00:05,9/26/26 00:10,9/26/26,⬇️,⏳,,0.6522,0.6522,0.52,0.0,0.0,0.0,0.0,C8FLOW,10.89,2026-09-26 00:05:01.049843+00:00
ETH/USDT,5m,9/26/26 00:10,9/26/26 00:15,9/26/26,⬇️,⏳,,0.7109,0.7109,0.67,0.0,0.0,0.0,0.0,C8FLOW,4.84,2026-09-26 00:10:01.085794+00:00
ETH/USDT,5m,9/26/26 02:45,9/26/26 02:50,9/26/26,⬇️,⏳,,0.6563,0.6563,0.62,0.0,0.0,0.0,0.0,C8FLOW,4.41,2026-09-26 02:45:01.101151+00:00
ETH/USDT,5m,9/26/26 03:15,9/26/26 03:20,9/26/26,⬆️,⏳,,0.7848,0.7848,0.67,0.0,0.0,0.0,0.0,C8FLOW,5.83,2026-09-26 03:15:01.074903+00:00
XRP/USDT,5m,9/26/26 05:10,9/26/26 05:15,9/26/26,⬇️,⏳,,0.7338,0.7338,0.67,0.0,0.0,0.0,0.0,C8FLOW,6.52,2026-09-26 05:10:01.107506+00:00
XRP/USDT,5m,9/26/26 05:20,9/26/26 05:25,9/26/26,⬆️,⏳,,0.7722,0.7722,0.7,0.0,0.0,0.0,0.0,C8FLOW,2.51,2026-09-26 05:20:01.071578+00:00
BNB/USDT,5m,9/26/26 05:20,9/26/26 05:25,9/26/26,⬆️,⏳,,0.7859,0.7859,0.71,0.0,0.0,0.0,0.0,C8FLOW,2.86,2026-09-26 05:20:01.071578+00:00
ETH/USDT,5m,9/26/26 05:20,9/26/26 05:25,9/26/26,⬆️,⏳,,0.8957,0.8957,0.65,0.0,0.0,0.0,0.0,C8FLOW,14.14,2026-09-26 05:20:01.071578+00:00
DOGE/USDT,5m,9/26/26 05:20,9/26/26 05:25,9/26/26,⬆️,⏳,,0.7659,0.7659,0.7,0.0,0.0,0.0,0.0,C8FLOW,1.93,2026-09-26 05:20:01.071578+00:00
BNB/USDT,5m,9/26/26 05:25,9/26/26 05:30,9/26/26,⬆️,⏳,,0.6853,0.6853,0.62,0.0,0.0,0.0,0.0,C8FLOW,1.69,2026-09-26 05:25:01.061661+00:00
ETH/USDT,5m,9/26/26 06:15,9/26/26 06:20,9/26/26,⬇️,⏳,,0.7233,0.7233,0.66,0.0,0.0,0.0,0.0,C8FLOW,6.47,2026-09-26 06:15:01.156141+00:00
SOL/USDT,5m,9/26/26 06:35,9/26/26 06:40,9/26/26,⬇️,⏳,,0.756,0.756,0.72,0.0,0.0,0.0,0.0,C8FLOW,4.58,2026-09-26 06:35:01.298534+00:00
ETH/USDT,5m,9/26/26 07:10,9/26/26 07:15,9/26/26,⬇️,⏳,,0.7257,0.7257,0.59,0.0,0.0,0.0,0.0,C8FLOW,11.13,2026-09-26 07:10:01.085524+00:00
SOL/USDT,5m,9/26/26 08:40,9/26/26 08:45,9/26/26,⬇️,⏳,,0.7181,0.7181,0.65,0.0,0.0,0.0,0.0,C8FLOW,6.79,2026-09-26 08:40:01.151471+00:00
DOGE/USDT,5m,9/26/26 17:35,9/26/26 17:40,9/26/26,⬇️,⏳,,0.7357,0.7357,0.7,0.0,0.0,0.0,0.0,C8FLOW,4.51,2026-09-26 17:35:01.390805+00:00
ETH/USDT,5m,9/26/26 17:35,9/26/26 17:40,9/26/26,⬇️,⏳,,0.7328,0.7328,0.67,0.0,0.0,0.0,0.0,C8FLOW,6.45,2026-09-26 17:35:01.390805+00:00
ETH/USDT,5m,9/26/26 17:45,9/26/26 17:50,9/26/26,⬆️,⏳,,0.688,0.688,0.62,0.0,0.0,0.0,0.0,C8FLOW,1.96,2026-09-26 17:45:01.353574+00:00
ETH/USDT,5m,9/26/26 18:15,9/26/26 18:20,9/26/26,⬇️,⏳,,0.6537,0.6537,0.61,0.0,0.0,0.0,0.0,C8FLOW,4.97,2026-09-26 18:15:04.101976+00:00
ETH/USDT,5m,9/26/26 18:35,9/26/26 18:40,9/26/26,⬇️,⏳,,0.7047,0.7047,0.59,0.0,0.0,0.0,0.0,C8FLOW,9.82,2026-09-26 18:35:01.294221+00:00
ETH/USDT,5m,9/26/26 18:45,9/26/26 18:50,9/26/26,⬇️,⏳,,0.7045,0.7045,0.53,0.0,0.0,0.0,0.0,C8FLOW,13.44,2026-09-26 18:45:01.090732+00:00
DOGE/USDT,5m,9/26/26 20:05,9/26/26 20:10,9/26/26,⬇️,⏳,,0.7096,0.7096,0.68,0.0,0.0,0.0,0.0,C8FLOW,3.99,2026-09-26 20:05:01.281620+00:00
SOL/USDT,5m,9/26/26 20:05,9/26/26 20:10,9/26/26,⬇️,⏳,,0.7273,0.7273,0.65,0.0,0.0,0.0,0.0,C8FLOW,7.42,2026-09-26 20:05:01.281620+00:00
SOL/USDT,5m,9/26/26 21:35,9/26/26 21:40,9/26/26,⬆️,⏳,,0.675,0.675,0.52,0.0,0.0,0.0,0.0,C8FLOW,8.46,2026-09-26 21:35:01.601351+00:00
XRP/USDT,5m,9/27/26 00:00,9/27/26 00:05,9/27/26,⬇️,⏳,,0.7021,0.7021,0.65,0.0,0.0,0.0,0.0,C8FLOW,5.65,2026-09-27 00:00:01.536362+00:00
SOL/USDT,5m,9/27/26 00:10,9/27/26 00:15,9/27/26,⬆️,⏳,,0.7516,0.7516,0.6,0.0,0.0,0.0,0.0,C8FLOW,8.83,2026-09-27 00:10:01.427646+00:00
XRP/USDT,5m,9/27/26 09:10,9/27/26 09:15,9/27/26,⬇️,⏳,,0.6502,0.6502,0.61,0.0,0.0,0.0,0.0,C8FLOW,5.39,2026-09-27 09:10:01.125231+00:00
ETH/USDT,5m,9/27/26 12:10,9/27/26 12:15,9/27/26,⬆️,⏳,,0.7198,0.7198,0.64,0.0,0.0,0.0,0.0,C8FLOW,2.81,2026-09-27 12:10:01.443819+00:00
ETH/USDT,5m,9/27/26 13:00,9/27/26 13:05,9/27/26,⬇️,⏳,,0.7045,0.7045,0.65,0.0,0.0,0.0,0.0,C8FLOW,6.64,2026-09-27 13:00:01.137203+00:00
ETH/USDT,5m,9/27/26 15:35,9/27/26 15:40,9/27/26,⬇️,⏳,,0.6642,0.6642,0.63,0.0,0.0,0.0,0.0,C8FLOW,4.91,2026-09-27 15:35:01.129497+00:00
SOL/USDT,5m,9/27/26 15:45,9/27/26 15:50,9/27/26,⬇️,⏳,,0.6625,0.6625,0.6,0.0,0.0,0.0,0.0,C8FLOW,7.21,2026-09-27 15:45:01.302604+00:00
BNB/USDT,5m,9/27/26 17:30,9/27/26 17:35,9/27/26,⬇️,⏳,,0.7424,0.7424,0.68,0.0,0.0,0.0,0.0,C8FLOW,7.33,2026-09-27 17:30:01.483744+00:00
SOL/USDT,5m,9/27/26 20:50,9/27/26 20:55,9/27/26,⬇️,⏳,,0.7358,0.7358,0.7,0.0,0.0,0.0,0.0,C8FLOW,5.18,2026-09-27 20:50:01.473668+00:00
ETH/USDT,5m,9/27/26 20:50,9/27/26 20:55,9/27/26,⬇️,⏳,,0.6984,0.6984,0.59,0.0,0.0,0.0,0.0,C8FLOW,10.66,2026-09-27 20:50:01.473668+00:00
ETH/USDT,5m,9/27/26 21:20,9/27/26 21:25,9/27/26,⬇️,⏳,,0.6668,0.6668,0.62,0.0,0.0,0.0,0.0,C8FLOW,5.96,2026-09-27 21:20:01.607917+00:00
ETH/USDT,5m,9/27/26 23:15,9/27/26 23:20,9/27/26,⬇️,⏳,,0.6647,0.6647,0.61,0.0,0.0,0.0,0.0,C8FLOW,6.6,2026-09-27 23:15:01.099395+00:00
ETH/USDT,5m,9/28/26 07:40,9/28/26 07:45,9/28/26,⬇️,⏳,,0.6781,0.6781,0.65,0.0,0.0,0.0,0.0,C8FLOW,3.91,2026-09-28 07:40:01.453821+00:00
ETH/USDT,5m,9/28/26 11:05,9/28/26 11:10,9/28/26,⬆️,⏳,,0.742,0.742,0.64,0.0,0.0,0.0,0.0,C8FLOW,4.4,2026-09-28 11:05:03.116140+00:00
SOL/USDT,5m,9/28/26 12:05,9/28/26 12:10,9/28/26,⬆️,⏳,,0.8308,0.8308,0.7,0.0,0.0,0.0,0.0,C8FLOW,7.01,2026-09-28 12:05:01.423347+00:00
XRP/USDT,5m,9/28/26 12:05,9/28/26 12:10,9/28/26,⬆️,⏳,,0.8443,0.8443,0.74,0.0,0.0,0.0,0.0,C8FLOW,4.85,2026-09-28 12:05:01.423347+00:00
ETH/USDT,5m,9/28/26 12:05,9/28/26 12:10,9/28/26,⬆️,⏳,,0.8384,0.8384,0.75,0.0,0.0,0.0,0.0,C8FLOW,3.39,2026-09-28 12:05:01.423347+00:00
XRP/USDT,5m,9/29/26 05:35,9/29/26 05:40,9/29/26,⬇️,⏳,,0.7225,0.7225,0.69,0.0,0.0,0.0,0.0,C8FLOW,4.34,2026-09-29 05:35:01.140256+00:00
ETH/USDT,5m,9/29/26 09:05,9/29/26 09:10,9/29/26,⬆️,⏳,,0.7207,0.7207,0.62,0.0,0.0,0.0,0.0,C8FLOW,4.62,2026-09-29 09:05:01.438340+00:00
ETH/USDT,5m,9/29/26 10:35,9/29/26 10:40,9/29/26,⬆️,⏳,,0.7319,0.7319,0.66,0.0,0.0,0.0,0.0,C8FLOW,1.96,2026-09-29 10:35:01.393371+00:00
SOL/USDT,5m,9/29/26 11:20,9/29/26 11:25,9/29/26,⬇️,⏳,,0.7324,0.7324,0.7,0.0,0.0,0.0,0.0,C8FLOW,4.36,2026-09-29 11:20:01.070589+00:00
ETH/USDT,5m,9/29/26 15:50,9/29/26 15:55,9/29/26,⬇️,⏳,,0.6746,0.6746,0.62,0.0,0.0,0.0,0.0,C8FLOW,6.09,2026-09-29 15:50:01.253457+00:00
SOL/USDT,5m,9/29/26 16:40,9/29/26 16:45,9/29/26,⬇️,⏳,,0.7032,0.7032,0.66,0.0,0.0,0.0,0.0,C8FLOW,5.2,2026-09-29 16:40:01.085940+00:00
ETH/USDT,5m,9/29/26 16:40,9/29/26 16:45,9/29/26,⬇️,⏳,,0.6981,0.6981,0.64,0.0,0.0,0.0,0.0,C8FLOW,6.39,2026-09-29 16:40:01.085940+00:00
SOL/USDT,5m,9/30/26 06:20,9/30/26 06:25,9/30/26,⬇️,⏳,,0.6889,0.6889,0.6,0.0,0.0,0.0,0.0,C8FLOW,8.72,2026-09-30 06:20:01.136500+00:00
DOGE/USDT,5m,9/30/26 08:05,9/30/26 08:10,9/30/26,⬇️,⏳,,0.6621,0.6621,0.61,0.0,0.0,0.0,0.0,C8FLOW,5.87,2026-09-30 08:05:01.123517+00:00
ETH/USDT,5m,9/30/26 14:35,9/30/26 14:40,9/30/26,⬇️,⏳,,0.7285,0.7285,0.68,0.0,0.0,0.0,0.0,C8FLOW,5.69,2026-09-30 14:35:01.335063+00:00
SOL/USDT,5m,9/30/26 15:25,9/30/26 15:30,9/30/26,⬇️,⏳,,0.7965,0.7965,0.7,0.0,0.0,0.0,0.0,C8FLOW,9.43,2026-09-30 15:25:02.718226+00:00
XRP/USDT,5m,9/30/26 15:25,9/30/26 15:30,9/30/26,⬇️,⏳,,0.7798,0.7798,0.74,0.0,0.0,0.0,0.0,C8FLOW,5.11,2026-09-30 15:25:02.718226+00:00
ETH/USDT,5m,9/30/26 15:25,9/30/26 15:30,9/30/26,⬇️,⏳,,0.7335,0.7335,0.69,0.0,0.0,0.0,0.0,C8FLOW,5.29,2026-09-30 15:25:02.718226+00:00
BNB/USDT,5m,9/30/26 17:05,9/30/26 17:10,9/30/26,⬇️,⏳,,0.7926,0.7926,0.68,0.0,0.0,0.0,0.0,C8FLOW,7.2,2026-09-30 17:05:01.340005+00:00
ETH/USDT,5m,9/30/26 17:05,9/30/26 17:10,9/30/26,⬇️,⏳,,0.8058,0.8058,0.68,0.0,0.0,0.0,0.0,C8FLOW,7.83,2026-09-30 17:05:01.340005+00:00
XRP/USDT,5m,9/30/26 17:05,9/30/26 17:10,9/30/26,⬇️,⏳,,0.8175,0.8175,0.7,0.0,0.0,0.0,0.0,C8FLOW,7.46,2026-09-30 17:05:01.340005+00:00
ETH/USDT,5m,9/30/26 17:10,9/30/26 17:15,9/30/26,⬇️,⏳,,0.7931,0.7931,0.65,0.0,0.0,0.0,0.0,C8FLOW,5.51,2026-09-30 17:10:01.231591+00:00
SOL/USDT,5m,9/30/26 17:10,9/30/26 17:15,9/30/26,⬇️,⏳,,0.8197,0.8197,0.57,0.0,0.0,0.0,0.0,C8FLOW,8.46,2026-09-30 17:10:01.231591+00:00
XRP/USDT,5m,9/30/26 17:10,9/30/26 17:15,9/30/26,⬇️,⏳,,0.8097,0.8097,0.7,0.0,0.0,0.0,0.0,C8FLOW,4.54,2026-09-30 17:10:01.231591+00:00
DOGE/USDT,5m,9/30/26 17:10,9/30/26 17:15,9/30/26,⬇️,⏳,,0.7924,0.7924,0.7,0.0,0.0,0.0,0.0,C8FLOW,3.99,2026-09-30 17:10:01.231591+00:00
ETH/USDT,5m,9/30/26 17:20,9/30/26 17:25,9/30/26,⬇️,⏳,,0.7006,0.7006,0.67,0.0,0.0,0.0,0.0,C8FLOW,4.13,2026-09-30 17:20:01.120061+00:00
ETH/USDT,5m,9/30/26 18:05,9/30/26 18:10,9/30/26,⬆️,⏳,,0.6709,0.6709,0.58,0.0,0.0,0.0,0.0,C8FLOW,3.7,2026-09-30 18:05:01.522180+00:00
ETH/USDT,5m,9/30/26 20:30,9/30/26 20:35,9/30/26,⬇️,⏳,,0.7636,0.7636,0.71,0.0,0.0,0.0,0.0,C8FLOW,6.17,2026-09-30 20:30:01.351775+00:00
DOGE/USDT,5m,9/30/26 22:45,9/30/26 22:50,9/30/26,⬆️,⏳,,0.6995,0.6995,0.55,0.0,0.0,0.0,0.0,C8FLOW,8.46,2026-09-30 22:45:06.696844+00:00
ETH/USDT,5m,9/30/26 23:55,10/1/26 00:00,9/30/26,⬇️,⏳,,0.6797,0.6797,0.65,0.0,0.0,0.0,0.0,C8FLOW,4.01,2026-09-30 23:55:01.288095+00:00
ETH/USDT,5m,10/1/26 02:25,10/1/26 02:30,10/1/26,⬇️,⏳,,0.6857,0.6857,0.63,0.0,0.0,0.0,0.0,C8FLOW,6.19,2026-10-01 02:25:01.084490+00:00
SOL/USDT,5m,10/1/26 02:25,10/1/26 02:30,10/1/26,⬇️,⏳,,0.6612,0.6612,0.63,0.0,0.0,0.0,0.0,C8FLOW,4.1,2026-10-01 02:25:01.084490+00:00
SOL/USDT,5m,10/1/26 03:05,10/1/26 03:10,10/1/26,⬇️,⏳,,0.6672,0.6672,0.59,0.0,0.0,0.0,0.0,C8FLOW,7.83,2026-10-01 03:05:01.198842+00:00
SOL/USDT,5m,10/1/26 05:35,10/1/26 05:40,10/1/26,⬆️,⏳,,0.6937,0.6937,0.6,0.0,0.0,0.0,0.0,C8FLOW,3.97,2026-10-01 05:35:01.450629+00:00
HYPE/USDT,5m,10/1/26 05:50,10/1/26 05:55,10/1/26,⬆️,⏳,,0.7572,0.7572,0.66,0.0,0.0,0.0,0.0,C8FLOW,4.39,2026-10-01 05:50:01.147076+00:00
DOGE/USDT,5m,10/1/26 05:50,10/1/26 05:55,10/1/26,⬆️,⏳,,0.8335,0.8335,0.75,0.0,0.0,0.0,0.0,C8FLOW,3.37,2026-10-01 05:50:01.147076+00:00
ETH/USDT,5m,10/1/26 07:25,10/1/26 07:30,10/1/26,⬇️,⏳,,0.7175,0.7175,0.68,0.0,0.0,0.0,0.0,C8FLOW,4.76,2026-10-01 07:25:01.112146+00:00
SOL/USDT,5m,10/1/26 07:25,10/1/26 07:30,10/1/26,⬇️,⏳,,0.7236,0.7236,0.67,0.0,0.0,0.0,0.0,C8FLOW,6.09,2026-10-01 07:25:01.112146+00:00
SOL/USDT,5m,10/1/26 09:50,10/1/26 09:55,10/1/26,⬇️,⏳,,0.6828,0.6828,0.63,0.0,0.0,0.0,0.0,C8FLOW,5.95,2026-10-01 09:50:01.104093+00:00
BNB/USDT,5m,10/1/26 10:05,10/1/26 10:10,10/1/26,⬇️,⏳,,0.7135,0.7135,0.68,0.0,0.0,0.0,0.0,C8FLOW,4.41,2026-10-01 10:05:01.084692+00:00
SOL/USDT,5m,10/1/26 10:05,10/1/26 10:10,10/1/26,⬇️,⏳,,0.7126,0.7126,0.64,0.0,0.0,0.0,0.0,C8FLOW,7.54,2026-10-01 10:05:01.084692+00:00
ETH/USDT,5m,10/1/26 10:55,10/1/26 11:00,10/1/26,⬆️,⏳,,0.807,0.807,0.74,0.0,0.0,0.0,0.0,C8FLOW,1.66,2026-10-01 10:55:01.255669+00:00
DOGE/USDT,5m,10/1/26 10:55,10/1/26 11:00,10/1/26,⬆️,⏳,,0.7751,0.7751,0.7,0.0,0.0,0.0,0.0,C8FLOW,2.4,2026-10-01 10:55:01.255669+00:00
SOL/USDT,5m,10/1/26 11:25,10/1/26 11:30,10/1/26,⬇️,⏳,,0.6697,0.6697,0.63,0.0,0.0,0.0,0.0,C8FLOW,4.85,2026-10-01 11:25:01.053238+00:00
ETH/USDT,5m,10/1/26 11:35,10/1/26 11:40,10/1/26,⬆️,⏳,,0.6815,0.6815,0.59,0.0,0.0,0.0,0.0,C8FLOW,3.76,2026-10-01 11:35:01.171741+00:00
SOL/USDT,5m,10/1/26 12:30,10/1/26 12:35,10/1/26,⬇️,⏳,,0.6939,0.6939,0.57,0.0,0.0,0.0,0.0,C8FLOW,11.21,2026-10-01 12:30:01.685126+00:00
DOGE/USDT,5m,10/1/26 12:35,10/1/26 12:40,10/1/26,⬆️,⏳,,0.8232,0.8232,0.7,0.0,0.0,0.0,0.0,C8FLOW,6.63,2026-10-01 12:35:01.192704+00:00
XRP/USDT,5m,10/1/26 13:05,10/1/26 13:10,10/1/26,⬇️,⏳,,0.6923,0.6923,0.65,0.0,0.0,0.0,0.0,C8FLOW,5.11,2026-10-01 13:05:01.091597+00:00
ETH/USDT,5m,10/1/26 22:05,10/1/26 22:10,10/1/26,⬆️,⏳,,0.7506,0.7506,0.65,0.0,0.0,0.0,0.0,C8FLOW,4.67,2026-10-01 22:05:01.448938+00:00
HYPE/USDT,5m,10/2/26 03:15,10/2/26 03:20,10/2/26,⬇️,⏳,,0.704,0.704,0.58,0.0,0.0,0.0,0.0,C8FLOW,11.23,2026-10-02 03:15:01.216401+00:00
DOGE/USDT,5m,10/2/26 03:15,10/2/26 03:20,10/2/26,⬇️,⏳,,0.7011,0.7011,0.6,0.0,0.0,0.0,0.0,C8FLOW,9.61,2026-10-02 03:15:01.216401+00:00
SOL/USDT,5m,10/2/26 07:05,10/2/26 07:10,10/2/26,⬇️,⏳,,0.7264,0.7264,0.7,0.0,0.0,0.0,0.0,C8FLOW,3.82,2026-10-02 07:05:01.113053+00:00
ETH/USDT,5m,10/2/26 08:05,10/2/26 08:10,10/2/26,⬇️,⏳,,0.7166,0.7166,0.65,0.0,0.0,0.0,0.0,C8FLOW,7.08,2026-10-02 08:05:01.125321+00:00
XRP/USDT,5m,10/2/26 10:10,10/2/26 10:15,10/2/26,⬇️,⏳,,0.6868,0.6868,0.65,0.0,0.0,0.0,0.0,C8FLOW,4.64,2026-10-02 10:10:01.127604+00:00
SOL/USDT,5m,10/2/26 10:55,10/2/26 11:00,10/2/26,⬆️,⏳,,0.7874,0.7874,0.72,0.0,0.0,0.0,0.0,C8FLOW,1.63,2026-10-02 10:55:01.229675+00:00
ETH/USDT,5m,10/2/26 13:55,10/2/26 14:00,10/2/26,⬇️,⏳,,0.6784,0.6784,0.65,0.0,0.0,0.0,0.0,C8FLOW,3.9,2026-10-02 13:55:01.166924+00:00
ETH/USDT,5m,10/2/26 14:55,10/2/26 15:00,10/2/26,⬇️,⏳,,0.8461,0.8461,0.78,0.0,0.0,0.0,0.0,C8FLOW,7.35,2026-10-02 14:55:01.107336+00:00
SOL/USDT,5m,10/2/26 18:10,10/2/26 18:15,10/2/26,⬇️,⏳,,0.6529,0.6529,0.57,0.0,0.0,0.0,0.0,C8FLOW,8.24,2026-10-02 18:10:01.198282+00:00
SOL/USDT,5m,10/2/26 18:40,10/2/26 18:45,10/2/26,⬇️,⏳,,0.874,0.874,0.85,0.0,0.0,0.0,0.0,C8FLOW,4.12,2026-10-02 18:40:01.170120+00:00
ETH/USDT,5m,10/2/26 18:40,10/2/26 18:45,10/2/26,⬇️,⏳,,0.8778,0.8778,0.82,0.0,0.0,0.0,0.0,C8FLOW,6.84,2026-10-02 18:40:01.170120+00:00
SOL/USDT,5m,10/2/26 20:40,10/2/26 20:45,10/2/26,⬇️,⏳,,0.6544,0.6544,0.56,0.0,0.0,0.0,0.0,C8FLOW,9.09,2026-10-02 20:40:01.616740+00:00
ETH/USDT,5m,10/2/26 22:05,10/2/26 22:10,10/2/26,⬇️,⏳,,0.6574,0.6574,0.62,0.0,0.0,0.0,0.0,C8FLOW,4.64,2026-10-02 22:05:01.112409+00:00
ETH/USDT,5m,10/2/26 23:45,10/2/26 23:50,10/2/26,⬇️,⏳,,0.6752,0.6752,0.54,0.0,0.0,0.0,0.0,C8FLOW,11.98,2026-10-02 23:45:01.219579+00:00
SOL/USDT,5m,10/3/26 00:05,10/3/26 00:10,10/3/26,⬇️,⏳,,0.7518,0.7518,0.62,0.0,0.0,0.0,0.0,C8FLOW,11.8,2026-10-03 00:05:01.364876+00:00
ETH/USDT,5m,10/3/26 00:05,10/3/26 00:10,10/3/26,⬇️,⏳,,0.7739,0.7739,0.66,0.0,0.0,0.0,0.0,C8FLOW,10.6,2026-10-03 00:05:01.364876+00:00
HYPE/USDT,5m,10/3/26 05:35,10/3/26 05:40,10/3/26,⬇️,⏳,,0.6584,0.6584,0.52,0.0,0.0,0.0,0.0,C8FLOW,12.18,2026-10-03 05:35:01.340726+00:00
SOL/USDT,5m,10/3/26 09:00,10/3/26 09:05,10/3/26,⬇️,⏳,,0.68,0.68,0.61,0.0,0.0,0.0,0.0,C8FLOW,7.3,2026-10-03 09:00:02.421310+00:00
ETH/USDT,5m,10/3/26 09:20,10/3/26 09:25,10/3/26,⬇️,⏳,,0.9402,0.9402,0.85,0.0,0.0,0.0,0.0,C8FLOW,6.64,2026-10-03 09:20:01.019224+00:00
SOL/USDT,5m,10/3/26 09:20,10/3/26 09:25,10/3/26,⬇️,⏳,,0.9219,0.9219,0.89,0.0,0.0,0.0,0.0,C8FLOW,3.89,2026-10-03 09:20:01.019224+00:00
BNB/USDT,5m,10/3/26 09:20,10/3/26 09:25,10/3/26,⬇️,⏳,,0.8267,0.8267,0.76,0.0,0.0,0.0,0.0,C8FLOW,5.73,2026-10-03 09:20:01.019224+00:00
XRP/USDT,5m,10/3/26 09:20,10/3/26 09:25,10/3/26,⬇️,⏳,,0.912,0.912,0.84,0.0,0.0,0.0,0.0,C8FLOW,6.24,2026-10-03 09:20:01.019224+00:00
ETH/USDT,5m,10/3/26 09:50,10/3/26 09:55,10/3/26,⬇️,⏳,,0.6692,0.6692,0.56,0.0,0.0,0.0,0.0,C8FLOW,10.16,2026-10-03 09:50:01.325420+00:00
ETH/USDT,5m,10/3/26 09:55,10/3/26 10:00,10/3/26,⬇️,⏳,,0.7976,0.7976,0.63,0.0,0.0,0.0,0.0,C8FLOW,14.22,2026-10-03 09:55:01.266420+00:00
SOL/USDT,5m,10/3/26 09:55,10/3/26 10:00,10/3/26,⬇️,⏳,,0.6825,0.6825,0.61,0.0,0.0,0.0,0.0,C8FLOW,7.49,2026-10-03 09:55:01.266420+00:00
ETH/USDT,5m,10/3/26 11:00,10/3/26 11:05,10/3/26,⬇️,⏳,,0.6905,0.6905,0.61,0.0,0.0,0.0,0.0,C8FLOW,8.1,2026-10-03 11:00:01.291803+00:00
ETH/USDT,5m,10/3/26 11:05,10/3/26 11:10,10/3/26,⬆️,⏳,,0.829,0.829,0.72,0.0,0.0,0.0,0.0,C8FLOW,5.53,2026-10-03 11:05:01.161874+00:00
ETH/USDT,5m,10/3/26 11:30,10/3/26 11:35,10/3/26,⬆️,⏳,,0.7135,0.7135,0.6,0.0,0.0,0.0,0.0,C8FLOW,5.68,2026-10-03 11:30:01.240787+00:00
XRP/USDT,5m,10/3/26 12:30,10/3/26 12:35,10/3/26,⬇️,⏳,,0.6964,0.6964,0.6,0.0,0.0,0.0,0.0,C8FLOW,8.65,2026-10-03 12:30:01.444567+00:00
ETH/USDT,5m,10/3/26 12:30,10/3/26 12:35,10/3/26,⬇️,⏳,,0.8266,0.8266,0.65,0.0,0.0,0.0,0.0,C8FLOW,13.85,2026-10-03 12:30:01.444567+00:00
ETH/USDT,5m,10/3/26 13:05,10/3/26 13:10,10/3/26,⬇️,⏳,,0.7347,0.7347,0.67,0.0,0.0,0.0,0.0,C8FLOW,6.97,2026-10-03 13:05:01.218177+00:00
ETH/USDT,5m,10/3/26 13:35,10/3/26 13:40,10/3/26,⬆️,⏳,,0.6982,0.6982,0.58,0.0,0.0,0.0,0.0,C8FLOW,6.04,2026-10-03 13:35:01.483945+00:00
ETH/USDT,5m,10/3/26 13:45,10/3/26 13:50,10/3/26,⬇️,⏳,,0.702,0.702,0.63,0.0,0.0,0.0,0.0,C8FLOW,7.47,2026-10-03 13:45:01.905719+00:00
SOL/USDT,5m,10/3/26 13:45,10/3/26 13:50,10/3/26,⬇️,⏳,,0.7572,0.7572,0.7,0.0,0.0,0.0,0.0,C8FLOW,6.44,2026-10-03 13:45:01.905719+00:00
ETH/USDT,5m,10/3/26 15:00,10/3/26 15:05,10/3/26,⬆️,⏳,,0.6507,0.6507,0.53,0.0,0.0,0.0,0.0,C8FLOW,6.21,2026-10-03 15:00:01.385136+00:00
ETH/USDT,5m,10/3/26 16:50,10/3/26 16:55,10/3/26,⬇️,⏳,,0.6601,0.6601,0.63,0.0,0.0,0.0,0.0,C8FLOW,4.01,2026-10-03 16:50:01.267447+00:00
ETH/USDT,5m,10/3/26 17:10,10/3/26 17:15,10/3/26,⬆️,⏳,,0.7617,0.7617,0.64,0.0,0.0,0.0,0.0,C8FLOW,6.4,2026-10-03 17:10:01.400585+00:00
XRP/USDT,5m,10/3/26 18:40,10/3/26 18:45,10/3/26,⬇️,⏳,,0.6647,0.6647,0.51,0.0,0.0,0.0,0.0,C8FLOW,13.29,2026-10-03 18:40:03.778740+00:00
ETH/USDT,5m,10/3/26 20:20,10/3/26 20:25,10/3/26,⬆️,⏳,,0.6881,0.6881,0.59,0.0,0.0,0.0,0.0,C8FLOW,4.35,2026-10-03 20:20:01.370840+00:00
SOL/USDT,5m,10/3/26 21:20,10/3/26 21:25,10/3/26,⬇️,⏳,,0.6682,0.6682,0.61,0.0,0.0,0.0,0.0,C8FLOW,6.37,2026-10-03 21:20:01.295475+00:00
XRP/USDT,5m,10/3/26 21:20,10/3/26 21:25,10/3/26,⬇️,⏳,,0.667,0.667,0.58,0.0,0.0,0.0,0.0,C8FLOW,8.56,2026-10-03 21:20:01.295475+00:00
SOL/USDT,5m,10/3/26 21:55,10/3/26 22:00,10/3/26,⬇️,⏳,,0.6639,0.6639,0.61,0.0,0.0,0.0,0.0,C8FLOW,6.01,2026-10-03 21:55:01.236269+00:00
DOGE/USDT,5m,10/3/26 23:15,10/3/26 23:20,10/3/26,⬆️,⏳,,0.6616,0.6616,0.59,0.0,0.0,0.0,0.0,C8FLOW,1.78,2026-10-03 23:15:01.132370+00:00
ETH/USDT,5m,10/4/26 00:35,10/4/26 00:40,10/4/26,⬆️,⏳,,0.7522,0.7522,0.58,0.0,0.0,0.0,0.0,C8FLOW,10.14,2026-10-04 00:35:01.277436+00:00
SOL/USDT,5m,10/4/26 00:35,10/4/26 00:40,10/4/26,⬆️,⏳,,0.8016,0.8016,0.64,0.0,0.0,0.0,0.0,C8FLOW,9.44,2026-10-04 00:35:01.277436+00:00
XRP/USDT,5m,10/4/26 00:35,10/4/26 00:40,10/4/26,⬆️,⏳,,0.7196,0.7196,0.64,0.0,0.0,0.0,0.0,C8FLOW,2.71,2026-10-04 00:35:01.277436+00:00
