day,mkt_open,asset,side,ask
2026-09-11,2026-09-11 07:25:00+00:00,bnb,DOWN,0.79
2026-09-12,2026-09-12 00:30:00+00:00,bnb,DOWN,0.51
2026-09-12,2026-09-12 05:40:00+00:00,bnb,DOWN,0.51
2026-09-12,2026-09-12 05:55:00+00:00,bnb,DOWN,0.51
2026-09-12,2026-09-12 23:05:00+00:00,bnb,DOWN,0.65
2026-09-15,2026-09-15 18:20:00+00:00,bnb,DOWN,0.53
2026-09-16,2026-09-16 01:40:00+00:00,bnb,DOWN,0.63
2026-09-16,2026-09-16 03:30:00+00:00,bnb,DOWN,0.63
2026-09-17,2026-09-17 03:35:00+00:00,bnb,DOWN,0.68
2026-09-17,2026-09-17 06:45:00+00:00,bnb,DOWN,0.63
2026-09-17,2026-09-17 13:05:00+00:00,bnb,DOWN,0.63
2026-09-17,2026-09-17 18:10:00+00:00,bnb,DOWN,0.62
2026-09-19,2026-09-19 17:10:00+00:00,bnb,DOWN,0.51
2026-09-19,2026-09-19 17:25:00+00:00,bnb,DOWN,0.51
2026-09-19,2026-09-19 21:05:00+00:00,bnb,DOWN,0.65
2026-09-20,2026-09-20 02:35:00+00:00,bnb,DOWN,0.63
2026-09-20,2026-09-20 20:20:00+00:00,bnb,DOWN,0.56
2026-09-21,2026-09-21 18:55:00+00:00,bnb,DOWN,0.59
2026-09-21,2026-09-21 20:45:00+00:00,bnb,DOWN,0.55
2026-09-22,2026-09-22 21:10:00+00:00,bnb,DOWN,0.72
2026-09-24,2026-09-24 05:25:00+00:00,bnb,DOWN,0.62
2026-09-27,2026-09-27 17:30:00+00:00,bnb,DOWN,0.68
2026-09-11,2026-09-11 15:15:00+00:00,doge,DOWN,0.65
2026-09-11,2026-09-11 16:30:00+00:00,doge,DOWN,0.51
2026-09-12,2026-09-12 00:00:00+00:00,doge,DOWN,0.52
2026-09-12,2026-09-12 00:30:00+00:00,doge,DOWN,0.52
2026-09-12,2026-09-12 00:50:00+00:00,doge,DOWN,0.51
2026-09-12,2026-09-12 05:55:00+00:00,doge,DOWN,0.51
2026-09-12,2026-09-12 07:35:00+00:00,doge,DOWN,0.51
2026-09-16,2026-09-16 03:20:00+00:00,doge,DOWN,0.75
2026-09-16,2026-09-16 22:00:00+00:00,doge,DOWN,0.62
2026-09-17,2026-09-17 00:45:00+00:00,doge,DOWN,0.64
2026-09-17,2026-09-17 23:35:00+00:00,doge,DOWN,0.64
2026-09-18,2026-09-18 22:20:00+00:00,doge,DOWN,0.61
2026-09-19,2026-09-19 09:15:00+00:00,doge,DOWN,0.65
2026-09-19,2026-09-19 17:15:00+00:00,doge,DOWN,0.51
2026-09-19,2026-09-19 17:20:00+00:00,doge,DOWN,0.51
2026-09-19,2026-09-19 22:50:00+00:00,doge,DOWN,0.53
2026-09-20,2026-09-20 07:30:00+00:00,doge,DOWN,0.6
2026-09-21,2026-09-21 22:40:00+00:00,doge,DOWN,0.58
2026-09-22,2026-09-22 17:50:00+00:00,doge,DOWN,0.7
2026-09-25,2026-09-25 04:45:00+00:00,doge,DOWN,0.6
2026-09-25,2026-09-25 08:30:00+00:00,doge,DOWN,0.7
2026-09-25,2026-09-25 16:45:00+00:00,doge,DOWN,0.7
2026-09-26,2026-09-26 14:45:00+00:00,doge,DOWN,0.65
2026-09-26,2026-09-26 17:35:00+00:00,doge,DOWN,0.7
2026-09-26,2026-09-26 18:35:00+00:00,doge,DOWN,0.58
2026-09-26,2026-09-26 20:05:00+00:00,doge,DOWN,0.68
2026-09-27,2026-09-27 03:55:00+00:00,doge,DOWN,0.6
2026-09-11,2026-09-11 07:25:00+00:00,eth,DOWN,0.53
2026-09-11,2026-09-11 08:10:00+00:00,eth,DOWN,0.63
2026-09-11,2026-09-11 08:15:00+00:00,eth,DOWN,0.56
2026-09-11,2026-09-11 09:30:00+00:00,eth,DOWN,0.58
2026-09-11,2026-09-11 12:05:00+00:00,eth,DOWN,0.63
2026-09-12,2026-09-12 00:25:00+00:00,eth,UP,0.51
2026-09-12,2026-09-12 02:00:00+00:00,eth,DOWN,0.62
2026-09-12,2026-09-12 02:35:00+00:00,eth,DOWN,0.7
2026-09-12,2026-09-12 03:05:00+00:00,eth,UP,0.61
2026-09-12,2026-09-12 03:55:00+00:00,eth,UP,0.58
2026-09-12,2026-09-12 05:10:00+00:00,eth,DOWN,0.63
2026-09-12,2026-09-12 05:40:00+00:00,eth,DOWN,0.59
2026-09-12,2026-09-12 06:20:00+00:00,eth,DOWN,0.55
2026-09-12,2026-09-12 10:00:00+00:00,eth,UP,0.53
2026-09-12,2026-09-12 12:35:00+00:00,eth,DOWN,0.54
2026-09-12,2026-09-12 12:55:00+00:00,eth,UP,0.5
2026-09-12,2026-09-12 13:10:00+00:00,eth,DOWN,0.63
2026-09-12,2026-09-12 14:40:00+00:00,eth,DOWN,0.55
2026-09-12,2026-09-12 15:00:00+00:00,eth,UP,0.55
2026-09-12,2026-09-12 15:20:00+00:00,eth,DOWN,0.72
2026-09-12,2026-09-12 16:55:00+00:00,eth,UP,0.52
2026-09-12,2026-09-12 17:55:00+00:00,eth,UP,0.58
2026-09-12,2026-09-12 18:55:00+00:00,eth,UP,0.54
2026-09-12,2026-09-12 19:10:00+00:00,eth,UP,0.49
2026-09-12,2026-09-12 21:45:00+00:00,eth,DOWN,0.62
2026-09-12,2026-09-12 23:05:00+00:00,eth,DOWN,0.53
2026-09-12,2026-09-12 23:35:00+00:00,eth,DOWN,0.63
2026-09-13,2026-09-13 00:15:00+00:00,eth,DOWN,0.59
2026-09-13,2026-09-13 00:30:00+00:00,eth,DOWN,0.52
2026-09-13,2026-09-13 00:50:00+00:00,eth,DOWN,0.59
2026-09-13,2026-09-13 01:00:00+00:00,eth,DOWN,0.58
2026-09-13,2026-09-13 02:55:00+00:00,eth,UP,0.53
2026-09-13,2026-09-13 03:40:00+00:00,eth,DOWN,0.53
2026-09-13,2026-09-13 06:00:00+00:00,eth,DOWN,0.62
2026-09-13,2026-09-13 08:45:00+00:00,eth,UP,0.55
2026-09-13,2026-09-13 09:55:00+00:00,eth,UP,0.52
2026-09-13,2026-09-13 11:00:00+00:00,eth,UP,0.57
2026-09-13,2026-09-13 11:05:00+00:00,eth,UP,0.56
2026-09-13,2026-09-13 11:10:00+00:00,eth,DOWN,0.49
2026-09-13,2026-09-13 12:30:00+00:00,eth,DOWN,0.55
2026-09-13,2026-09-13 13:10:00+00:00,eth,UP,0.59
2026-09-13,2026-09-13 13:40:00+00:00,eth,UP,0.51
2026-09-13,2026-09-13 14:35:00+00:00,eth,UP,0.59
2026-09-13,2026-09-13 16:10:00+00:00,eth,UP,0.52
2026-09-13,2026-09-13 17:05:00+00:00,eth,UP,0.52
2026-09-13,2026-09-13 18:10:00+00:00,eth,DOWN,0.51
2026-09-13,2026-09-13 18:20:00+00:00,eth,DOWN,0.57
2026-09-13,2026-09-13 19:10:00+00:00,eth,DOWN,0.64
2026-09-13,2026-09-13 19:50:00+00:00,eth,DOWN,0.6
2026-09-13,2026-09-13 19:55:00+00:00,eth,UP,0.56
2026-09-13,2026-09-13 21:35:00+00:00,eth,DOWN,0.66
2026-09-13,2026-09-13 23:25:00+00:00,eth,UP,0.62
2026-09-14,2026-09-14 00:00:00+00:00,eth,DOWN,0.6
2026-09-14,2026-09-14 00:30:00+00:00,eth,UP,0.65
2026-09-14,2026-09-14 07:30:00+00:00,eth,DOWN,0.58
2026-09-14,2026-09-14 11:40:00+00:00,eth,DOWN,0.55
2026-09-14,2026-09-14 12:35:00+00:00,eth,DOWN,0.7
2026-09-14,2026-09-14 16:35:00+00:00,eth,UP,0.5
2026-09-15,2026-09-15 00:45:00+00:00,eth,DOWN,0.49
2026-09-15,2026-09-15 01:50:00+00:00,eth,UP,0.5
2026-09-15,2026-09-15 04:15:00+00:00,eth,DOWN,0.63
2026-09-15,2026-09-15 06:35:00+00:00,eth,UP,0.57
2026-09-15,2026-09-15 06:40:00+00:00,eth,DOWN,0.55
2026-09-15,2026-09-15 08:05:00+00:00,eth,DOWN,0.57
2026-09-15,2026-09-15 10:55:00+00:00,eth,DOWN,0.55
2026-09-15,2026-09-15 12:25:00+00:00,eth,DOWN,0.55
2026-09-15,2026-09-15 14:00:00+00:00,eth,UP,0.65
2026-09-15,2026-09-15 15:45:00+00:00,eth,DOWN,0.59
2026-09-15,2026-09-15 15:55:00+00:00,eth,DOWN,0.63
2026-09-15,2026-09-15 17:05:00+00:00,eth,DOWN,0.62
2026-09-15,2026-09-15 18:20:00+00:00,eth,DOWN,0.5
2026-09-15,2026-09-15 20:50:00+00:00,eth,UP,0.61
2026-09-15,2026-09-15 21:05:00+00:00,eth,DOWN,0.6
2026-09-16,2026-09-16 01:40:00+00:00,eth,DOWN,0.56
2026-09-16,2026-09-16 01:55:00+00:00,eth,DOWN,0.53
2026-09-16,2026-09-16 03:20:00+00:00,eth,DOWN,0.55
2026-09-16,2026-09-16 03:30:00+00:00,eth,DOWN,0.67
2026-09-16,2026-09-16 03:35:00+00:00,eth,DOWN,0.64
2026-09-16,2026-09-16 04:10:00+00:00,eth,DOWN,0.59
2026-09-16,2026-09-16 05:40:00+00:00,eth,DOWN,0.52
2026-09-16,2026-09-16 07:40:00+00:00,eth,UP,0.6
2026-09-16,2026-09-16 08:05:00+00:00,eth,DOWN,0.69
2026-09-16,2026-09-16 09:30:00+00:00,eth,DOWN,0.63
2026-09-16,2026-09-16 10:30:00+00:00,eth,UP,0.6
2026-09-16,2026-09-16 11:05:00+00:00,eth,DOWN,0.59
2026-09-16,2026-09-16 11:25:00+00:00,eth,DOWN,0.54
2026-09-16,2026-09-16 12:30:00+00:00,eth,UP,0.5
2026-09-16,2026-09-16 14:20:00+00:00,eth,DOWN,0.66
2026-09-16,2026-09-16 15:45:00+00:00,eth,DOWN,0.58
2026-09-16,2026-09-16 17:15:00+00:00,eth,UP,0.62
2026-09-16,2026-09-16 18:30:00+00:00,eth,UP,0.65
2026-09-17,2026-09-17 01:35:00+00:00,eth,DOWN,0.43
2026-09-17,2026-09-17 05:40:00+00:00,eth,DOWN,0.5
2026-09-17,2026-09-17 05:50:00+00:00,eth,DOWN,0.57
2026-09-17,2026-09-17 06:05:00+00:00,eth,DOWN,0.52
2026-09-17,2026-09-17 06:45:00+00:00,eth,DOWN,0.56
2026-09-17,2026-09-17 12:10:00+00:00,eth,UP,0.63
2026-09-17,2026-09-17 16:45:00+00:00,eth,UP,0.59
2026-09-17,2026-09-17 17:00:00+00:00,eth,UP,0.64
2026-09-17,2026-09-17 17:05:00+00:00,eth,UP,0.64
2026-09-17,2026-09-17 21:45:00+00:00,eth,DOWN,0.62
2026-09-18,2026-09-18 00:55:00+00:00,eth,UP,0.64
2026-09-18,2026-09-18 02:20:00+00:00,eth,DOWN,0.59
2026-09-18,2026-09-18 05:10:00+00:00,eth,DOWN,0.71
2026-09-18,2026-09-18 05:40:00+00:00,eth,DOWN,0.57
2026-09-18,2026-09-18 07:20:00+00:00,eth,DOWN,0.53
2026-09-18,2026-09-18 13:05:00+00:00,eth,UP,0.55
2026-09-18,2026-09-18 19:10:00+00:00,eth,UP,0.51
2026-09-18,2026-09-18 19:15:00+00:00,eth,UP,0.53
2026-09-18,2026-09-18 20:50:00+00:00,eth,DOWN,0.59
2026-09-18,2026-09-18 21:30:00+00:00,eth,UP,0.56
2026-09-18,2026-09-18 21:40:00+00:00,eth,UP,0.4
2026-09-18,2026-09-18 21:50:00+00:00,eth,UP,0.6
2026-09-18,2026-09-18 21:55:00+00:00,eth,DOWN,0.53
2026-09-18,2026-09-18 23:35:00+00:00,eth,UP,0.58
2026-09-19,2026-09-19 03:00:00+00:00,eth,UP,0.54
2026-09-19,2026-09-19 04:45:00+00:00,eth,DOWN,0.63
2026-09-19,2026-09-19 07:00:00+00:00,eth,DOWN,0.55
2026-09-19,2026-09-19 11:10:00+00:00,eth,UP,0.45
2026-09-19,2026-09-19 12:10:00+00:00,eth,UP,0.51
2026-09-19,2026-09-19 12:20:00+00:00,eth,DOWN,0.53
2026-09-19,2026-09-19 14:10:00+00:00,eth,DOWN,0.6
2026-09-19,2026-09-19 15:15:00+00:00,eth,DOWN,0.56
2026-09-19,2026-09-19 16:15:00+00:00,eth,DOWN,0.51
2026-09-19,2026-09-19 17:10:00+00:00,eth,DOWN,0.51
2026-09-19,2026-09-19 17:15:00+00:00,eth,DOWN,0.51
2026-09-19,2026-09-19 20:30:00+00:00,eth,DOWN,0.59
2026-09-19,2026-09-19 21:15:00+00:00,eth,DOWN,0.64
2026-09-19,2026-09-19 21:50:00+00:00,eth,UP,0.56
2026-09-20,2026-09-20 00:40:00+00:00,eth,UP,0.66
2026-09-20,2026-09-20 00:50:00+00:00,eth,DOWN,0.54
2026-09-20,2026-09-20 02:40:00+00:00,eth,DOWN,0.59
2026-09-20,2026-09-20 02:45:00+00:00,eth,DOWN,0.76
2026-09-20,2026-09-20 05:40:00+00:00,eth,DOWN,0.61
2026-09-20,2026-09-20 06:45:00+00:00,eth,UP,0.6
2026-09-20,2026-09-20 07:20:00+00:00,eth,DOWN,0.57
2026-09-20,2026-09-20 08:00:00+00:00,eth,DOWN,0.59
2026-09-20,2026-09-20 08:40:00+00:00,eth,DOWN,0.57
2026-09-20,2026-09-20 10:10:00+00:00,eth,DOWN,0.55
2026-09-20,2026-09-20 13:25:00+00:00,eth,DOWN,0.6
2026-09-20,2026-09-20 13:35:00+00:00,eth,DOWN,0.64
2026-09-20,2026-09-20 16:10:00+00:00,eth,UP,0.6
2026-09-20,2026-09-20 17:45:00+00:00,eth,UP,0.62
2026-09-20,2026-09-20 21:35:00+00:00,eth,DOWN,0.54
2026-09-20,2026-09-20 21:50:00+00:00,eth,DOWN,0.56
2026-09-21,2026-09-21 00:05:00+00:00,eth,UP,0.54
2026-09-21,2026-09-21 02:20:00+00:00,eth,UP,0.6
2026-09-21,2026-09-21 02:40:00+00:00,eth,UP,0.58
2026-09-21,2026-09-21 05:35:00+00:00,eth,UP,0.52
2026-09-21,2026-09-21 06:05:00+00:00,eth,UP,0.6
2026-09-21,2026-09-21 09:10:00+00:00,eth,DOWN,0.6
2026-09-21,2026-09-21 10:00:00+00:00,eth,UP,0.58
2026-09-21,2026-09-21 10:55:00+00:00,eth,UP,0.57
2026-09-21,2026-09-21 12:05:00+00:00,eth,UP,0.58
2026-09-21,2026-09-21 14:20:00+00:00,eth,UP,0.55
2026-09-21,2026-09-21 15:40:00+00:00,eth,UP,0.54
2026-09-21,2026-09-21 16:35:00+00:00,eth,DOWN,0.57
2026-09-21,2026-09-21 17:05:00+00:00,eth,DOWN,0.55
2026-09-21,2026-09-21 18:50:00+00:00,eth,UP,0.52
2026-09-21,2026-09-21 19:20:00+00:00,eth,UP,0.49
2026-09-21,2026-09-21 19:30:00+00:00,eth,UP,0.55
2026-09-21,2026-09-21 23:15:00+00:00,eth,DOWN,0.65
2026-09-22,2026-09-22 02:55:00+00:00,eth,UP,0.64
2026-09-22,2026-09-22 04:20:00+00:00,eth,DOWN,0.6
2026-09-22,2026-09-22 06:30:00+00:00,eth,UP,0.55
2026-09-22,2026-09-22 07:20:00+00:00,eth,DOWN,0.69
2026-09-22,2026-09-22 10:40:00+00:00,eth,UP,0.57
2026-09-22,2026-09-22 13:30:00+00:00,eth,UP,0.55
2026-09-22,2026-09-22 15:05:00+00:00,eth,UP,0.55
2026-09-22,2026-09-22 15:25:00+00:00,eth,DOWN,0.69
2026-09-22,2026-09-22 16:10:00+00:00,eth,DOWN,0.57
2026-09-22,2026-09-22 16:50:00+00:00,eth,UP,0.66
2026-09-22,2026-09-22 19:00:00+00:00,eth,DOWN,0.55
2026-09-22,2026-09-22 20:25:00+00:00,eth,UP,0.52
2026-09-22,2026-09-22 21:10:00+00:00,eth,DOWN,0.67
2026-09-22,2026-09-22 22:55:00+00:00,eth,DOWN,0.55
2026-09-23,2026-09-23 00:10:00+00:00,eth,UP,0.54
2026-09-23,2026-09-23 00:20:00+00:00,eth,UP,0.6
2026-09-23,2026-09-23 00:50:00+00:00,eth,UP,0.57
2026-09-23,2026-09-23 01:40:00+00:00,eth,DOWN,0.57
2026-09-23,2026-09-23 09:25:00+00:00,eth,UP,0.61
2026-09-23,2026-09-23 09:55:00+00:00,eth,UP,0.57
2026-09-23,2026-09-23 12:25:00+00:00,eth,UP,0.6
2026-09-23,2026-09-23 14:35:00+00:00,eth,UP,0.59
2026-09-23,2026-09-23 14:55:00+00:00,eth,UP,0.54
2026-09-23,2026-09-23 16:10:00+00:00,eth,UP,0.53
2026-09-23,2026-09-23 19:00:00+00:00,eth,DOWN,0.63
2026-09-23,2026-09-23 19:30:00+00:00,eth,UP,0.56
2026-09-23,2026-09-23 20:10:00+00:00,eth,DOWN,0.58
2026-09-23,2026-09-23 20:40:00+00:00,eth,UP,0.58
2026-09-23,2026-09-23 21:20:00+00:00,eth,DOWN,0.56
2026-09-23,2026-09-23 22:50:00+00:00,eth,UP,0.56
2026-09-24,2026-09-24 00:10:00+00:00,eth,DOWN,0.57
2026-09-24,2026-09-24 01:00:00+00:00,eth,DOWN,0.57
2026-09-24,2026-09-24 01:10:00+00:00,eth,DOWN,0.53
2026-09-24,2026-09-24 05:50:00+00:00,eth,DOWN,0.6
2026-09-24,2026-09-24 11:35:00+00:00,eth,DOWN,0.58
2026-09-24,2026-09-24 15:55:00+00:00,eth,UP,0.63
2026-09-24,2026-09-24 23:40:00+00:00,eth,DOWN,0.63
2026-09-25,2026-09-25 03:05:00+00:00,eth,UP,0.52
2026-09-25,2026-09-25 03:55:00+00:00,eth,DOWN,0.5
2026-09-25,2026-09-25 04:50:00+00:00,eth,DOWN,0.51
2026-09-25,2026-09-25 05:35:00+00:00,eth,DOWN,0.61
2026-09-25,2026-09-25 06:10:00+00:00,eth,DOWN,0.88
2026-09-25,2026-09-25 07:05:00+00:00,eth,DOWN,0.65
2026-09-25,2026-09-25 08:35:00+00:00,eth,DOWN,0.55
2026-09-25,2026-09-25 13:20:00+00:00,eth,DOWN,0.65
2026-09-25,2026-09-25 15:40:00+00:00,eth,DOWN,0.66
2026-09-25,2026-09-25 19:30:00+00:00,eth,UP,0.53
2026-09-25,2026-09-25 19:35:00+00:00,eth,DOWN,0.64
2026-09-25,2026-09-25 23:25:00+00:00,eth,DOWN,0.59
2026-09-25,2026-09-25 23:35:00+00:00,eth,DOWN,0.62
2026-09-25,2026-09-25 23:55:00+00:00,eth,DOWN,0.56
2026-09-26,2026-09-26 00:10:00+00:00,eth,DOWN,0.67
2026-09-26,2026-09-26 04:15:00+00:00,eth,DOWN,0.31
2026-09-26,2026-09-26 06:15:00+00:00,eth,DOWN,0.66
2026-09-26,2026-09-26 07:10:00+00:00,eth,DOWN,0.59
2026-09-26,2026-09-26 08:05:00+00:00,eth,DOWN,0.56
2026-09-26,2026-09-26 09:30:00+00:00,eth,UP,0.54
2026-09-26,2026-09-26 11:20:00+00:00,eth,DOWN,0.57
2026-09-26,2026-09-26 12:40:00+00:00,eth,UP,0.63
2026-09-26,2026-09-26 17:35:00+00:00,eth,DOWN,0.67
2026-09-26,2026-09-26 18:15:00+00:00,eth,DOWN,0.61
2026-09-26,2026-09-26 18:35:00+00:00,eth,DOWN,0.59
2026-09-26,2026-09-26 20:25:00+00:00,eth,UP,0.52
2026-09-26,2026-09-26 22:45:00+00:00,eth,DOWN,0.56
2026-09-27,2026-09-27 00:25:00+00:00,eth,DOWN,0.54
2026-09-27,2026-09-27 05:45:00+00:00,eth,UP,0.57
2026-09-27,2026-09-27 06:20:00+00:00,eth,UP,0.56
2026-09-27,2026-09-27 11:05:00+00:00,eth,UP,0.63
2026-09-27,2026-09-27 11:25:00+00:00,eth,UP,0.57
2026-09-27,2026-09-27 11:45:00+00:00,eth,UP,0.69
2026-09-27,2026-09-27 15:35:00+00:00,eth,DOWN,0.63
2026-09-27,2026-09-27 17:20:00+00:00,eth,DOWN,0.55
2026-09-27,2026-09-27 19:10:00+00:00,eth,UP,0.61
2026-09-27,2026-09-27 19:25:00+00:00,eth,UP,0.59
2026-09-27,2026-09-27 23:15:00+00:00,eth,DOWN,0.61
2026-09-12,2026-09-12 05:50:00+00:00,hype,DOWN,0.51
2026-09-12,2026-09-12 06:30:00+00:00,hype,DOWN,0.51
2026-09-12,2026-09-12 07:35:00+00:00,hype,DOWN,0.51
2026-09-12,2026-09-12 14:35:00+00:00,hype,DOWN,0.7
2026-09-19,2026-09-19 17:15:00+00:00,hype,DOWN,0.53
2026-09-19,2026-09-19 17:20:00+00:00,hype,DOWN,0.53
2026-09-24,2026-09-24 07:40:00+00:00,hype,DOWN,0.63
2026-09-25,2026-09-25 08:30:00+00:00,hype,DOWN,0.7
2026-09-25,2026-09-25 10:15:00+00:00,hype,DOWN,0.53
2026-09-11,2026-09-11 07:25:00+00:00,sol,DOWN,0.78
2026-09-11,2026-09-11 10:10:00+00:00,sol,DOWN,0.75
2026-09-11,2026-09-11 14:15:00+00:00,sol,DOWN,0.54
2026-09-11,2026-09-11 16:30:00+00:00,sol,DOWN,0.5
2026-09-12,2026-09-12 05:40:00+00:00,sol,DOWN,0.51
2026-09-12,2026-09-12 15:20:00+00:00,sol,DOWN,0.81
2026-09-12,2026-09-12 16:00:00+00:00,sol,DOWN,0.5
2026-09-12,2026-09-12 22:50:00+00:00,sol,DOWN,0.6
2026-09-14,2026-09-14 00:00:00+00:00,sol,DOWN,0.26
2026-09-14,2026-09-14 12:35:00+00:00,sol,DOWN,0.68
2026-09-14,2026-09-14 17:10:00+00:00,sol,DOWN,0.47
2026-09-14,2026-09-14 22:40:00+00:00,sol,DOWN,0.6
2026-09-15,2026-09-15 03:10:00+00:00,sol,DOWN,0.49
2026-09-15,2026-09-15 06:00:00+00:00,sol,DOWN,0.57
2026-09-15,2026-09-15 06:40:00+00:00,sol,DOWN,0.65
2026-09-15,2026-09-15 08:25:00+00:00,sol,DOWN,0.55
2026-09-15,2026-09-15 12:25:00+00:00,sol,DOWN,0.57
2026-09-15,2026-09-15 21:40:00+00:00,sol,DOWN,0.52
2026-09-16,2026-09-16 03:20:00+00:00,sol,DOWN,0.65
2026-09-16,2026-09-16 06:25:00+00:00,sol,DOWN,0.6
2026-09-16,2026-09-16 16:00:00+00:00,sol,DOWN,0.55
2026-09-16,2026-09-16 20:25:00+00:00,sol,DOWN,0.6
2026-09-16,2026-09-16 21:00:00+00:00,sol,DOWN,0.57
2026-09-16,2026-09-16 22:00:00+00:00,sol,DOWN,0.59
2026-09-17,2026-09-17 04:30:00+00:00,sol,DOWN,0.74
2026-09-17,2026-09-17 04:50:00+00:00,sol,DOWN,0.56
2026-09-17,2026-09-17 10:40:00+00:00,sol,DOWN,0.58
2026-09-17,2026-09-17 23:35:00+00:00,sol,DOWN,0.68
2026-09-18,2026-09-18 05:10:00+00:00,sol,DOWN,0.74
2026-09-18,2026-09-18 09:55:00+00:00,sol,DOWN,0.51
2026-09-18,2026-09-18 10:55:00+00:00,sol,DOWN,0.54
2026-09-18,2026-09-18 16:00:00+00:00,sol,DOWN,0.54
2026-09-18,2026-09-18 19:55:00+00:00,sol,DOWN,0.53
2026-09-18,2026-09-18 23:00:00+00:00,sol,DOWN,0.41
2026-09-19,2026-09-19 05:55:00+00:00,sol,DOWN,0.59
2026-09-19,2026-09-19 21:05:00+00:00,sol,DOWN,0.66
2026-09-20,2026-09-20 02:45:00+00:00,sol,DOWN,0.88
2026-09-20,2026-09-20 06:00:00+00:00,sol,DOWN,0.57
2026-09-20,2026-09-20 17:20:00+00:00,sol,DOWN,0.57
2026-09-20,2026-09-20 18:05:00+00:00,sol,DOWN,0.54
2026-09-21,2026-09-21 21:15:00+00:00,sol,DOWN,0.6
2026-09-22,2026-09-22 16:10:00+00:00,sol,DOWN,0.62
2026-09-22,2026-09-22 21:10:00+00:00,sol,DOWN,0.7
2026-09-23,2026-09-23 07:20:00+00:00,sol,DOWN,0.64
2026-09-23,2026-09-23 12:05:00+00:00,sol,DOWN,0.55
2026-09-23,2026-09-23 14:45:00+00:00,sol,DOWN,0.52
2026-09-24,2026-09-24 01:10:00+00:00,sol,DOWN,0.5
2026-09-24,2026-09-24 18:20:00+00:00,sol,DOWN,0.58
2026-09-24,2026-09-24 18:30:00+00:00,sol,DOWN,0.57
2026-09-25,2026-09-25 02:35:00+00:00,sol,DOWN,0.7
2026-09-25,2026-09-25 08:35:00+00:00,sol,DOWN,0.52
2026-09-25,2026-09-25 13:20:00+00:00,sol,DOWN,0.69
2026-09-26,2026-09-26 02:20:00+00:00,sol,DOWN,0.52
2026-09-26,2026-09-26 04:15:00+00:00,sol,DOWN,0.49
2026-09-26,2026-09-26 08:40:00+00:00,sol,DOWN,0.65
2026-09-27,2026-09-27 02:35:00+00:00,sol,DOWN,0.53
2026-09-27,2026-09-27 20:50:00+00:00,sol,DOWN,0.7
2026-09-11,2026-09-11 08:40:00+00:00,xrp,DOWN,0.56
2026-09-11,2026-09-11 23:30:00+00:00,xrp,DOWN,0.51
2026-09-12,2026-09-12 03:35:00+00:00,xrp,DOWN,0.5
2026-09-12,2026-09-12 04:25:00+00:00,xrp,DOWN,0.51
2026-09-12,2026-09-12 05:20:00+00:00,xrp,DOWN,0.51
2026-09-12,2026-09-12 05:45:00+00:00,xrp,DOWN,0.51
2026-09-12,2026-09-12 05:55:00+00:00,xrp,DOWN,0.51
2026-09-12,2026-09-12 06:55:00+00:00,xrp,DOWN,0.51
2026-09-12,2026-09-12 12:35:00+00:00,xrp,DOWN,0.51
2026-09-12,2026-09-12 14:35:00+00:00,xrp,DOWN,0.78
2026-09-13,2026-09-13 00:45:00+00:00,xrp,DOWN,0.58
2026-09-13,2026-09-13 00:55:00+00:00,xrp,DOWN,0.6
2026-09-14,2026-09-14 04:55:00+00:00,xrp,DOWN,0.52
2026-09-14,2026-09-14 13:20:00+00:00,xrp,DOWN,0.69
2026-09-14,2026-09-14 15:30:00+00:00,xrp,DOWN,0.51
2026-09-15,2026-09-15 12:25:00+00:00,xrp,DOWN,0.52
2026-09-16,2026-09-16 14:20:00+00:00,xrp,DOWN,0.65
2026-09-17,2026-09-17 00:45:00+00:00,xrp,DOWN,0.6
2026-09-17,2026-09-17 01:35:00+00:00,xrp,DOWN,0.53
2026-09-17,2026-09-17 03:35:00+00:00,xrp,DOWN,0.71
2026-09-17,2026-09-17 04:30:00+00:00,xrp,DOWN,0.74
2026-09-17,2026-09-17 05:40:00+00:00,xrp,DOWN,0.56
2026-09-17,2026-09-17 06:05:00+00:00,xrp,DOWN,0.61
2026-09-17,2026-09-17 18:25:00+00:00,xrp,DOWN,0.6
2026-09-18,2026-09-18 04:55:00+00:00,xrp,DOWN,0.52
2026-09-19,2026-09-19 11:05:00+00:00,xrp,DOWN,0.58
2026-09-19,2026-09-19 17:30:00+00:00,xrp,DOWN,0.51
2026-09-19,2026-09-19 17:45:00+00:00,xrp,DOWN,0.51
2026-09-20,2026-09-20 20:20:00+00:00,xrp,DOWN,0.64
2026-09-20,2026-09-20 21:35:00+00:00,xrp,DOWN,0.57
2026-09-21,2026-09-21 08:55:00+00:00,xrp,DOWN,0.51
2026-09-21,2026-09-21 09:40:00+00:00,xrp,DOWN,0.68
2026-09-21,2026-09-21 16:35:00+00:00,xrp,DOWN,0.56
2026-09-22,2026-09-22 10:15:00+00:00,xrp,DOWN,0.51
2026-09-22,2026-09-22 18:20:00+00:00,xrp,DOWN,0.52
2026-09-22,2026-09-22 21:20:00+00:00,xrp,DOWN,0.55
2026-09-23,2026-09-23 04:20:00+00:00,xrp,DOWN,0.55
2026-09-23,2026-09-23 19:00:00+00:00,xrp,DOWN,0.59
2026-09-25,2026-09-25 08:30:00+00:00,xrp,DOWN,0.63
2026-09-25,2026-09-25 17:45:00+00:00,xrp,DOWN,0.55
2026-09-25,2026-09-25 22:55:00+00:00,xrp,DOWN,0.57
2026-09-26,2026-09-26 00:05:00+00:00,xrp,DOWN,0.52
2026-09-26,2026-09-26 08:40:00+00:00,xrp,DOWN,0.59
2026-09-27,2026-09-27 00:00:00+00:00,xrp,DOWN,0.65
2026-09-27,2026-09-27 00:20:00+00:00,xrp,DOWN,0.61
2026-09-27,2026-09-27 02:35:00+00:00,xrp,DOWN,0.54
2026-09-27,2026-09-27 02:55:00+00:00,xrp,DOWN,0.61
2026-09-27,2026-09-27 03:55:00+00:00,xrp,DOWN,0.61
2026-09-27,2026-09-27 05:55:00+00:00,xrp,DOWN,0.49
2026-09-27,2026-09-27 09:10:00+00:00,xrp,DOWN,0.61
2026-09-26,2026-09-26 00:05:00+00:00,xrp,DOWN,0.52
2026-09-26,2026-09-26 00:10:00+00:00,eth,DOWN,0.67
2026-09-26,2026-09-26 02:20:00+00:00,sol,DOWN,0.52
2026-09-26,2026-09-26 02:45:00+00:00,eth,DOWN,0.62
2026-09-26,2026-09-26 03:00:00+00:00,sol,DOWN,0.52
2026-09-26,2026-09-26 04:15:00+00:00,eth,DOWN,0.31
2026-09-26,2026-09-26 04:15:00+00:00,sol,DOWN,0.49
2026-09-26,2026-09-26 05:10:00+00:00,xrp,DOWN,0.67
2026-09-26,2026-09-26 05:15:00+00:00,sol,DOWN,0.52
2026-09-26,2026-09-26 06:15:00+00:00,eth,DOWN,0.66
2026-09-26,2026-09-26 06:35:00+00:00,sol,DOWN,0.72
2026-09-26,2026-09-26 07:10:00+00:00,eth,DOWN,0.59
2026-09-26,2026-09-26 07:40:00+00:00,sol,DOWN,0.52
2026-09-26,2026-09-26 08:05:00+00:00,eth,DOWN,0.56
2026-09-26,2026-09-26 08:40:00+00:00,sol,DOWN,0.65
2026-09-26,2026-09-26 08:40:00+00:00,xrp,DOWN,0.59
2026-09-26,2026-09-26 09:30:00+00:00,eth,UP,0.57
2026-09-26,2026-09-26 11:20:00+00:00,eth,DOWN,0.57
2026-09-26,2026-09-26 12:40:00+00:00,eth,UP,0.63
2026-09-26,2026-09-26 14:45:00+00:00,doge,DOWN,0.65
2026-09-26,2026-09-26 17:35:00+00:00,doge,DOWN,0.7
2026-09-26,2026-09-26 17:35:00+00:00,eth,DOWN,0.67
2026-09-26,2026-09-26 18:15:00+00:00,eth,DOWN,0.61
2026-09-26,2026-09-26 18:35:00+00:00,doge,DOWN,0.58
2026-09-26,2026-09-26 18:35:00+00:00,eth,DOWN,0.59
2026-09-26,2026-09-26 18:45:00+00:00,eth,DOWN,0.53
2026-09-26,2026-09-26 18:50:00+00:00,xrp,DOWN,0.52
2026-09-26,2026-09-26 20:05:00+00:00,doge,DOWN,0.68
2026-09-26,2026-09-26 20:25:00+00:00,eth,UP,0.52
2026-09-26,2026-09-26 20:45:00+00:00,eth,UP,0.59
2026-09-26,2026-09-26 21:50:00+00:00,sol,DOWN,0.57
2026-09-27,2026-09-27 00:00:00+00:00,xrp,DOWN,0.65
2026-09-27,2026-09-27 00:20:00+00:00,xrp,DOWN,0.61
2026-09-27,2026-09-27 00:25:00+00:00,eth,DOWN,0.54
2026-09-27,2026-09-27 00:35:00+00:00,xrp,DOWN,0.5
2026-09-27,2026-09-27 01:50:00+00:00,sol,DOWN,0.52
2026-09-27,2026-09-27 02:35:00+00:00,eth,DOWN,0.52
2026-09-27,2026-09-27 02:35:00+00:00,sol,DOWN,0.53
2026-09-27,2026-09-27 02:35:00+00:00,xrp,DOWN,0.54
2026-09-27,2026-09-27 02:40:00+00:00,sol,DOWN,0.52
2026-09-27,2026-09-27 02:55:00+00:00,xrp,DOWN,0.61
2026-09-27,2026-09-27 03:55:00+00:00,doge,DOWN,0.6
2026-09-27,2026-09-27 03:55:00+00:00,xrp,DOWN,0.61
2026-09-27,2026-09-27 05:45:00+00:00,eth,UP,0.58
2026-09-27,2026-09-27 05:55:00+00:00,xrp,DOWN,0.49
2026-09-27,2026-09-27 06:20:00+00:00,eth,UP,0.58
2026-09-27,2026-09-27 07:50:00+00:00,eth,UP,0.57
2026-09-27,2026-09-27 09:10:00+00:00,xrp,DOWN,0.61
2026-09-27,2026-09-27 11:05:00+00:00,eth,UP,0.63
2026-09-27,2026-09-27 11:25:00+00:00,eth,UP,0.58
2026-09-27,2026-09-27 11:45:00+00:00,eth,UP,0.67
2026-09-27,2026-09-27 13:00:00+00:00,eth,DOWN,0.65
2026-09-27,2026-09-27 15:35:00+00:00,eth,DOWN,0.63
2026-09-27,2026-09-27 17:20:00+00:00,eth,DOWN,0.55
2026-09-27,2026-09-27 17:30:00+00:00,bnb,DOWN,0.68
2026-09-27,2026-09-27 19:10:00+00:00,eth,UP,0.62
2026-09-27,2026-09-27 19:25:00+00:00,eth,UP,0.59
2026-09-27,2026-09-27 20:50:00+00:00,sol,DOWN,0.7
2026-09-27,2026-09-27 23:15:00+00:00,eth,DOWN,0.61
2026-09-28,2026-09-28 01:10:00+00:00,eth,DOWN,0.6
2026-09-28,2026-09-28 01:10:00+00:00,sol,DOWN,0.75
2026-09-28,2026-09-28 02:30:00+00:00,eth,DOWN,0.56
2026-09-28,2026-09-28 05:00:00+00:00,eth,DOWN,0.57
2026-09-28,2026-09-28 06:15:00+00:00,eth,DOWN,0.58
2026-09-28,2026-09-28 07:40:00+00:00,eth,DOWN,0.65
2026-09-28,2026-09-28 09:30:00+00:00,eth,UP,0.57
2026-09-28,2026-09-28 09:35:00+00:00,eth,DOWN,0.63
2026-09-28,2026-09-28 10:15:00+00:00,eth,UP,0.69
2026-09-28,2026-09-28 13:55:00+00:00,eth,UP,0.6
2026-09-28,2026-09-28 18:55:00+00:00,doge,DOWN,0.54
2026-09-28,2026-09-28 19:15:00+00:00,eth,DOWN,0.52
2026-09-28,2026-09-28 19:20:00+00:00,eth,UP,0.59
2026-09-28,2026-09-28 19:55:00+00:00,eth,DOWN,0.51
2026-09-28,2026-09-28 20:05:00+00:00,eth,UP,0.62
2026-09-28,2026-09-28 22:05:00+00:00,doge,DOWN,0.64
2026-09-28,2026-09-28 22:35:00+00:00,doge,DOWN,0.56
2026-09-28,2026-09-28 23:40:00+00:00,eth,UP,0.55
2026-09-29,2026-09-29 01:20:00+00:00,eth,DOWN,0.74
2026-09-29,2026-09-29 01:20:00+00:00,sol,DOWN,0.68
2026-09-29,2026-09-29 05:35:00+00:00,xrp,DOWN,0.69
2026-09-29,2026-09-29 05:40:00+00:00,eth,UP,0.62
2026-09-29,2026-09-29 07:30:00+00:00,xrp,DOWN,0.56
2026-09-29,2026-09-29 08:05:00+00:00,doge,DOWN,0.7
2026-09-29,2026-09-29 08:05:00+00:00,xrp,DOWN,0.68
2026-09-29,2026-09-29 10:10:00+00:00,eth,UP,0.66
2026-09-29,2026-09-29 11:10:00+00:00,bnb,DOWN,0.56
2026-09-29,2026-09-29 11:15:00+00:00,eth,UP,0.61
2026-09-29,2026-09-29 11:20:00+00:00,sol,DOWN,0.7
2026-09-29,2026-09-29 12:50:00+00:00,xrp,DOWN,0.57
2026-09-29,2026-09-29 13:05:00+00:00,eth,UP,0.59
2026-09-29,2026-09-29 14:30:00+00:00,eth,DOWN,0.6
2026-09-29,2026-09-29 14:30:00+00:00,sol,DOWN,0.6
2026-09-29,2026-09-29 14:30:00+00:00,xrp,DOWN,0.61
2026-09-29,2026-09-29 15:00:00+00:00,sol,DOWN,0.6
2026-09-29,2026-09-29 16:40:00+00:00,sol,DOWN,0.66
2026-09-30,2026-09-30 13:35:00+00:00,bnb,DOWN,0.55
2026-09-30,2026-09-30 14:35:00+00:00,eth,DOWN,0.68
2026-09-30,2026-09-30 15:25:00+00:00,eth,DOWN,0.69
2026-09-30,2026-09-30 15:25:00+00:00,sol,DOWN,0.7
2026-09-30,2026-09-30 16:25:00+00:00,bnb,DOWN,0.55
2026-09-30,2026-09-30 17:05:00+00:00,bnb,DOWN,0.68
2026-09-30,2026-09-30 17:05:00+00:00,xrp,DOWN,0.7
2026-09-30,2026-09-30 17:10:00+00:00,doge,DOWN,0.7
2026-09-30,2026-09-30 17:10:00+00:00,eth,DOWN,0.65
2026-09-30,2026-09-30 17:10:00+00:00,sol,DOWN,0.57
2026-09-30,2026-09-30 17:10:00+00:00,xrp,DOWN,0.7
2026-09-30,2026-09-30 17:15:00+00:00,bnb,DOWN,0.6
2026-09-30,2026-09-30 17:20:00+00:00,eth,DOWN,0.67
2026-09-30,2026-09-30 17:25:00+00:00,hype,DOWN,0.65
2026-09-30,2026-09-30 17:45:00+00:00,doge,DOWN,0.55
2026-09-30,2026-09-30 17:45:00+00:00,sol,DOWN,0.57
2026-09-30,2026-09-30 17:55:00+00:00,sol,DOWN,0.57
2026-09-30,2026-09-30 19:00:00+00:00,doge,DOWN,0.55
2026-09-30,2026-09-30 20:40:00+00:00,eth,UP,0.6
2026-09-30,2026-09-30 20:55:00+00:00,eth,DOWN,0.59
2026-09-30,2026-09-30 21:50:00+00:00,bnb,DOWN,0.55
2026-09-30,2026-09-30 23:00:00+00:00,doge,DOWN,0.53
2026-09-30,2026-09-30 23:10:00+00:00,eth,UP,0.66
2026-09-30,2026-09-30 23:55:00+00:00,eth,DOWN,0.65
2026-10-01,2026-10-01 00:05:00+00:00,eth,DOWN,0.55
2026-10-01,2026-10-01 00:10:00+00:00,eth,DOWN,0.58
2026-10-01,2026-10-01 01:10:00+00:00,sol,DOWN,0.59
2026-10-01,2026-10-01 01:20:00+00:00,sol,DOWN,0.58
2026-10-01,2026-10-01 01:30:00+00:00,eth,DOWN,0.57
2026-10-01,2026-10-01 02:00:00+00:00,eth,DOWN,0.55
2026-10-01,2026-10-01 02:25:00+00:00,eth,DOWN,0.63
2026-10-01,2026-10-01 02:25:00+00:00,sol,DOWN,0.63
2026-10-01,2026-10-01 03:05:00+00:00,sol,DOWN,0.59
2026-10-01,2026-10-01 04:20:00+00:00,bnb,DOWN,0.6
2026-10-01,2026-10-01 06:20:00+00:00,bnb,DOWN,0.55
2026-10-01,2026-10-01 06:40:00+00:00,eth,DOWN,0.7
2026-10-01,2026-10-01 06:45:00+00:00,eth,UP,0.59
2026-10-01,2026-10-01 07:15:00+00:00,bnb,DOWN,0.55
2026-10-01,2026-10-01 07:25:00+00:00,sol,DOWN,0.67
2026-10-01,2026-10-01 07:55:00+00:00,bnb,DOWN,0.6
2026-10-01,2026-10-01 07:55:00+00:00,eth,DOWN,0.55
2026-10-01,2026-10-01 08:35:00+00:00,sol,DOWN,0.5
2026-10-01,2026-10-01 09:15:00+00:00,bnb,DOWN,0.53
2026-10-01,2026-10-01 09:25:00+00:00,sol,DOWN,0.54
2026-10-01,2026-10-01 10:05:00+00:00,bnb,DOWN,0.68
2026-10-01,2026-10-01 10:05:00+00:00,sol,DOWN,0.64
2026-10-01,2026-10-01 10:45:00+00:00,eth,UP,0.47
2026-10-01,2026-10-01 11:25:00+00:00,sol,DOWN,0.63
2026-10-01,2026-10-01 12:05:00+00:00,eth,DOWN,0.54
2026-10-01,2026-10-01 12:05:00+00:00,sol,DOWN,0.59
2026-10-01,2026-10-01 12:30:00+00:00,sol,DOWN,0.57
2026-10-01,2026-10-01 12:30:00+00:00,xrp,DOWN,0.56
2026-10-01,2026-10-01 13:05:00+00:00,eth,DOWN,0.59
2026-10-01,2026-10-01 13:15:00+00:00,eth,UP,0.54
2026-10-01,2026-10-01 17:25:00+00:00,eth,UP,0.63
2026-10-01,2026-10-01 18:10:00+00:00,eth,UP,0.56
2026-10-01,2026-10-01 18:15:00+00:00,bnb,DOWN,0.62
2026-10-01,2026-10-01 19:25:00+00:00,sol,DOWN,0.6
2026-10-02,2026-10-02 00:05:00+00:00,eth,DOWN,0.36
2026-10-02,2026-10-02 00:05:00+00:00,sol,DOWN,0.55
2026-10-02,2026-10-02 00:05:00+00:00,xrp,DOWN,0.58
2026-10-02,2026-10-02 01:15:00+00:00,sol,DOWN,0.54
2026-10-02,2026-10-02 01:20:00+00:00,sol,DOWN,0.6
2026-10-02,2026-10-02 02:10:00+00:00,eth,UP,0.53
2026-10-02,2026-10-02 02:35:00+00:00,sol,DOWN,0.6
2026-10-02,2026-10-02 02:35:00+00:00,xrp,DOWN,0.7
2026-10-02,2026-10-02 03:15:00+00:00,doge,DOWN,0.6
2026-10-02,2026-10-02 03:15:00+00:00,hype,DOWN,0.58
2026-10-02,2026-10-02 03:15:00+00:00,xrp,DOWN,0.74
2026-10-02,2026-10-02 03:55:00+00:00,eth,DOWN,0.59
2026-10-02,2026-10-02 04:35:00+00:00,sol,DOWN,0.58
2026-10-02,2026-10-02 04:50:00+00:00,doge,DOWN,0.59
2026-10-02,2026-10-02 04:55:00+00:00,eth,DOWN,0.59
2026-10-02,2026-10-02 06:00:00+00:00,sol,DOWN,0.54
2026-10-02,2026-10-02 06:15:00+00:00,eth,DOWN,0.58
2026-10-02,2026-10-02 07:05:00+00:00,xrp,DOWN,0.74
2026-10-02,2026-10-02 10:10:00+00:00,xrp,DOWN,0.65
2026-10-02,2026-10-02 10:35:00+00:00,hype,DOWN,0.55
2026-10-02,2026-10-02 10:55:00+00:00,eth,UP,0.54
2026-10-02,2026-10-02 11:00:00+00:00,eth,DOWN,0.52
2026-10-02,2026-10-02 13:15:00+00:00,sol,DOWN,0.6
2026-10-02,2026-10-02 13:30:00+00:00,sol,DOWN,0.58
2026-10-02,2026-10-02 14:15:00+00:00,eth,DOWN,0.52
2026-10-02,2026-10-02 14:55:00+00:00,eth,DOWN,0.78
2026-10-02,2026-10-02 15:50:00+00:00,eth,UP,0.59
2026-10-02,2026-10-02 16:35:00+00:00,xrp,DOWN,0.56
2026-10-02,2026-10-02 17:05:00+00:00,sol,DOWN,0.6
2026-10-02,2026-10-02 18:10:00+00:00,sol,DOWN,0.57
2026-10-02,2026-10-02 18:40:00+00:00,sol,DOWN,0.85
2026-10-02,2026-10-02 19:20:00+00:00,eth,DOWN,0.52
2026-10-02,2026-10-02 19:25:00+00:00,eth,UP,0.56
2026-10-02,2026-10-02 20:40:00+00:00,sol,DOWN,0.56
2026-10-02,2026-10-02 20:55:00+00:00,doge,DOWN,0.56
