symbol,timeframe,start_date,end_date,parent_date,forecast,result,is_correct,prob,confidence,open,high,low,close,range,_15,stake,written_at
ETH/USDT,5m,9/28/26 06:15,9/28/26 06:20,9/28/26,⬇️,⏳,,0.5983,0.5983,0.58,0.0,0.0,0.0,0.0,C57_A457_EU,5.0,2026-09-28 06:15:06.152706+00:00
ETH/USDT,5m,9/28/26 06:15,9/28/26 06:20,9/28/26,⬇️,⏳,,0.5983,0.5983,0.58,0.0,0.0,0.0,0.0,FILT402,5.0,2026-09-28 06:15:06.152706+00:00
ETH/USDT,5m,9/28/26 07:40,9/28/26 07:45,9/28/26,⬇️,⏳,,0.7013,0.7013,0.65,0.0,0.0,0.0,0.0,AGREE4_60,5.0,2026-09-28 07:40:06.195094+00:00
ETH/USDT,5m,9/28/26 07:40,9/28/26 07:45,9/28/26,⬇️,⏳,,0.7013,0.7013,0.65,0.0,0.0,0.0,0.0,C57_A457_EU,5.0,2026-09-28 07:40:06.195094+00:00
ETH/USDT,5m,9/28/26 07:40,9/28/26 07:45,9/28/26,⬇️,⏳,,0.7013,0.7013,0.65,0.0,0.0,0.0,0.0,FILT402,5.0,2026-09-28 07:40:06.195094+00:00
ETH/USDT,5m,9/28/26 09:30,9/28/26 09:35,9/28/26,⬆️,⏳,,0.5358,0.5358,0.57,0.0,0.0,0.0,0.0,C57_A457_EU,5.0,2026-09-28 09:30:06.266114+00:00
ETH/USDT,5m,9/28/26 09:30,9/28/26 09:35,9/28/26,⬆️,⏳,,0.5358,0.5358,0.57,0.0,0.0,0.0,0.0,FILT402,5.0,2026-09-28 09:30:06.266114+00:00
ETH/USDT,5m,9/28/26 09:35,9/28/26 09:40,9/28/26,⬇️,⏳,,0.6826,0.6826,0.63,0.0,0.0,0.0,0.0,C57_A457_EU,5.0,2026-09-28 09:35:06.187325+00:00
ETH/USDT,5m,9/28/26 09:35,9/28/26 09:40,9/28/26,⬇️,⏳,,0.6826,0.6826,0.63,0.0,0.0,0.0,0.0,FILT402,5.0,2026-09-28 09:35:06.187325+00:00
ETH/USDT,5m,9/28/26 10:15,9/28/26 10:20,9/28/26,⬆️,⏳,,0.6664,0.6664,0.69,0.0,0.0,0.0,0.0,C57_A457_EU,5.0,2026-09-28 10:15:06.155594+00:00
ETH/USDT,5m,9/28/26 10:15,9/28/26 10:20,9/28/26,⬆️,⏳,,0.6664,0.6664,0.69,0.0,0.0,0.0,0.0,FILT402,5.0,2026-09-28 10:15:06.155594+00:00
ETH/USDT,5m,9/28/26 10:15,9/28/26 10:20,9/28/26,⬆️,⏳,,0.6664,0.6664,0.69,0.0,0.0,0.0,0.0,INCUMBENT,5.0,2026-09-28 10:15:06.155594+00:00
ETH/USDT,5m,9/28/26 13:55,9/28/26 14:00,9/28/26,⬆️,⏳,,0.5747,0.5747,0.6,0.0,0.0,0.0,0.0,C57_A457_EU,5.0,2026-09-28 13:55:06.394222+00:00
ETH/USDT,5m,9/28/26 13:55,9/28/26 14:00,9/28/26,⬆️,⏳,,0.5747,0.5747,0.6,0.0,0.0,0.0,0.0,FILT402,5.0,2026-09-28 13:55:06.394222+00:00
DOGE/USDT,5m,9/28/26 18:55,9/28/26 19:00,9/28/26,⬇️,⏳,,0.6753,0.6753,0.54,0.0,0.0,0.0,0.0,FILT402,5.0,2026-09-28 18:55:06.359654+00:00
ETH/USDT,5m,9/28/26 19:15,9/28/26 19:20,9/28/26,⬇️,⏳,,0.5709,0.5709,0.52,0.0,0.0,0.0,0.0,C57_A457_EU,5.0,2026-09-28 19:15:06.274074+00:00
ETH/USDT,5m,9/28/26 19:15,9/28/26 19:20,9/28/26,⬇️,⏳,,0.5709,0.5709,0.52,0.0,0.0,0.0,0.0,FILT402,5.0,2026-09-28 19:15:06.274074+00:00
HYPE/USDT,5m,9/28/26 19:15,9/28/26 19:20,9/28/26,⬇️,⏳,,0.5961,0.5961,0.52,0.0,0.0,0.0,0.0,INCUMBENT,5.0,2026-09-28 19:15:06.274074+00:00
ETH/USDT,5m,9/28/26 19:20,9/28/26 19:25,9/28/26,⬆️,⏳,,0.6196,0.6196,0.59,0.0,0.0,0.0,0.0,C57_A457_EU,5.0,2026-09-28 19:20:06.227621+00:00
ETH/USDT,5m,9/28/26 19:20,9/28/26 19:25,9/28/26,⬆️,⏳,,0.6196,0.6196,0.59,0.0,0.0,0.0,0.0,FILT402,5.0,2026-09-28 19:20:06.227621+00:00
ETH/USDT,5m,9/28/26 19:20,9/28/26 19:25,9/28/26,⬆️,⏳,,0.6196,0.6196,0.59,0.0,0.0,0.0,0.0,INCUMBENT,5.0,2026-09-28 19:20:06.227621+00:00
ETH/USDT,5m,9/28/26 19:55,9/28/26 20:00,9/28/26,⬇️,⏳,,0.6233,0.6233,0.51,0.0,0.0,0.0,0.0,FILT402,5.0,2026-09-28 19:55:06.277636+00:00
ETH/USDT,5m,9/28/26 20:05,9/28/26 20:10,9/28/26,⬆️,⏳,,0.5165,0.5165,0.62,0.0,0.0,0.0,0.0,C57_A457_EU,5.0,2026-09-28 20:05:06.364715+00:00
ETH/USDT,5m,9/28/26 20:05,9/28/26 20:10,9/28/26,⬆️,⏳,,0.5165,0.5165,0.62,0.0,0.0,0.0,0.0,FILT402,5.0,2026-09-28 20:05:06.364715+00:00
DOGE/USDT,5m,9/28/26 22:05,9/28/26 22:10,9/28/26,⬇️,⏳,,0.6562,0.6562,0.64,0.0,0.0,0.0,0.0,C57_A457_EU,5.0,2026-09-28 22:05:06.340216+00:00
DOGE/USDT,5m,9/28/26 22:35,9/28/26 22:40,9/28/26,⬇️,⏳,,0.6035,0.6035,0.56,0.0,0.0,0.0,0.0,C57_A457_EU,5.0,2026-09-28 22:35:06.275016+00:00
ETH/USDT,5m,9/28/26 23:40,9/28/26 23:45,9/28/26,⬆️,⏳,,0.5638,0.5638,0.55,0.0,0.0,0.0,0.0,C57_A457_EU,5.0,2026-09-28 23:40:06.341859+00:00
ETH/USDT,5m,9/29/26 01:20,9/29/26 01:25,9/29/26,⬇️,⏳,,0.7459,0.7459,0.74,0.0,0.0,0.0,0.0,GREEDY,5.0,2026-09-29 01:20:06.167294+00:00
SOL/USDT,5m,9/29/26 01:20,9/29/26 01:25,9/29/26,⬇️,⏳,,0.7051,0.7051,0.68,0.0,0.0,0.0,0.0,GREEDY,5.0,2026-09-29 01:20:06.167294+00:00
ETH/USDT,5m,9/29/26 01:20,9/29/26 01:25,9/29/26,⬇️,⏳,,0.7459,0.7459,0.74,0.0,0.0,0.0,0.0,FILT_BOTH,5.0,2026-09-29 01:20:06.167294+00:00
SOL/USDT,5m,9/29/26 01:20,9/29/26 01:25,9/29/26,⬇️,⏳,,0.7051,0.7051,0.68,0.0,0.0,0.0,0.0,FILT_BOTH,5.0,2026-09-29 01:20:06.167294+00:00
ETH/USDT,5m,9/29/26 03:05,9/29/26 03:10,9/29/26,⬇️,⏳,,0.6911,0.6911,0.64,0.0,0.0,0.0,0.0,HW_PRIMARY,5.0,2026-09-29 03:05:06.190146+00:00
ETH/USDT,5m,9/29/26 03:05,9/29/26 03:10,9/29/26,⬇️,⏳,,0.6911,0.6911,0.64,0.0,0.0,0.0,0.0,GREEDY,5.0,2026-09-29 03:05:06.190146+00:00
XRP/USDT,5m,9/29/26 05:35,9/29/26 05:40,9/29/26,⬇️,⏳,,0.6571,0.6571,0.69,0.0,0.0,0.0,0.0,GREEDY,5.0,2026-09-29 05:35:06.239499+00:00
XRP/USDT,5m,9/29/26 05:35,9/29/26 05:40,9/29/26,⬇️,⏳,,0.6571,0.6571,0.69,0.0,0.0,0.0,0.0,FILT_BOTH,5.0,2026-09-29 05:35:06.239499+00:00
ETH/USDT,5m,9/29/26 05:40,9/29/26 05:45,9/29/26,⬆️,⏳,,0.6145,0.6145,0.62,0.0,0.0,0.0,0.0,GREEDY,5.0,2026-09-29 05:40:06.237916+00:00
ETH/USDT,5m,9/29/26 05:40,9/29/26 05:45,9/29/26,⬆️,⏳,,0.6145,0.6145,0.62,0.0,0.0,0.0,0.0,C57_A457_EU,5.0,2026-09-29 05:40:06.237916+00:00
ETH/USDT,5m,9/29/26 05:40,9/29/26 05:45,9/29/26,⬆️,⏳,,0.6145,0.6145,0.62,0.0,0.0,0.0,0.0,FILT_BOTH,5.0,2026-09-29 05:40:06.237916+00:00
ETH/USDT,5m,9/29/26 05:40,9/29/26 05:45,9/29/26,⬆️,⏳,,0.6145,0.6145,0.62,0.0,0.0,0.0,0.0,INCUMBENT,5.0,2026-09-29 05:40:06.237916+00:00
XRP/USDT,5m,9/29/26 07:30,9/29/26 07:35,9/29/26,⬇️,⏳,,0.6086,0.6086,0.56,0.0,0.0,0.0,0.0,GREEDY,5.0,2026-09-29 07:30:06.207096+00:00
XRP/USDT,5m,9/29/26 07:30,9/29/26 07:35,9/29/26,⬇️,⏳,,0.6086,0.6086,0.56,0.0,0.0,0.0,0.0,C57_A457_EU,5.0,2026-09-29 07:30:06.207096+00:00
XRP/USDT,5m,9/29/26 07:30,9/29/26 07:35,9/29/26,⬇️,⏳,,0.6086,0.6086,0.56,0.0,0.0,0.0,0.0,FILT_BOTH,5.0,2026-09-29 07:30:06.207096+00:00
XRP/USDT,5m,9/29/26 08:05,9/29/26 08:10,9/29/26,⬇️,⏳,,0.7242,0.7242,0.68,0.0,0.0,0.0,0.0,HW_PRIMARY,5.0,2026-09-29 08:05:06.277736+00:00
DOGE/USDT,5m,9/29/26 08:05,9/29/26 08:10,9/29/26,⬇️,⏳,,0.7297,0.7297,0.7,0.0,0.0,0.0,0.0,GREEDY,5.0,2026-09-29 08:05:06.277736+00:00
XRP/USDT,5m,9/29/26 08:05,9/29/26 08:10,9/29/26,⬇️,⏳,,0.7242,0.7242,0.68,0.0,0.0,0.0,0.0,GREEDY,5.0,2026-09-29 08:05:06.277736+00:00
DOGE/USDT,5m,9/29/26 08:05,9/29/26 08:10,9/29/26,⬇️,⏳,,0.7297,0.7297,0.7,0.0,0.0,0.0,0.0,C57_A457_EU,5.0,2026-09-29 08:05:06.277736+00:00
XRP/USDT,5m,9/29/26 08:05,9/29/26 08:10,9/29/26,⬇️,⏳,,0.7242,0.7242,0.68,0.0,0.0,0.0,0.0,C57_A457_EU,5.0,2026-09-29 08:05:06.277736+00:00
DOGE/USDT,5m,9/29/26 08:05,9/29/26 08:10,9/29/26,⬇️,⏳,,0.7297,0.7297,0.7,0.0,0.0,0.0,0.0,FILT_BOTH,5.0,2026-09-29 08:05:06.277736+00:00
XRP/USDT,5m,9/29/26 08:05,9/29/26 08:10,9/29/26,⬇️,⏳,,0.7242,0.7242,0.68,0.0,0.0,0.0,0.0,FILT_BOTH,5.0,2026-09-29 08:05:06.277736+00:00
ETH/USDT,5m,9/29/26 10:10,9/29/26 10:15,9/29/26,⬆️,⏳,,0.6467,0.6467,0.66,0.0,0.0,0.0,0.0,GREEDY,5.0,2026-09-29 10:10:06.199878+00:00
ETH/USDT,5m,9/29/26 10:10,9/29/26 10:15,9/29/26,⬆️,⏳,,0.6467,0.6467,0.66,0.0,0.0,0.0,0.0,C57_A457_EU,5.0,2026-09-29 10:10:06.199878+00:00
ETH/USDT,5m,9/29/26 10:10,9/29/26 10:15,9/29/26,⬆️,⏳,,0.6467,0.6467,0.66,0.0,0.0,0.0,0.0,FILT_BOTH,5.0,2026-09-29 10:10:06.199878+00:00
ETH/USDT,5m,9/29/26 10:10,9/29/26 10:15,9/29/26,⬆️,⏳,,0.6467,0.6467,0.66,0.0,0.0,0.0,0.0,INCUMBENT,5.0,2026-09-29 10:10:06.199878+00:00
BNB/USDT,5m,9/29/26 11:10,9/29/26 11:15,9/29/26,⬇️,⏳,,0.5907,0.5907,0.56,0.0,0.0,0.0,0.0,GREEDY,5.0,2026-09-29 11:10:06.156201+00:00
BNB/USDT,5m,9/29/26 11:10,9/29/26 11:15,9/29/26,⬇️,⏳,,0.5907,0.5907,0.56,0.0,0.0,0.0,0.0,C57_A457_EU,5.0,2026-09-29 11:10:06.156201+00:00
BNB/USDT,5m,9/29/26 11:10,9/29/26 11:15,9/29/26,⬇️,⏳,,0.5907,0.5907,0.56,0.0,0.0,0.0,0.0,FILT_BOTH,5.0,2026-09-29 11:10:06.156201+00:00
ETH/USDT,5m,9/29/26 11:15,9/29/26 11:20,9/29/26,⬆️,⏳,,0.5347,0.5347,0.61,0.0,0.0,0.0,0.0,GREEDY,5.0,2026-09-29 11:15:06.291294+00:00
ETH/USDT,5m,9/29/26 11:15,9/29/26 11:20,9/29/26,⬆️,⏳,,0.5347,0.5347,0.61,0.0,0.0,0.0,0.0,C57_A457_EU,5.0,2026-09-29 11:15:06.291294+00:00
ETH/USDT,5m,9/29/26 11:15,9/29/26 11:20,9/29/26,⬆️,⏳,,0.5347,0.5347,0.61,0.0,0.0,0.0,0.0,FILT_BOTH,5.0,2026-09-29 11:15:06.291294+00:00
SOL/USDT,5m,9/29/26 11:20,9/29/26 11:25,9/29/26,⬇️,⏳,,0.6859,0.6859,0.7,0.0,0.0,0.0,0.0,GREEDY,5.0,2026-09-29 11:20:06.129941+00:00
SOL/USDT,5m,9/29/26 11:20,9/29/26 11:25,9/29/26,⬇️,⏳,,0.6859,0.6859,0.7,0.0,0.0,0.0,0.0,FILT_BOTH,5.0,2026-09-29 11:20:06.129941+00:00
DOGE/USDT,5m,9/29/26 12:40,9/29/26 12:45,9/29/26,⬇️,⏳,,0.7381,0.7381,0.7,0.0,0.0,0.0,0.0,HW_PRIMARY,5.0,2026-09-29 12:40:06.301997+00:00
DOGE/USDT,5m,9/29/26 12:40,9/29/26 12:45,9/29/26,⬇️,⏳,,0.7381,0.7381,0.7,0.0,0.0,0.0,0.0,GREEDY,5.0,2026-09-29 12:40:06.301997+00:00
XRP/USDT,5m,9/29/26 12:50,9/29/26 12:55,9/29/26,⬇️,⏳,,0.6003,0.6003,0.57,0.0,0.0,0.0,0.0,GREEDY,5.0,2026-09-29 12:50:06.268010+00:00
XRP/USDT,5m,9/29/26 12:50,9/29/26 12:55,9/29/26,⬇️,⏳,,0.6003,0.6003,0.57,0.0,0.0,0.0,0.0,C57_A457_EU,5.0,2026-09-29 12:50:06.268010+00:00
XRP/USDT,5m,9/29/26 12:50,9/29/26 12:55,9/29/26,⬇️,⏳,,0.6003,0.6003,0.57,0.0,0.0,0.0,0.0,FILT_BOTH,5.0,2026-09-29 12:50:06.268010+00:00
ETH/USDT,5m,9/29/26 13:05,9/29/26 13:10,9/29/26,⬆️,⏳,,0.5966,0.5966,0.59,0.0,0.0,0.0,0.0,GREEDY,5.0,2026-09-29 13:05:06.248246+00:00
ETH/USDT,5m,9/29/26 13:05,9/29/26 13:10,9/29/26,⬆️,⏳,,0.5966,0.5966,0.59,0.0,0.0,0.0,0.0,C57_A457_EU,5.0,2026-09-29 13:05:06.248246+00:00
ETH/USDT,5m,9/29/26 13:05,9/29/26 13:10,9/29/26,⬆️,⏳,,0.5966,0.5966,0.59,0.0,0.0,0.0,0.0,FILT_BOTH,5.0,2026-09-29 13:05:06.248246+00:00
XRP/USDT,5m,9/29/26 14:30,9/29/26 14:35,9/29/26,⬇️,⏳,,0.6962,0.6962,0.61,0.0,0.0,0.0,0.0,AGREE4_60,5.0,2026-09-29 14:30:06.156900+00:00
XRP/USDT,5m,9/29/26 14:30,9/29/26 14:35,9/29/26,⬇️,⏳,,0.6962,0.6962,0.61,0.0,0.0,0.0,0.0,HW_PRIMARY,5.0,2026-09-29 14:30:06.156900+00:00
ETH/USDT,5m,9/29/26 14:30,9/29/26 14:35,9/29/26,⬇️,⏳,,0.6327,0.6327,0.6,0.0,0.0,0.0,0.0,GREEDY,5.0,2026-09-29 14:30:06.156900+00:00
SOL/USDT,5m,9/29/26 14:30,9/29/26 14:35,9/29/26,⬇️,⏳,,0.6431,0.6431,0.6,0.0,0.0,0.0,0.0,GREEDY,5.0,2026-09-29 14:30:06.156900+00:00
XRP/USDT,5m,9/29/26 14:30,9/29/26 14:35,9/29/26,⬇️,⏳,,0.6962,0.6962,0.61,0.0,0.0,0.0,0.0,GREEDY,5.0,2026-09-29 14:30:06.156900+00:00
ETH/USDT,5m,9/29/26 14:30,9/29/26 14:35,9/29/26,⬇️,⏳,,0.6327,0.6327,0.6,0.0,0.0,0.0,0.0,C57_A457_EU,5.0,2026-09-29 14:30:06.156900+00:00
SOL/USDT,5m,9/29/26 14:30,9/29/26 14:35,9/29/26,⬇️,⏳,,0.6431,0.6431,0.6,0.0,0.0,0.0,0.0,C57_A457_EU,5.0,2026-09-29 14:30:06.156900+00:00
XRP/USDT,5m,9/29/26 14:30,9/29/26 14:35,9/29/26,⬇️,⏳,,0.6962,0.6962,0.61,0.0,0.0,0.0,0.0,C57_A457_EU,5.0,2026-09-29 14:30:06.156900+00:00
ETH/USDT,5m,9/29/26 14:30,9/29/26 14:35,9/29/26,⬇️,⏳,,0.6327,0.6327,0.6,0.0,0.0,0.0,0.0,FILT_BOTH,5.0,2026-09-29 14:30:06.156900+00:00
SOL/USDT,5m,9/29/26 14:30,9/29/26 14:35,9/29/26,⬇️,⏳,,0.6431,0.6431,0.6,0.0,0.0,0.0,0.0,FILT_BOTH,5.0,2026-09-29 14:30:06.156900+00:00
XRP/USDT,5m,9/29/26 14:30,9/29/26 14:35,9/29/26,⬇️,⏳,,0.6962,0.6962,0.61,0.0,0.0,0.0,0.0,FILT_BOTH,5.0,2026-09-29 14:30:06.156900+00:00
SOL/USDT,5m,9/29/26 15:00,9/29/26 15:05,9/29/26,⬇️,⏳,,0.6108,0.6108,0.6,0.0,0.0,0.0,0.0,AGREE4_60,5.0,2026-09-29 15:00:06.213561+00:00
SOL/USDT,5m,9/29/26 15:00,9/29/26 15:05,9/29/26,⬇️,⏳,,0.6108,0.6108,0.6,0.0,0.0,0.0,0.0,C57_A457_EU,5.0,2026-09-29 15:00:06.213561+00:00
ETH/USDT,5m,9/29/26 15:50,9/29/26 15:55,9/29/26,⬇️,⏳,,0.6589,0.6589,0.62,0.0,0.0,0.0,0.0,HW_PRIMARY,5.0,2026-09-29 15:50:06.213147+00:00
ETH/USDT,5m,9/29/26 15:50,9/29/26 15:55,9/29/26,⬇️,⏳,,0.6589,0.6589,0.62,0.0,0.0,0.0,0.0,GREEDY,5.0,2026-09-29 15:50:06.213147+00:00
BNB/USDT,5m,9/30/26 13:35,9/30/26 13:40,9/30/26,⬇️,⏳,,0.6234,0.6234,0.55,0.0,0.0,0.0,0.0,AGREE4_60,5.0,2026-09-30 13:35:06.347714+00:00
BNB/USDT,5m,9/30/26 13:35,9/30/26 13:40,9/30/26,⬇️,⏳,,0.6234,0.6234,0.55,0.0,0.0,0.0,0.0,HW_PRIMARY,5.0,2026-09-30 13:35:06.347714+00:00
BNB/USDT,5m,9/30/26 13:35,9/30/26 13:40,9/30/26,⬇️,⏳,,0.6234,0.6234,0.55,0.0,0.0,0.0,0.0,GREEDY,5.0,2026-09-30 13:35:06.347714+00:00
BNB/USDT,5m,9/30/26 13:35,9/30/26 13:40,9/30/26,⬇️,⏳,,0.6234,0.6234,0.55,0.0,0.0,0.0,0.0,C57_A457_EU,5.0,2026-09-30 13:35:06.347714+00:00
BNB/USDT,5m,9/30/26 13:35,9/30/26 13:40,9/30/26,⬇️,⏳,,0.6234,0.6234,0.55,0.0,0.0,0.0,0.0,FILT_BOTH,5.0,2026-09-30 13:35:06.347714+00:00
BNB/USDT,5m,9/30/26 13:35,9/30/26 13:40,9/30/26,⬇️,⏳,,0.6234,0.6234,0.55,0.0,0.0,0.0,0.0,INCUMBENT,5.0,2026-09-30 13:35:06.347714+00:00
ETH/USDT,5m,9/30/26 14:35,9/30/26 14:40,9/30/26,⬇️,⏳,,0.6511,0.6511,0.68,0.0,0.0,0.0,0.0,GREEDY,5.0,2026-09-30 14:35:06.247179+00:00
ETH/USDT,5m,9/30/26 14:35,9/30/26 14:40,9/30/26,⬇️,⏳,,0.6511,0.6511,0.68,0.0,0.0,0.0,0.0,FILT_BOTH,5.0,2026-09-30 14:35:06.247179+00:00
ETH/USDT,5m,9/30/26 14:40,9/30/26 14:45,9/30/26,⬇️,⏳,,0.5681,0.5681,0.55,0.0,0.0,0.0,0.0,HW_PRIMARY,5.0,2026-09-30 14:40:06.254528+00:00
ETH/USDT,5m,9/30/26 14:40,9/30/26 14:45,9/30/26,⬇️,⏳,,0.5681,0.5681,0.55,0.0,0.0,0.0,0.0,GREEDY,5.0,2026-09-30 14:40:06.254528+00:00
DOGE/USDT,5m,9/30/26 15:00,9/30/26 15:05,9/30/26,⬇️,⏳,,0.5604,0.5604,0.52,0.0,0.0,0.0,0.0,HW_PRIMARY,5.0,2026-09-30 15:00:06.284629+00:00
DOGE/USDT,5m,9/30/26 15:00,9/30/26 15:05,9/30/26,⬇️,⏳,,0.5604,0.5604,0.52,0.0,0.0,0.0,0.0,GREEDY,5.0,2026-09-30 15:00:06.284629+00:00
SOL/USDT,5m,9/30/26 15:25,9/30/26 15:30,9/30/26,⬇️,⏳,,0.7194,0.7194,0.7,0.0,0.0,0.0,0.0,C57_A457_EU,5.0,2026-09-30 15:25:06.321503+00:00
SOL/USDT,5m,9/30/26 15:25,9/30/26 15:30,9/30/26,⬇️,⏳,,0.7194,0.7194,0.7,0.0,0.0,0.0,0.0,INCUMBENT,5.0,2026-09-30 15:25:06.321503+00:00
BNB/USDT,5m,9/30/26 16:25,9/30/26 16:30,9/30/26,⬇️,⏳,,0.5741,0.5741,0.55,0.0,0.0,0.0,0.0,C57_A457_EU,5.0,2026-09-30 16:25:06.213207+00:00
BNB/USDT,5m,9/30/26 17:05,9/30/26 17:10,9/30/26,⬇️,⏳,,0.809,0.809,0.68,0.0,0.0,0.0,0.0,AGREE4_60,5.0,2026-09-30 17:05:06.217872+00:00
XRP/USDT,5m,9/30/26 17:05,9/30/26 17:10,9/30/26,⬇️,⏳,,0.8015,0.8015,0.7,0.0,0.0,0.0,0.0,AGREE4_60,5.0,2026-09-30 17:05:06.217872+00:00
BNB/USDT,5m,9/30/26 17:05,9/30/26 17:10,9/30/26,⬇️,⏳,,0.809,0.809,0.68,0.0,0.0,0.0,0.0,HW_PRIMARY,5.0,2026-09-30 17:05:06.217872+00:00
ETH/USDT,5m,9/30/26 17:05,9/30/26 17:10,9/30/26,⬇️,⏳,,0.8152,0.8152,0.68,0.0,0.0,0.0,0.0,HW_PRIMARY,5.0,2026-09-30 17:05:06.217872+00:00
XRP/USDT,5m,9/30/26 17:05,9/30/26 17:10,9/30/26,⬇️,⏳,,0.8015,0.8015,0.7,0.0,0.0,0.0,0.0,HW_PRIMARY,5.0,2026-09-30 17:05:06.217872+00:00
BNB/USDT,5m,9/30/26 17:05,9/30/26 17:10,9/30/26,⬇️,⏳,,0.809,0.809,0.68,0.0,0.0,0.0,0.0,GREEDY,5.0,2026-09-30 17:05:06.217872+00:00
ETH/USDT,5m,9/30/26 17:05,9/30/26 17:10,9/30/26,⬇️,⏳,,0.8152,0.8152,0.68,0.0,0.0,0.0,0.0,GREEDY,5.0,2026-09-30 17:05:06.217872+00:00
XRP/USDT,5m,9/30/26 17:05,9/30/26 17:10,9/30/26,⬇️,⏳,,0.8015,0.8015,0.7,0.0,0.0,0.0,0.0,GREEDY,5.0,2026-09-30 17:05:06.217872+00:00
BNB/USDT,5m,9/30/26 17:05,9/30/26 17:10,9/30/26,⬇️,⏳,,0.809,0.809,0.68,0.0,0.0,0.0,0.0,C57_A457_EU,5.0,2026-09-30 17:05:06.217872+00:00
XRP/USDT,5m,9/30/26 17:05,9/30/26 17:10,9/30/26,⬇️,⏳,,0.8015,0.8015,0.7,0.0,0.0,0.0,0.0,C57_A457_EU,5.0,2026-09-30 17:05:06.217872+00:00
XRP/USDT,5m,9/30/26 17:05,9/30/26 17:10,9/30/26,⬇️,⏳,,0.8015,0.8015,0.7,0.0,0.0,0.0,0.0,INCUMBENT,5.0,2026-09-30 17:05:06.217872+00:00
SOL/USDT,5m,9/30/26 17:10,9/30/26 17:15,9/30/26,⬇️,⏳,,0.7718,0.7718,0.57,0.0,0.0,0.0,0.0,INCUMBENT,5.0,2026-09-30 17:10:06.251074+00:00
ETH/USDT,5m,9/30/26 17:20,9/30/26 17:25,9/30/26,⬇️,⏳,,0.694,0.694,0.67,0.0,0.0,0.0,0.0,AGREE4_60,5.0,2026-09-30 17:20:06.302116+00:00
ETH/USDT,5m,9/30/26 17:20,9/30/26 17:25,9/30/26,⬇️,⏳,,0.694,0.694,0.67,0.0,0.0,0.0,0.0,C57_A457_EU,5.0,2026-09-30 17:20:06.302116+00:00
ETH/USDT,5m,9/30/26 17:20,9/30/26 17:25,9/30/26,⬇️,⏳,,0.694,0.694,0.67,0.0,0.0,0.0,0.0,INCUMBENT,5.0,2026-09-30 17:20:06.302116+00:00
HYPE/USDT,5m,9/30/26 17:25,9/30/26 17:30,9/30/26,⬇️,⏳,,0.6931,0.6931,0.65,0.0,0.0,0.0,0.0,HW_PRIMARY,5.0,2026-09-30 17:25:06.338062+00:00
HYPE/USDT,5m,9/30/26 17:25,9/30/26 17:30,9/30/26,⬇️,⏳,,0.6931,0.6931,0.65,0.0,0.0,0.0,0.0,GREEDY,5.0,2026-09-30 17:25:06.338062+00:00
HYPE/USDT,5m,9/30/26 17:25,9/30/26 17:30,9/30/26,⬇️,⏳,,0.6931,0.6931,0.65,0.0,0.0,0.0,0.0,C57_A457_EU,5.0,2026-09-30 17:25:06.338062+00:00
SOL/USDT,5m,9/30/26 17:55,9/30/26 18:00,9/30/26,⬇️,⏳,,0.5704,0.5704,0.57,0.0,0.0,0.0,0.0,AGREE4_60,5.0,2026-09-30 17:55:06.271672+00:00
SOL/USDT,5m,9/30/26 17:55,9/30/26 18:00,9/30/26,⬇️,⏳,,0.5704,0.5704,0.57,0.0,0.0,0.0,0.0,C57_A457_EU,5.0,2026-09-30 17:55:06.271672+00:00
DOGE/USDT,5m,9/30/26 19:00,9/30/26 19:05,9/30/26,⬇️,⏳,,0.5783,0.5783,0.55,0.0,0.0,0.0,0.0,GREEDY,5.0,2026-09-30 19:00:06.395765+00:00
DOGE/USDT,5m,9/30/26 19:00,9/30/26 19:05,9/30/26,⬇️,⏳,,0.5783,0.5783,0.55,0.0,0.0,0.0,0.0,C57_A457_EU,5.0,2026-09-30 19:00:06.395765+00:00
DOGE/USDT,5m,9/30/26 19:00,9/30/26 19:05,9/30/26,⬇️,⏳,,0.5783,0.5783,0.55,0.0,0.0,0.0,0.0,FILT_BOTH,5.0,2026-09-30 19:00:06.395765+00:00
ETH/USDT,5m,9/30/26 20:30,9/30/26 20:35,9/30/26,⬇️,⏳,,0.7605,0.7605,0.71,0.0,0.0,0.0,0.0,HW_PRIMARY,5.0,2026-09-30 20:30:06.447053+00:00
ETH/USDT,5m,9/30/26 20:30,9/30/26 20:35,9/30/26,⬇️,⏳,,0.7605,0.7605,0.71,0.0,0.0,0.0,0.0,GREEDY,5.0,2026-09-30 20:30:06.447053+00:00
ETH/USDT,5m,9/30/26 20:40,9/30/26 20:45,9/30/26,⬆️,⏳,,0.5553,0.5553,0.6,0.0,0.0,0.0,0.0,GREEDY,5.0,2026-09-30 20:40:06.431653+00:00
ETH/USDT,5m,9/30/26 20:40,9/30/26 20:45,9/30/26,⬆️,⏳,,0.5553,0.5553,0.6,0.0,0.0,0.0,0.0,C57_A457_EU,5.0,2026-09-30 20:40:06.431653+00:00
ETH/USDT,5m,9/30/26 20:40,9/30/26 20:45,9/30/26,⬆️,⏳,,0.5553,0.5553,0.6,0.0,0.0,0.0,0.0,FILT_BOTH,5.0,2026-09-30 20:40:06.431653+00:00
ETH/USDT,5m,9/30/26 20:55,9/30/26 21:00,9/30/26,⬇️,⏳,,0.6687,0.6687,0.59,0.0,0.0,0.0,0.0,AGREE4_60,5.0,2026-09-30 20:55:06.446537+00:00
ETH/USDT,5m,9/30/26 20:55,9/30/26 21:00,9/30/26,⬇️,⏳,,0.6687,0.6687,0.59,0.0,0.0,0.0,0.0,HW_PRIMARY,5.0,2026-09-30 20:55:06.446537+00:00
ETH/USDT,5m,9/30/26 20:55,9/30/26 21:00,9/30/26,⬇️,⏳,,0.6687,0.6687,0.59,0.0,0.0,0.0,0.0,GREEDY,5.0,2026-09-30 20:55:06.446537+00:00
ETH/USDT,5m,9/30/26 20:55,9/30/26 21:00,9/30/26,⬇️,⏳,,0.6687,0.6687,0.59,0.0,0.0,0.0,0.0,C57_A457_EU,5.0,2026-09-30 20:55:06.446537+00:00
ETH/USDT,5m,9/30/26 20:55,9/30/26 21:00,9/30/26,⬇️,⏳,,0.6687,0.6687,0.59,0.0,0.0,0.0,0.0,FILT_BOTH,5.0,2026-09-30 20:55:06.446537+00:00
DOGE/USDT,5m,9/30/26 21:30,9/30/26 21:35,9/30/26,⬇️,⏳,,0.5649,0.5649,0.58,0.0,0.0,0.0,0.0,HW_PRIMARY,5.0,2026-09-30 21:30:06.311632+00:00
DOGE/USDT,5m,9/30/26 21:30,9/30/26 21:35,9/30/26,⬇️,⏳,,0.5649,0.5649,0.58,0.0,0.0,0.0,0.0,GREEDY,5.0,2026-09-30 21:30:06.311632+00:00
DOGE/USDT,5m,9/30/26 21:50,9/30/26 21:55,9/30/26,⬇️,⏳,,0.5815,0.5815,0.52,0.0,0.0,0.0,0.0,HW_PRIMARY,5.0,2026-09-30 21:50:06.476014+00:00
DOGE/USDT,5m,9/30/26 21:50,9/30/26 21:55,9/30/26,⬇️,⏳,,0.5815,0.5815,0.52,0.0,0.0,0.0,0.0,GREEDY,5.0,2026-09-30 21:50:06.476014+00:00
BNB/USDT,5m,9/30/26 21:50,9/30/26 21:55,9/30/26,⬇️,⏳,,0.5877,0.5877,0.55,0.0,0.0,0.0,0.0,C57_A457_EU,5.0,2026-09-30 21:50:06.476014+00:00
ETH/USDT,5m,9/30/26 23:10,9/30/26 23:15,9/30/26,⬆️,⏳,,0.6644,0.6644,0.66,0.0,0.0,0.0,0.0,C57_A457_EU,5.0,2026-09-30 23:10:06.279898+00:00
ETH/USDT,5m,9/30/26 23:10,9/30/26 23:15,9/30/26,⬆️,⏳,,0.6644,0.6644,0.66,0.0,0.0,0.0,0.0,INCUMBENT,5.0,2026-09-30 23:10:06.279898+00:00
ETH/USDT,5m,10/1/26 00:05,10/1/26 00:10,10/1/26,⬇️,⏳,,0.5916,0.5916,0.55,0.0,0.0,0.0,0.0,GREEDY,5.0,2026-10-01 00:05:06.404538+00:00
ETH/USDT,5m,10/1/26 00:05,10/1/26 00:10,10/1/26,⬇️,⏳,,0.5916,0.5916,0.55,0.0,0.0,0.0,0.0,C57_A457_EU,5.0,2026-10-01 00:05:06.404538+00:00
ETH/USDT,5m,10/1/26 00:05,10/1/26 00:10,10/1/26,⬇️,⏳,,0.5916,0.5916,0.55,0.0,0.0,0.0,0.0,FILT_BOTH,5.0,2026-10-01 00:05:06.404538+00:00
ETH/USDT,5m,10/1/26 00:10,10/1/26 00:15,10/1/26,⬇️,⏳,,0.5755,0.5755,0.58,0.0,0.0,0.0,0.0,GREEDY,5.0,2026-10-01 00:10:06.368570+00:00
ETH/USDT,5m,10/1/26 00:10,10/1/26 00:15,10/1/26,⬇️,⏳,,0.5755,0.5755,0.58,0.0,0.0,0.0,0.0,FILT_BOTH,5.0,2026-10-01 00:10:06.368570+00:00
BNB/USDT,5m,10/1/26 01:00,10/1/26 01:05,10/1/26,⬇️,⏳,,0.6515,0.6515,0.6,0.0,0.0,0.0,0.0,HW_PRIMARY,5.0,2026-10-01 01:00:06.357851+00:00
BNB/USDT,5m,10/1/26 01:00,10/1/26 01:05,10/1/26,⬇️,⏳,,0.6515,0.6515,0.6,0.0,0.0,0.0,0.0,GREEDY,5.0,2026-10-01 01:00:06.357851+00:00
BNB/USDT,5m,10/1/26 01:00,10/1/26 01:05,10/1/26,⬇️,⏳,,0.6515,0.6515,0.6,0.0,0.0,0.0,0.0,INCUMBENT,5.0,2026-10-01 01:00:06.357851+00:00
SOL/USDT,5m,10/1/26 01:10,10/1/26 01:15,10/1/26,⬇️,⏳,,0.6217,0.6217,0.59,0.0,0.0,0.0,0.0,AGREE4_60,5.0,2026-10-01 01:10:06.254315+00:00
SOL/USDT,5m,10/1/26 01:10,10/1/26 01:15,10/1/26,⬇️,⏳,,0.6217,0.6217,0.59,0.0,0.0,0.0,0.0,GREEDY,5.0,2026-10-01 01:10:06.254315+00:00
SOL/USDT,5m,10/1/26 01:10,10/1/26 01:15,10/1/26,⬇️,⏳,,0.6217,0.6217,0.59,0.0,0.0,0.0,0.0,C57_A457_EU,5.0,2026-10-01 01:10:06.254315+00:00
SOL/USDT,5m,10/1/26 01:10,10/1/26 01:15,10/1/26,⬇️,⏳,,0.6217,0.6217,0.59,0.0,0.0,0.0,0.0,FILT_BOTH,5.0,2026-10-01 01:10:06.254315+00:00
SOL/USDT,5m,10/1/26 01:10,10/1/26 01:15,10/1/26,⬇️,⏳,,0.6217,0.6217,0.59,0.0,0.0,0.0,0.0,INCUMBENT,5.0,2026-10-01 01:10:06.254315+00:00
SOL/USDT,5m,10/1/26 01:20,10/1/26 01:25,10/1/26,⬇️,⏳,,0.584,0.584,0.58,0.0,0.0,0.0,0.0,GREEDY,5.0,2026-10-01 01:20:06.431751+00:00
SOL/USDT,5m,10/1/26 01:20,10/1/26 01:25,10/1/26,⬇️,⏳,,0.584,0.584,0.58,0.0,0.0,0.0,0.0,FILT_BOTH,5.0,2026-10-01 01:20:06.431751+00:00
ETH/USDT,5m,10/1/26 01:30,10/1/26 01:35,10/1/26,⬇️,⏳,,0.6388,0.6388,0.57,0.0,0.0,0.0,0.0,AGREE4_60,5.0,2026-10-01 01:30:06.357446+00:00
ETH/USDT,5m,10/1/26 01:30,10/1/26 01:35,10/1/26,⬇️,⏳,,0.6388,0.6388,0.57,0.0,0.0,0.0,0.0,GREEDY,5.0,2026-10-01 01:30:06.357446+00:00
ETH/USDT,5m,10/1/26 01:30,10/1/26 01:35,10/1/26,⬇️,⏳,,0.6388,0.6388,0.57,0.0,0.0,0.0,0.0,C57_A457_EU,5.0,2026-10-01 01:30:06.357446+00:00
ETH/USDT,5m,10/1/26 01:30,10/1/26 01:35,10/1/26,⬇️,⏳,,0.6388,0.6388,0.57,0.0,0.0,0.0,0.0,FILT_BOTH,5.0,2026-10-01 01:30:06.357446+00:00
ETH/USDT,5m,10/1/26 01:50,10/1/26 01:55,10/1/26,⬇️,⏳,,0.6239,0.6239,0.61,0.0,0.0,0.0,0.0,HW_PRIMARY,5.0,2026-10-01 01:50:06.315506+00:00
ETH/USDT,5m,10/1/26 01:50,10/1/26 01:55,10/1/26,⬇️,⏳,,0.6239,0.6239,0.61,0.0,0.0,0.0,0.0,GREEDY,5.0,2026-10-01 01:50:06.315506+00:00
ETH/USDT,5m,10/1/26 01:50,10/1/26 01:55,10/1/26,⬇️,⏳,,0.6239,0.6239,0.61,0.0,0.0,0.0,0.0,INCUMBENT,5.0,2026-10-01 01:50:06.315506+00:00
ETH/USDT,5m,10/1/26 02:00,10/1/26 02:05,10/1/26,⬇️,⏳,,0.5713,0.5713,0.55,0.0,0.0,0.0,0.0,GREEDY,5.0,2026-10-01 02:00:06.212969+00:00
ETH/USDT,5m,10/1/26 02:00,10/1/26 02:05,10/1/26,⬇️,⏳,,0.5713,0.5713,0.55,0.0,0.0,0.0,0.0,C57_A457_EU,5.0,2026-10-01 02:00:06.212969+00:00
ETH/USDT,5m,10/1/26 02:00,10/1/26 02:05,10/1/26,⬇️,⏳,,0.5713,0.5713,0.55,0.0,0.0,0.0,0.0,FILT_BOTH,5.0,2026-10-01 02:00:06.212969+00:00
ETH/USDT,5m,10/1/26 02:25,10/1/26 02:30,10/1/26,⬇️,⏳,,0.6296,0.6296,0.63,0.0,0.0,0.0,0.0,GREEDY,5.0,2026-10-01 02:25:06.297571+00:00
SOL/USDT,5m,10/1/26 02:25,10/1/26 02:30,10/1/26,⬇️,⏳,,0.6439,0.6439,0.63,0.0,0.0,0.0,0.0,GREEDY,5.0,2026-10-01 02:25:06.297571+00:00
ETH/USDT,5m,10/1/26 02:25,10/1/26 02:30,10/1/26,⬇️,⏳,,0.6296,0.6296,0.63,0.0,0.0,0.0,0.0,FILT_BOTH,5.0,2026-10-01 02:25:06.297571+00:00
SOL/USDT,5m,10/1/26 02:25,10/1/26 02:30,10/1/26,⬇️,⏳,,0.6439,0.6439,0.63,0.0,0.0,0.0,0.0,FILT_BOTH,5.0,2026-10-01 02:25:06.297571+00:00
SOL/USDT,5m,10/1/26 03:05,10/1/26 03:10,10/1/26,⬇️,⏳,,0.6757,0.6757,0.59,0.0,0.0,0.0,0.0,GREEDY,5.0,2026-10-01 03:05:06.455612+00:00
SOL/USDT,5m,10/1/26 03:05,10/1/26 03:10,10/1/26,⬇️,⏳,,0.6757,0.6757,0.59,0.0,0.0,0.0,0.0,FILT_BOTH,5.0,2026-10-01 03:05:06.455612+00:00
ETH/USDT,5m,10/1/26 04:20,10/1/26 04:25,10/1/26,⬇️,⏳,,0.5674,0.5674,0.51,0.0,0.0,0.0,0.0,HW_PRIMARY,5.0,2026-10-01 04:20:06.386241+00:00
BNB/USDT,5m,10/1/26 04:20,10/1/26 04:25,10/1/26,⬇️,⏳,,0.6737,0.6737,0.6,0.0,0.0,0.0,0.0,GREEDY,5.0,2026-10-01 04:20:06.386241+00:00
ETH/USDT,5m,10/1/26 04:20,10/1/26 04:25,10/1/26,⬇️,⏳,,0.5674,0.5674,0.51,0.0,0.0,0.0,0.0,GREEDY,5.0,2026-10-01 04:20:06.386241+00:00
BNB/USDT,5m,10/1/26 04:20,10/1/26 04:25,10/1/26,⬇️,⏳,,0.6737,0.6737,0.6,0.0,0.0,0.0,0.0,FILT_BOTH,5.0,2026-10-01 04:20:06.386241+00:00
BNB/USDT,5m,10/1/26 06:20,10/1/26 06:25,10/1/26,⬇️,⏳,,0.6339,0.6339,0.55,0.0,0.0,0.0,0.0,GREEDY,5.0,2026-10-01 06:20:06.336506+00:00
BNB/USDT,5m,10/1/26 06:20,10/1/26 06:25,10/1/26,⬇️,⏳,,0.6339,0.6339,0.55,0.0,0.0,0.0,0.0,C57_A457_EU,5.0,2026-10-01 06:20:06.336506+00:00
BNB/USDT,5m,10/1/26 06:20,10/1/26 06:25,10/1/26,⬇️,⏳,,0.6339,0.6339,0.55,0.0,0.0,0.0,0.0,FILT_BOTH,5.0,2026-10-01 06:20:06.336506+00:00
ETH/USDT,5m,10/1/26 06:40,10/1/26 06:45,10/1/26,⬇️,⏳,,0.7329,0.7329,0.7,0.0,0.0,0.0,0.0,GREEDY,5.0,2026-10-01 06:40:06.261143+00:00
ETH/USDT,5m,10/1/26 06:40,10/1/26 06:45,10/1/26,⬇️,⏳,,0.7329,0.7329,0.7,0.0,0.0,0.0,0.0,C57_A457_EU,5.0,2026-10-01 06:40:06.261143+00:00
ETH/USDT,5m,10/1/26 06:40,10/1/26 06:45,10/1/26,⬇️,⏳,,0.7329,0.7329,0.7,0.0,0.0,0.0,0.0,FILT_BOTH,5.0,2026-10-01 06:40:06.261143+00:00
ETH/USDT,5m,10/1/26 06:45,10/1/26 06:50,10/1/26,⬆️,⏳,,0.6062,0.6062,0.59,0.0,0.0,0.0,0.0,GREEDY,5.0,2026-10-01 06:45:06.397169+00:00
ETH/USDT,5m,10/1/26 06:45,10/1/26 06:50,10/1/26,⬆️,⏳,,0.6062,0.6062,0.59,0.0,0.0,0.0,0.0,C57_A457_EU,5.0,2026-10-01 06:45:06.397169+00:00
ETH/USDT,5m,10/1/26 06:45,10/1/26 06:50,10/1/26,⬆️,⏳,,0.6062,0.6062,0.59,0.0,0.0,0.0,0.0,FILT_BOTH,5.0,2026-10-01 06:45:06.397169+00:00
ETH/USDT,5m,10/1/26 06:45,10/1/26 06:50,10/1/26,⬆️,⏳,,0.6062,0.6062,0.59,0.0,0.0,0.0,0.0,INCUMBENT,5.0,2026-10-01 06:45:06.397169+00:00
BNB/USDT,5m,10/1/26 07:15,10/1/26 07:20,10/1/26,⬇️,⏳,,0.6065,0.6065,0.55,0.0,0.0,0.0,0.0,AGREE4_60,5.0,2026-10-01 07:15:06.334389+00:00
BNB/USDT,5m,10/1/26 07:15,10/1/26 07:20,10/1/26,⬇️,⏳,,0.6065,0.6065,0.55,0.0,0.0,0.0,0.0,GREEDY,5.0,2026-10-01 07:15:06.334389+00:00
BNB/USDT,5m,10/1/26 07:15,10/1/26 07:20,10/1/26,⬇️,⏳,,0.6065,0.6065,0.55,0.0,0.0,0.0,0.0,C57_A457_EU,5.0,2026-10-01 07:15:06.334389+00:00
BNB/USDT,5m,10/1/26 07:15,10/1/26 07:20,10/1/26,⬇️,⏳,,0.6065,0.6065,0.55,0.0,0.0,0.0,0.0,FILT_BOTH,5.0,2026-10-01 07:15:06.334389+00:00
SOL/USDT,5m,10/1/26 07:25,10/1/26 07:30,10/1/26,⬇️,⏳,,0.6291,0.6291,0.67,0.0,0.0,0.0,0.0,GREEDY,5.0,2026-10-01 07:25:06.508951+00:00
SOL/USDT,5m,10/1/26 07:25,10/1/26 07:30,10/1/26,⬇️,⏳,,0.6291,0.6291,0.67,0.0,0.0,0.0,0.0,FILT_BOTH,5.0,2026-10-01 07:25:06.508951+00:00
BNB/USDT,5m,10/1/26 07:40,10/1/26 07:45,10/1/26,⬇️,⏳,,0.595,0.595,0.55,0.0,0.0,0.0,0.0,HW_PRIMARY,5.0,2026-10-01 07:40:08.439097+00:00
BNB/USDT,5m,10/1/26 07:40,10/1/26 07:45,10/1/26,⬇️,⏳,,0.595,0.595,0.55,0.0,0.0,0.0,0.0,GREEDY,5.0,2026-10-01 07:40:08.439097+00:00
BNB/USDT,5m,10/1/26 07:40,10/1/26 07:45,10/1/26,⬇️,⏳,,0.595,0.595,0.55,0.0,0.0,0.0,0.0,INCUMBENT,5.0,2026-10-01 07:40:08.439097+00:00
BNB/USDT,5m,10/1/26 07:55,10/1/26 08:00,10/1/26,⬇️,⏳,,0.6201,0.6201,0.6,0.0,0.0,0.0,0.0,GREEDY,5.0,2026-10-01 07:55:06.257812+00:00
ETH/USDT,5m,10/1/26 07:55,10/1/26 08:00,10/1/26,⬇️,⏳,,0.5841,0.5841,0.55,0.0,0.0,0.0,0.0,GREEDY,5.0,2026-10-01 07:55:06.257812+00:00
BNB/USDT,5m,10/1/26 07:55,10/1/26 08:00,10/1/26,⬇️,⏳,,0.6201,0.6201,0.6,0.0,0.0,0.0,0.0,C57_A457_EU,5.0,2026-10-01 07:55:06.257812+00:00
ETH/USDT,5m,10/1/26 07:55,10/1/26 08:00,10/1/26,⬇️,⏳,,0.5841,0.5841,0.55,0.0,0.0,0.0,0.0,C57_A457_EU,5.0,2026-10-01 07:55:06.257812+00:00
BNB/USDT,5m,10/1/26 07:55,10/1/26 08:00,10/1/26,⬇️,⏳,,0.6201,0.6201,0.6,0.0,0.0,0.0,0.0,FILT_BOTH,5.0,2026-10-01 07:55:06.257812+00:00
ETH/USDT,5m,10/1/26 07:55,10/1/26 08:00,10/1/26,⬇️,⏳,,0.5841,0.5841,0.55,0.0,0.0,0.0,0.0,FILT_BOTH,5.0,2026-10-01 07:55:06.257812+00:00
SOL/USDT,5m,10/1/26 08:35,10/1/26 08:40,10/1/26,⬇️,⏳,,0.5999,0.5999,0.5,0.0,0.0,0.0,0.0,C57_A457_EU,5.0,2026-10-01 08:35:06.526265+00:00
BNB/USDT,5m,10/1/26 09:15,10/1/26 09:20,10/1/26,⬇️,⏳,,0.5728,0.5728,0.53,0.0,0.0,0.0,0.0,GREEDY,5.0,2026-10-01 09:15:06.297761+00:00
BNB/USDT,5m,10/1/26 09:15,10/1/26 09:20,10/1/26,⬇️,⏳,,0.5728,0.5728,0.53,0.0,0.0,0.0,0.0,C57_A457_EU,5.0,2026-10-01 09:15:06.297761+00:00
BNB/USDT,5m,10/1/26 09:15,10/1/26 09:20,10/1/26,⬇️,⏳,,0.5728,0.5728,0.53,0.0,0.0,0.0,0.0,FILT_BOTH,5.0,2026-10-01 09:15:06.297761+00:00
SOL/USDT,5m,10/1/26 09:25,10/1/26 09:30,10/1/26,⬇️,⏳,,0.5704,0.5704,0.54,0.0,0.0,0.0,0.0,GREEDY,5.0,2026-10-01 09:25:06.285137+00:00
SOL/USDT,5m,10/1/26 09:25,10/1/26 09:30,10/1/26,⬇️,⏳,,0.5704,0.5704,0.54,0.0,0.0,0.0,0.0,C57_A457_EU,5.0,2026-10-01 09:25:06.285137+00:00
SOL/USDT,5m,10/1/26 09:25,10/1/26 09:30,10/1/26,⬇️,⏳,,0.5704,0.5704,0.54,0.0,0.0,0.0,0.0,FILT_BOTH,5.0,2026-10-01 09:25:06.285137+00:00
BNB/USDT,5m,10/1/26 10:05,10/1/26 10:10,10/1/26,⬇️,⏳,,0.6211,0.6211,0.68,0.0,0.0,0.0,0.0,GREEDY,5.0,2026-10-01 10:05:06.355231+00:00
SOL/USDT,5m,10/1/26 10:05,10/1/26 10:10,10/1/26,⬇️,⏳,,0.5945,0.5945,0.64,0.0,0.0,0.0,0.0,GREEDY,5.0,2026-10-01 10:05:06.355231+00:00
BNB/USDT,5m,10/1/26 10:05,10/1/26 10:10,10/1/26,⬇️,⏳,,0.6211,0.6211,0.68,0.0,0.0,0.0,0.0,FILT_BOTH,5.0,2026-10-01 10:05:06.355231+00:00
SOL/USDT,5m,10/1/26 10:05,10/1/26 10:10,10/1/26,⬇️,⏳,,0.5945,0.5945,0.64,0.0,0.0,0.0,0.0,FILT_BOTH,5.0,2026-10-01 10:05:06.355231+00:00
ETH/USDT,5m,10/1/26 10:45,10/1/26 10:50,10/1/26,⬆️,⏳,,0.5046,0.5046,0.47,0.0,0.0,0.0,0.0,C57_A457_EU,5.0,2026-10-01 10:45:06.347759+00:00
SOL/USDT,5m,10/1/26 11:25,10/1/26 11:30,10/1/26,⬇️,⏳,,0.6435,0.6435,0.63,0.0,0.0,0.0,0.0,GREEDY,5.0,2026-10-01 11:25:06.295052+00:00
SOL/USDT,5m,10/1/26 11:25,10/1/26 11:30,10/1/26,⬇️,⏳,,0.6435,0.6435,0.63,0.0,0.0,0.0,0.0,FILT_BOTH,5.0,2026-10-01 11:25:06.295052+00:00
ETH/USDT,5m,10/1/26 12:05,10/1/26 12:10,10/1/26,⬇️,⏳,,0.6081,0.6081,0.54,0.0,0.0,0.0,0.0,AGREE4_60,5.0,2026-10-01 12:05:06.314987+00:00
ETH/USDT,5m,10/1/26 12:05,10/1/26 12:10,10/1/26,⬇️,⏳,,0.6081,0.6081,0.54,0.0,0.0,0.0,0.0,GREEDY,5.0,2026-10-01 12:05:06.314987+00:00
SOL/USDT,5m,10/1/26 12:05,10/1/26 12:10,10/1/26,⬇️,⏳,,0.6288,0.6288,0.59,0.0,0.0,0.0,0.0,GREEDY,5.0,2026-10-01 12:05:06.314987+00:00
ETH/USDT,5m,10/1/26 12:05,10/1/26 12:10,10/1/26,⬇️,⏳,,0.6081,0.6081,0.54,0.0,0.0,0.0,0.0,C57_A457_EU,5.0,2026-10-01 12:05:06.314987+00:00
SOL/USDT,5m,10/1/26 12:05,10/1/26 12:10,10/1/26,⬇️,⏳,,0.6288,0.6288,0.59,0.0,0.0,0.0,0.0,C57_A457_EU,5.0,2026-10-01 12:05:06.314987+00:00
ETH/USDT,5m,10/1/26 12:05,10/1/26 12:10,10/1/26,⬇️,⏳,,0.6081,0.6081,0.54,0.0,0.0,0.0,0.0,FILT_BOTH,5.0,2026-10-01 12:05:06.314987+00:00
SOL/USDT,5m,10/1/26 12:05,10/1/26 12:10,10/1/26,⬇️,⏳,,0.6288,0.6288,0.59,0.0,0.0,0.0,0.0,FILT_BOTH,5.0,2026-10-01 12:05:06.314987+00:00
SOL/USDT,5m,10/1/26 12:30,10/1/26 12:35,10/1/26,⬇️,⏳,,0.6681,0.6681,0.57,0.0,0.0,0.0,0.0,GREEDY,5.0,2026-10-01 12:30:06.302922+00:00
XRP/USDT,5m,10/1/26 12:30,10/1/26 12:35,10/1/26,⬇️,⏳,,0.6487,0.6487,0.56,0.0,0.0,0.0,0.0,GREEDY,5.0,2026-10-01 12:30:06.302922+00:00
SOL/USDT,5m,10/1/26 12:30,10/1/26 12:35,10/1/26,⬇️,⏳,,0.6681,0.6681,0.57,0.0,0.0,0.0,0.0,FILT_BOTH,5.0,2026-10-01 12:30:06.302922+00:00
XRP/USDT,5m,10/1/26 12:30,10/1/26 12:35,10/1/26,⬇️,⏳,,0.6487,0.6487,0.56,0.0,0.0,0.0,0.0,FILT_BOTH,5.0,2026-10-01 12:30:06.302922+00:00
ETH/USDT,5m,10/1/26 13:05,10/1/26 13:10,10/1/26,⬇️,⏳,,0.5358,0.5358,0.59,0.0,0.0,0.0,0.0,GREEDY,5.0,2026-10-01 13:05:06.321357+00:00
ETH/USDT,5m,10/1/26 13:05,10/1/26 13:10,10/1/26,⬇️,⏳,,0.5358,0.5358,0.59,0.0,0.0,0.0,0.0,FILT_BOTH,5.0,2026-10-01 13:05:06.321357+00:00
ETH/USDT,5m,10/1/26 13:15,10/1/26 13:20,10/1/26,⬆️,⏳,,0.5071,0.5071,0.54,0.0,0.0,0.0,0.0,GREEDY,5.0,2026-10-01 13:15:06.340495+00:00
ETH/USDT,5m,10/1/26 13:15,10/1/26 13:20,10/1/26,⬆️,⏳,,0.5071,0.5071,0.54,0.0,0.0,0.0,0.0,C57_A457_EU,5.0,2026-10-01 13:15:06.340495+00:00
ETH/USDT,5m,10/1/26 13:15,10/1/26 13:20,10/1/26,⬆️,⏳,,0.5071,0.5071,0.54,0.0,0.0,0.0,0.0,FILT_BOTH,5.0,2026-10-01 13:15:06.340495+00:00
ETH/USDT,5m,10/1/26 17:25,10/1/26 17:30,10/1/26,⬆️,⏳,,0.6306,0.6306,0.63,0.0,0.0,0.0,0.0,C57_A457_EU,5.0,2026-10-01 17:25:06.311708+00:00
ETH/USDT,5m,10/1/26 17:25,10/1/26 17:30,10/1/26,⬆️,⏳,,0.6306,0.6306,0.63,0.0,0.0,0.0,0.0,INCUMBENT,5.0,2026-10-01 17:25:06.311708+00:00
ETH/USDT,5m,10/1/26 18:10,10/1/26 18:15,10/1/26,⬆️,⏳,,0.5949,0.5949,0.56,0.0,0.0,0.0,0.0,GREEDY,5.0,2026-10-01 18:10:07.833259+00:00
ETH/USDT,5m,10/1/26 18:10,10/1/26 18:15,10/1/26,⬆️,⏳,,0.5949,0.5949,0.56,0.0,0.0,0.0,0.0,C57_A457_EU,5.0,2026-10-01 18:10:07.833259+00:00
ETH/USDT,5m,10/1/26 18:10,10/1/26 18:15,10/1/26,⬆️,⏳,,0.5949,0.5949,0.56,0.0,0.0,0.0,0.0,FILT_BOTH,5.0,2026-10-01 18:10:07.833259+00:00
ETH/USDT,5m,10/1/26 18:10,10/1/26 18:15,10/1/26,⬆️,⏳,,0.5949,0.5949,0.56,0.0,0.0,0.0,0.0,INCUMBENT,5.0,2026-10-01 18:10:07.833259+00:00
BNB/USDT,5m,10/1/26 18:15,10/1/26 18:20,10/1/26,⬇️,⏳,,0.6434,0.6434,0.62,0.0,0.0,0.0,0.0,GREEDY,5.0,2026-10-01 18:15:06.321582+00:00
BNB/USDT,5m,10/1/26 18:15,10/1/26 18:20,10/1/26,⬇️,⏳,,0.6434,0.6434,0.62,0.0,0.0,0.0,0.0,C57_A457_EU,5.0,2026-10-01 18:15:06.321582+00:00
BNB/USDT,5m,10/1/26 18:15,10/1/26 18:20,10/1/26,⬇️,⏳,,0.6434,0.6434,0.62,0.0,0.0,0.0,0.0,FILT_BOTH,5.0,2026-10-01 18:15:06.321582+00:00
SOL/USDT,5m,10/1/26 19:25,10/1/26 19:30,10/1/26,⬇️,⏳,,0.6087,0.6087,0.6,0.0,0.0,0.0,0.0,GREEDY,5.0,2026-10-01 19:25:06.261714+00:00
SOL/USDT,5m,10/1/26 19:25,10/1/26 19:30,10/1/26,⬇️,⏳,,0.6087,0.6087,0.6,0.0,0.0,0.0,0.0,FILT_BOTH,5.0,2026-10-01 19:25:06.261714+00:00
ETH/USDT,5m,10/1/26 21:35,10/1/26 21:40,10/1/26,⬇️,⏳,,0.5285,0.5285,0.55,0.0,0.0,0.0,0.0,HW_PRIMARY,5.0,2026-10-01 21:35:06.369710+00:00
ETH/USDT,5m,10/1/26 21:35,10/1/26 21:40,10/1/26,⬇️,⏳,,0.5285,0.5285,0.55,0.0,0.0,0.0,0.0,GREEDY,5.0,2026-10-01 21:35:06.369710+00:00
SOL/USDT,5m,10/2/26 00:05,10/2/26 00:10,10/2/26,⬇️,⏳,,0.6184,0.6184,0.55,0.0,0.0,0.0,0.0,GREEDY,5.0,2026-10-02 00:05:06.310174+00:00
XRP/USDT,5m,10/2/26 00:05,10/2/26 00:10,10/2/26,⬇️,⏳,,0.6881,0.6881,0.58,0.0,0.0,0.0,0.0,GREEDY,5.0,2026-10-02 00:05:06.310174+00:00
ETH/USDT,5m,10/2/26 00:05,10/2/26 00:10,10/2/26,⬇️,⏳,,0.5921,0.5921,0.36,0.0,0.0,0.0,0.0,C57_A457_EU,5.0,2026-10-02 00:05:06.310174+00:00
SOL/USDT,5m,10/2/26 00:05,10/2/26 00:10,10/2/26,⬇️,⏳,,0.6184,0.6184,0.55,0.0,0.0,0.0,0.0,C57_A457_EU,5.0,2026-10-02 00:05:06.310174+00:00
SOL/USDT,5m,10/2/26 00:05,10/2/26 00:10,10/2/26,⬇️,⏳,,0.6184,0.6184,0.55,0.0,0.0,0.0,0.0,FILT_BOTH,5.0,2026-10-02 00:05:06.310174+00:00
XRP/USDT,5m,10/2/26 00:05,10/2/26 00:10,10/2/26,⬇️,⏳,,0.6881,0.6881,0.58,0.0,0.0,0.0,0.0,FILT_BOTH,5.0,2026-10-02 00:05:06.310174+00:00
SOL/USDT,5m,10/2/26 01:15,10/2/26 01:20,10/2/26,⬇️,⏳,,0.5792,0.5792,0.54,0.0,0.0,0.0,0.0,GREEDY,5.0,2026-10-02 01:15:06.275157+00:00
SOL/USDT,5m,10/2/26 01:15,10/2/26 01:20,10/2/26,⬇️,⏳,,0.5792,0.5792,0.54,0.0,0.0,0.0,0.0,C57_A457_EU,5.0,2026-10-02 01:15:06.275157+00:00
SOL/USDT,5m,10/2/26 01:15,10/2/26 01:20,10/2/26,⬇️,⏳,,0.5792,0.5792,0.54,0.0,0.0,0.0,0.0,FILT_BOTH,5.0,2026-10-02 01:15:06.275157+00:00
SOL/USDT,5m,10/2/26 01:20,10/2/26 01:25,10/2/26,⬇️,⏳,,0.6429,0.6429,0.6,0.0,0.0,0.0,0.0,GREEDY,5.0,2026-10-02 01:20:06.377839+00:00
SOL/USDT,5m,10/2/26 01:20,10/2/26 01:25,10/2/26,⬇️,⏳,,0.6429,0.6429,0.6,0.0,0.0,0.0,0.0,C57_A457_EU,5.0,2026-10-02 01:20:06.377839+00:00
SOL/USDT,5m,10/2/26 01:20,10/2/26 01:25,10/2/26,⬇️,⏳,,0.6429,0.6429,0.6,0.0,0.0,0.0,0.0,FILT_BOTH,5.0,2026-10-02 01:20:06.377839+00:00
ETH/USDT,5m,10/2/26 02:10,10/2/26 02:15,10/2/26,⬆️,⏳,,0.543,0.543,0.53,0.0,0.0,0.0,0.0,GREEDY,5.0,2026-10-02 02:10:07.585319+00:00
ETH/USDT,5m,10/2/26 02:10,10/2/26 02:15,10/2/26,⬆️,⏳,,0.543,0.543,0.53,0.0,0.0,0.0,0.0,C57_A457_EU,5.0,2026-10-02 02:10:07.585319+00:00
ETH/USDT,5m,10/2/26 02:10,10/2/26 02:15,10/2/26,⬆️,⏳,,0.543,0.543,0.53,0.0,0.0,0.0,0.0,FILT_BOTH,5.0,2026-10-02 02:10:07.585319+00:00
SOL/USDT,5m,10/2/26 02:35,10/2/26 02:40,10/2/26,⬇️,⏳,,0.6578,0.6578,0.6,0.0,0.0,0.0,0.0,AGREE4_60,5.0,2026-10-02 02:35:06.433778+00:00
SOL/USDT,5m,10/2/26 02:35,10/2/26 02:40,10/2/26,⬇️,⏳,,0.6578,0.6578,0.6,0.0,0.0,0.0,0.0,HW_PRIMARY,5.0,2026-10-02 02:35:06.433778+00:00
SOL/USDT,5m,10/2/26 02:35,10/2/26 02:40,10/2/26,⬇️,⏳,,0.6578,0.6578,0.6,0.0,0.0,0.0,0.0,GREEDY,5.0,2026-10-02 02:35:06.433778+00:00
XRP/USDT,5m,10/2/26 02:35,10/2/26 02:40,10/2/26,⬇️,⏳,,0.7196,0.7196,0.7,0.0,0.0,0.0,0.0,GREEDY,5.0,2026-10-02 02:35:06.433778+00:00
SOL/USDT,5m,10/2/26 02:35,10/2/26 02:40,10/2/26,⬇️,⏳,,0.6578,0.6578,0.6,0.0,0.0,0.0,0.0,C57_A457_EU,5.0,2026-10-02 02:35:06.433778+00:00
XRP/USDT,5m,10/2/26 02:35,10/2/26 02:40,10/2/26,⬇️,⏳,,0.7196,0.7196,0.7,0.0,0.0,0.0,0.0,C57_A457_EU,5.0,2026-10-02 02:35:06.433778+00:00
SOL/USDT,5m,10/2/26 02:35,10/2/26 02:40,10/2/26,⬇️,⏳,,0.6578,0.6578,0.6,0.0,0.0,0.0,0.0,FILT_BOTH,5.0,2026-10-02 02:35:06.433778+00:00
XRP/USDT,5m,10/2/26 02:35,10/2/26 02:40,10/2/26,⬇️,⏳,,0.7196,0.7196,0.7,0.0,0.0,0.0,0.0,FILT_BOTH,5.0,2026-10-02 02:35:06.433778+00:00
SOL/USDT,5m,10/2/26 02:35,10/2/26 02:40,10/2/26,⬇️,⏳,,0.6578,0.6578,0.6,0.0,0.0,0.0,0.0,INCUMBENT,5.0,2026-10-02 02:35:06.433778+00:00
DOGE/USDT,5m,10/2/26 03:15,10/2/26 03:20,10/2/26,⬇️,⏳,,0.7401,0.7401,0.6,0.0,0.0,0.0,0.0,AGREE4_60,5.0,2026-10-02 03:15:06.327518+00:00
HYPE/USDT,5m,10/2/26 03:15,10/2/26 03:20,10/2/26,⬇️,⏳,,0.7654,0.7654,0.58,0.0,0.0,0.0,0.0,AGREE4_60,5.0,2026-10-02 03:15:06.327518+00:00
DOGE/USDT,5m,10/2/26 03:15,10/2/26 03:20,10/2/26,⬇️,⏳,,0.7401,0.7401,0.6,0.0,0.0,0.0,0.0,HW_PRIMARY,5.0,2026-10-02 03:15:06.327518+00:00
HYPE/USDT,5m,10/2/26 03:15,10/2/26 03:20,10/2/26,⬇️,⏳,,0.7654,0.7654,0.58,0.0,0.0,0.0,0.0,HW_PRIMARY,5.0,2026-10-02 03:15:06.327518+00:00
DOGE/USDT,5m,10/2/26 03:15,10/2/26 03:20,10/2/26,⬇️,⏳,,0.7401,0.7401,0.6,0.0,0.0,0.0,0.0,GREEDY,5.0,2026-10-02 03:15:06.327518+00:00
HYPE/USDT,5m,10/2/26 03:15,10/2/26 03:20,10/2/26,⬇️,⏳,,0.7654,0.7654,0.58,0.0,0.0,0.0,0.0,GREEDY,5.0,2026-10-02 03:15:06.327518+00:00
XRP/USDT,5m,10/2/26 03:15,10/2/26 03:20,10/2/26,⬇️,⏳,,0.7574,0.7574,0.74,0.0,0.0,0.0,0.0,GREEDY,5.0,2026-10-02 03:15:06.327518+00:00
DOGE/USDT,5m,10/2/26 03:15,10/2/26 03:20,10/2/26,⬇️,⏳,,0.7401,0.7401,0.6,0.0,0.0,0.0,0.0,C57_A457_EU,5.0,2026-10-02 03:15:06.327518+00:00
HYPE/USDT,5m,10/2/26 03:15,10/2/26 03:20,10/2/26,⬇️,⏳,,0.7654,0.7654,0.58,0.0,0.0,0.0,0.0,C57_A457_EU,5.0,2026-10-02 03:15:06.327518+00:00
XRP/USDT,5m,10/2/26 03:15,10/2/26 03:20,10/2/26,⬇️,⏳,,0.7574,0.7574,0.74,0.0,0.0,0.0,0.0,C57_A457_EU,5.0,2026-10-02 03:15:06.327518+00:00
DOGE/USDT,5m,10/2/26 03:15,10/2/26 03:20,10/2/26,⬇️,⏳,,0.7401,0.7401,0.6,0.0,0.0,0.0,0.0,FILT_BOTH,5.0,2026-10-02 03:15:06.327518+00:00
HYPE/USDT,5m,10/2/26 03:15,10/2/26 03:20,10/2/26,⬇️,⏳,,0.7654,0.7654,0.58,0.0,0.0,0.0,0.0,FILT_BOTH,5.0,2026-10-02 03:15:06.327518+00:00
XRP/USDT,5m,10/2/26 03:15,10/2/26 03:20,10/2/26,⬇️,⏳,,0.7574,0.7574,0.74,0.0,0.0,0.0,0.0,FILT_BOTH,5.0,2026-10-02 03:15:06.327518+00:00
HYPE/USDT,5m,10/2/26 03:15,10/2/26 03:20,10/2/26,⬇️,⏳,,0.7654,0.7654,0.58,0.0,0.0,0.0,0.0,INCUMBENT,5.0,2026-10-02 03:15:06.327518+00:00
ETH/USDT,5m,10/2/26 03:55,10/2/26 04:00,10/2/26,⬇️,⏳,,0.6088,0.6088,0.59,0.0,0.0,0.0,0.0,GREEDY,5.0,2026-10-02 03:55:06.359644+00:00
ETH/USDT,5m,10/2/26 03:55,10/2/26 04:00,10/2/26,⬇️,⏳,,0.6088,0.6088,0.59,0.0,0.0,0.0,0.0,C57_A457_EU,5.0,2026-10-02 03:55:06.359644+00:00
ETH/USDT,5m,10/2/26 03:55,10/2/26 04:00,10/2/26,⬇️,⏳,,0.6088,0.6088,0.59,0.0,0.0,0.0,0.0,FILT_BOTH,5.0,2026-10-02 03:55:06.359644+00:00
SOL/USDT,5m,10/2/26 04:35,10/2/26 04:40,10/2/26,⬇️,⏳,,0.6303,0.6303,0.58,0.0,0.0,0.0,0.0,GREEDY,5.0,2026-10-02 04:35:06.330290+00:00
SOL/USDT,5m,10/2/26 04:35,10/2/26 04:40,10/2/26,⬇️,⏳,,0.6303,0.6303,0.58,0.0,0.0,0.0,0.0,C57_A457_EU,5.0,2026-10-02 04:35:06.330290+00:00
SOL/USDT,5m,10/2/26 04:35,10/2/26 04:40,10/2/26,⬇️,⏳,,0.6303,0.6303,0.58,0.0,0.0,0.0,0.0,FILT_BOTH,5.0,2026-10-02 04:35:06.330290+00:00
DOGE/USDT,5m,10/2/26 04:50,10/2/26 04:55,10/2/26,⬇️,⏳,,0.6527,0.6527,0.59,0.0,0.0,0.0,0.0,GREEDY,5.0,2026-10-02 04:50:06.313838+00:00
DOGE/USDT,5m,10/2/26 04:50,10/2/26 04:55,10/2/26,⬇️,⏳,,0.6527,0.6527,0.59,0.0,0.0,0.0,0.0,FILT_BOTH,5.0,2026-10-02 04:50:06.313838+00:00
ETH/USDT,5m,10/2/26 04:55,10/2/26 05:00,10/2/26,⬇️,⏳,,0.6317,0.6317,0.59,0.0,0.0,0.0,0.0,GREEDY,5.0,2026-10-02 04:55:06.340688+00:00
ETH/USDT,5m,10/2/26 04:55,10/2/26 05:00,10/2/26,⬇️,⏳,,0.6317,0.6317,0.59,0.0,0.0,0.0,0.0,C57_A457_EU,5.0,2026-10-02 04:55:06.340688+00:00
ETH/USDT,5m,10/2/26 04:55,10/2/26 05:00,10/2/26,⬇️,⏳,,0.6317,0.6317,0.59,0.0,0.0,0.0,0.0,FILT_BOTH,5.0,2026-10-02 04:55:06.340688+00:00
SOL/USDT,5m,10/2/26 06:00,10/2/26 06:05,10/2/26,⬇️,⏳,,0.5702,0.5702,0.54,0.0,0.0,0.0,0.0,GREEDY,5.0,2026-10-02 06:00:06.316194+00:00
SOL/USDT,5m,10/2/26 06:00,10/2/26 06:05,10/2/26,⬇️,⏳,,0.5702,0.5702,0.54,0.0,0.0,0.0,0.0,C57_A457_EU,5.0,2026-10-02 06:00:06.316194+00:00
SOL/USDT,5m,10/2/26 06:00,10/2/26 06:05,10/2/26,⬇️,⏳,,0.5702,0.5702,0.54,0.0,0.0,0.0,0.0,FILT_BOTH,5.0,2026-10-02 06:00:06.316194+00:00
ETH/USDT,5m,10/2/26 06:15,10/2/26 06:20,10/2/26,⬇️,⏳,,0.6771,0.6771,0.58,0.0,0.0,0.0,0.0,AGREE4_60,5.0,2026-10-02 06:15:06.394758+00:00
ETH/USDT,5m,10/2/26 06:15,10/2/26 06:20,10/2/26,⬇️,⏳,,0.6771,0.6771,0.58,0.0,0.0,0.0,0.0,HW_PRIMARY,5.0,2026-10-02 06:15:06.394758+00:00
ETH/USDT,5m,10/2/26 06:15,10/2/26 06:20,10/2/26,⬇️,⏳,,0.6771,0.6771,0.58,0.0,0.0,0.0,0.0,GREEDY,5.0,2026-10-02 06:15:06.394758+00:00
ETH/USDT,5m,10/2/26 06:15,10/2/26 06:20,10/2/26,⬇️,⏳,,0.6771,0.6771,0.58,0.0,0.0,0.0,0.0,C57_A457_EU,5.0,2026-10-02 06:15:06.394758+00:00
ETH/USDT,5m,10/2/26 06:15,10/2/26 06:20,10/2/26,⬇️,⏳,,0.6771,0.6771,0.58,0.0,0.0,0.0,0.0,FILT_BOTH,5.0,2026-10-02 06:15:06.394758+00:00
XRP/USDT,5m,10/2/26 07:05,10/2/26 07:10,10/2/26,⬇️,⏳,,0.7607,0.7607,0.74,0.0,0.0,0.0,0.0,AGREE4_60,5.0,2026-10-02 07:05:06.337199+00:00
XRP/USDT,5m,10/2/26 07:05,10/2/26 07:10,10/2/26,⬇️,⏳,,0.7607,0.7607,0.74,0.0,0.0,0.0,0.0,GREEDY,5.0,2026-10-02 07:05:06.337199+00:00
XRP/USDT,5m,10/2/26 07:05,10/2/26 07:10,10/2/26,⬇️,⏳,,0.7607,0.7607,0.74,0.0,0.0,0.0,0.0,C57_A457_EU,5.0,2026-10-02 07:05:06.337199+00:00
XRP/USDT,5m,10/2/26 07:05,10/2/26 07:10,10/2/26,⬇️,⏳,,0.7607,0.7607,0.74,0.0,0.0,0.0,0.0,FILT_BOTH,5.0,2026-10-02 07:05:06.337199+00:00
XRP/USDT,5m,10/2/26 07:05,10/2/26 07:10,10/2/26,⬇️,⏳,,0.7607,0.7607,0.74,0.0,0.0,0.0,0.0,INCUMBENT,5.0,2026-10-02 07:05:06.337199+00:00
ETH/USDT,5m,10/2/26 08:05,10/2/26 08:10,10/2/26,⬇️,⏳,,0.728,0.728,0.65,0.0,0.0,0.0,0.0,HW_PRIMARY,5.0,2026-10-02 08:05:06.478143+00:00
ETH/USDT,5m,10/2/26 08:05,10/2/26 08:10,10/2/26,⬇️,⏳,,0.728,0.728,0.65,0.0,0.0,0.0,0.0,GREEDY,5.0,2026-10-02 08:05:06.478143+00:00
XRP/USDT,5m,10/2/26 10:10,10/2/26 10:15,10/2/26,⬇️,⏳,,0.6419,0.6419,0.65,0.0,0.0,0.0,0.0,GREEDY,5.0,2026-10-02 10:10:06.365264+00:00
XRP/USDT,5m,10/2/26 10:10,10/2/26 10:15,10/2/26,⬇️,⏳,,0.6419,0.6419,0.65,0.0,0.0,0.0,0.0,FILT_BOTH,5.0,2026-10-02 10:10:06.365264+00:00
HYPE/USDT,5m,10/2/26 10:35,10/2/26 10:40,10/2/26,⬇️,⏳,,0.5802,0.5802,0.55,0.0,0.0,0.0,0.0,GREEDY,5.0,2026-10-02 10:35:06.269492+00:00
HYPE/USDT,5m,10/2/26 10:35,10/2/26 10:40,10/2/26,⬇️,⏳,,0.5802,0.5802,0.55,0.0,0.0,0.0,0.0,C57_A457_EU,5.0,2026-10-02 10:35:06.269492+00:00
HYPE/USDT,5m,10/2/26 10:35,10/2/26 10:40,10/2/26,⬇️,⏳,,0.5802,0.5802,0.55,0.0,0.0,0.0,0.0,FILT_BOTH,5.0,2026-10-02 10:35:06.269492+00:00
ETH/USDT,5m,10/2/26 10:55,10/2/26 11:00,10/2/26,⬆️,⏳,,0.6534,0.6534,0.54,0.0,0.0,0.0,0.0,GREEDY,5.0,2026-10-02 10:55:06.388466+00:00
ETH/USDT,5m,10/2/26 10:55,10/2/26 11:00,10/2/26,⬆️,⏳,,0.6534,0.6534,0.54,0.0,0.0,0.0,0.0,C57_A457_EU,5.0,2026-10-02 10:55:06.388466+00:00
ETH/USDT,5m,10/2/26 10:55,10/2/26 11:00,10/2/26,⬆️,⏳,,0.6534,0.6534,0.54,0.0,0.0,0.0,0.0,FILT_BOTH,5.0,2026-10-02 10:55:06.388466+00:00
ETH/USDT,5m,10/2/26 10:55,10/2/26 11:00,10/2/26,⬆️,⏳,,0.6534,0.6534,0.54,0.0,0.0,0.0,0.0,INCUMBENT,5.0,2026-10-02 10:55:06.388466+00:00
ETH/USDT,5m,10/2/26 11:00,10/2/26 11:05,10/2/26,⬇️,⏳,,0.5726,0.5726,0.52,0.0,0.0,0.0,0.0,C57_A457_EU,5.0,2026-10-02 11:00:06.246337+00:00
ETH/USDT,5m,10/2/26 13:15,10/2/26 13:20,10/2/26,⬇️,⏳,,0.5859,0.5859,0.57,0.0,0.0,0.0,0.0,HW_PRIMARY,5.0,2026-10-02 13:15:08.487164+00:00
ETH/USDT,5m,10/2/26 13:15,10/2/26 13:20,10/2/26,⬇️,⏳,,0.5859,0.5859,0.57,0.0,0.0,0.0,0.0,GREEDY,5.0,2026-10-02 13:15:08.487164+00:00
SOL/USDT,5m,10/2/26 13:15,10/2/26 13:20,10/2/26,⬇️,⏳,,0.6177,0.6177,0.6,0.0,0.0,0.0,0.0,GREEDY,5.0,2026-10-02 13:15:08.487164+00:00
SOL/USDT,5m,10/2/26 13:15,10/2/26 13:20,10/2/26,⬇️,⏳,,0.6177,0.6177,0.6,0.0,0.0,0.0,0.0,C57_A457_EU,5.0,2026-10-02 13:15:08.487164+00:00
SOL/USDT,5m,10/2/26 13:15,10/2/26 13:20,10/2/26,⬇️,⏳,,0.6177,0.6177,0.6,0.0,0.0,0.0,0.0,FILT_BOTH,5.0,2026-10-02 13:15:08.487164+00:00
SOL/USDT,5m,10/2/26 13:30,10/2/26 13:35,10/2/26,⬇️,⏳,,0.6004,0.6004,0.58,0.0,0.0,0.0,0.0,GREEDY,5.0,2026-10-02 13:30:06.343738+00:00
SOL/USDT,5m,10/2/26 13:30,10/2/26 13:35,10/2/26,⬇️,⏳,,0.6004,0.6004,0.58,0.0,0.0,0.0,0.0,C57_A457_EU,5.0,2026-10-02 13:30:06.343738+00:00
SOL/USDT,5m,10/2/26 13:30,10/2/26 13:35,10/2/26,⬇️,⏳,,0.6004,0.6004,0.58,0.0,0.0,0.0,0.0,FILT_BOTH,5.0,2026-10-02 13:30:06.343738+00:00
ETH/USDT,5m,10/2/26 14:15,10/2/26 14:20,10/2/26,⬇️,⏳,,0.5725,0.5725,0.52,0.0,0.0,0.0,0.0,C57_A457_EU,5.0,2026-10-02 14:15:06.286975+00:00
ETH/USDT,5m,10/2/26 14:55,10/2/26 15:00,10/2/26,⬇️,⏳,,0.7151,0.7151,0.78,0.0,0.0,0.0,0.0,GREEDY,5.0,2026-10-02 14:55:06.295384+00:00
ETH/USDT,5m,10/2/26 14:55,10/2/26 15:00,10/2/26,⬇️,⏳,,0.7151,0.7151,0.78,0.0,0.0,0.0,0.0,FILT_BOTH,5.0,2026-10-02 14:55:06.295384+00:00
XRP/USDT,5m,10/2/26 15:05,10/2/26 15:10,10/2/26,⬇️,⏳,,0.5261,0.5261,0.52,0.0,0.0,0.0,0.0,HW_PRIMARY,5.0,2026-10-02 15:05:06.262840+00:00
XRP/USDT,5m,10/2/26 15:05,10/2/26 15:10,10/2/26,⬇️,⏳,,0.5261,0.5261,0.52,0.0,0.0,0.0,0.0,GREEDY,5.0,2026-10-02 15:05:06.262840+00:00
HYPE/USDT,5m,10/2/26 15:25,10/2/26 15:30,10/2/26,⬇️,⏳,,0.5543,0.5543,0.52,0.0,0.0,0.0,0.0,HW_PRIMARY,5.0,2026-10-02 15:25:06.698547+00:00
HYPE/USDT,5m,10/2/26 15:25,10/2/26 15:30,10/2/26,⬇️,⏳,,0.5543,0.5543,0.52,0.0,0.0,0.0,0.0,GREEDY,5.0,2026-10-02 15:25:06.698547+00:00
ETH/USDT,5m,10/2/26 15:50,10/2/26 15:55,10/2/26,⬆️,⏳,,0.6321,0.6321,0.59,0.0,0.0,0.0,0.0,C57_A457_EU,5.0,2026-10-02 15:50:06.276482+00:00
ETH/USDT,5m,10/2/26 15:50,10/2/26 15:55,10/2/26,⬆️,⏳,,0.6321,0.6321,0.59,0.0,0.0,0.0,0.0,INCUMBENT,5.0,2026-10-02 15:50:06.276482+00:00
XRP/USDT,5m,10/2/26 16:35,10/2/26 16:40,10/2/26,⬇️,⏳,,0.6131,0.6131,0.56,0.0,0.0,0.0,0.0,AGREE4_60,5.0,2026-10-02 16:35:06.281798+00:00
XRP/USDT,5m,10/2/26 16:35,10/2/26 16:40,10/2/26,⬇️,⏳,,0.6131,0.6131,0.56,0.0,0.0,0.0,0.0,C57_A457_EU,5.0,2026-10-02 16:35:06.281798+00:00
SOL/USDT,5m,10/2/26 17:05,10/2/26 17:10,10/2/26,⬇️,⏳,,0.6615,0.6615,0.6,0.0,0.0,0.0,0.0,AGREE4_60,5.0,2026-10-02 17:05:06.332962+00:00
SOL/USDT,5m,10/2/26 17:05,10/2/26 17:10,10/2/26,⬇️,⏳,,0.6615,0.6615,0.6,0.0,0.0,0.0,0.0,HW_PRIMARY,5.0,2026-10-02 17:05:06.332962+00:00
SOL/USDT,5m,10/2/26 17:05,10/2/26 17:10,10/2/26,⬇️,⏳,,0.6615,0.6615,0.6,0.0,0.0,0.0,0.0,GREEDY,5.0,2026-10-02 17:05:06.332962+00:00
SOL/USDT,5m,10/2/26 17:05,10/2/26 17:10,10/2/26,⬇️,⏳,,0.6615,0.6615,0.6,0.0,0.0,0.0,0.0,C57_A457_EU,5.0,2026-10-02 17:05:06.332962+00:00
SOL/USDT,5m,10/2/26 17:05,10/2/26 17:10,10/2/26,⬇️,⏳,,0.6615,0.6615,0.6,0.0,0.0,0.0,0.0,INCUMBENT,5.0,2026-10-02 17:05:06.332962+00:00
SOL/USDT,5m,10/2/26 18:10,10/2/26 18:15,10/2/26,⬇️,⏳,,0.6137,0.6137,0.57,0.0,0.0,0.0,0.0,AGREE4_60,5.0,2026-10-02 18:10:06.508951+00:00
SOL/USDT,5m,10/2/26 18:10,10/2/26 18:15,10/2/26,⬇️,⏳,,0.6137,0.6137,0.57,0.0,0.0,0.0,0.0,GREEDY,5.0,2026-10-02 18:10:06.508951+00:00
SOL/USDT,5m,10/2/26 18:10,10/2/26 18:15,10/2/26,⬇️,⏳,,0.6137,0.6137,0.57,0.0,0.0,0.0,0.0,C57_A457_EU,5.0,2026-10-02 18:10:06.508951+00:00
SOL/USDT,5m,10/2/26 18:10,10/2/26 18:15,10/2/26,⬇️,⏳,,0.6137,0.6137,0.57,0.0,0.0,0.0,0.0,FILT_BOTH,5.0,2026-10-02 18:10:06.508951+00:00
SOL/USDT,5m,10/2/26 18:10,10/2/26 18:15,10/2/26,⬇️,⏳,,0.6137,0.6137,0.57,0.0,0.0,0.0,0.0,INCUMBENT,5.0,2026-10-02 18:10:06.508951+00:00
DOGE/USDT,5m,10/2/26 18:40,10/2/26 18:45,10/2/26,⬇️,⏳,,0.6861,0.6861,0.52,0.0,0.0,0.0,0.0,HW_PRIMARY,5.0,2026-10-02 18:40:06.308753+00:00
DOGE/USDT,5m,10/2/26 18:40,10/2/26 18:45,10/2/26,⬇️,⏳,,0.6861,0.6861,0.52,0.0,0.0,0.0,0.0,GREEDY,5.0,2026-10-02 18:40:06.308753+00:00
SOL/USDT,5m,10/2/26 18:40,10/2/26 18:45,10/2/26,⬇️,⏳,,0.6968,0.6968,0.85,0.0,0.0,0.0,0.0,GREEDY,5.0,2026-10-02 18:40:06.308753+00:00
SOL/USDT,5m,10/2/26 18:40,10/2/26 18:45,10/2/26,⬇️,⏳,,0.6968,0.6968,0.85,0.0,0.0,0.0,0.0,FILT_BOTH,5.0,2026-10-02 18:40:06.308753+00:00
DOGE/USDT,5m,10/2/26 18:40,10/2/26 18:45,10/2/26,⬇️,⏳,,0.6861,0.6861,0.52,0.0,0.0,0.0,0.0,INCUMBENT,5.0,2026-10-02 18:40:06.308753+00:00
ETH/USDT,5m,10/2/26 19:20,10/2/26 19:25,10/2/26,⬇️,⏳,,0.5805,0.5805,0.52,0.0,0.0,0.0,0.0,C57_A457_EU,5.0,2026-10-02 19:20:06.319776+00:00
ETH/USDT,5m,10/2/26 19:25,10/2/26 19:30,10/2/26,⬆️,⏳,,0.6976,0.6976,0.56,0.0,0.0,0.0,0.0,GREEDY,5.0,2026-10-02 19:25:06.490553+00:00
ETH/USDT,5m,10/2/26 19:25,10/2/26 19:30,10/2/26,⬆️,⏳,,0.6976,0.6976,0.56,0.0,0.0,0.0,0.0,C57_A457_EU,5.0,2026-10-02 19:25:06.490553+00:00
ETH/USDT,5m,10/2/26 19:25,10/2/26 19:30,10/2/26,⬆️,⏳,,0.6976,0.6976,0.56,0.0,0.0,0.0,0.0,FILT_BOTH,5.0,2026-10-02 19:25:06.490553+00:00
ETH/USDT,5m,10/2/26 19:25,10/2/26 19:30,10/2/26,⬆️,⏳,,0.6976,0.6976,0.56,0.0,0.0,0.0,0.0,INCUMBENT,5.0,2026-10-02 19:25:06.490553+00:00
SOL/USDT,5m,10/2/26 20:40,10/2/26 20:45,10/2/26,⬇️,⏳,,0.6097,0.6097,0.56,0.0,0.0,0.0,0.0,AGREE4_60,5.0,2026-10-02 20:40:06.305291+00:00
SOL/USDT,5m,10/2/26 20:40,10/2/26 20:45,10/2/26,⬇️,⏳,,0.6097,0.6097,0.56,0.0,0.0,0.0,0.0,GREEDY,5.0,2026-10-02 20:40:06.305291+00:00
SOL/USDT,5m,10/2/26 20:40,10/2/26 20:45,10/2/26,⬇️,⏳,,0.6097,0.6097,0.56,0.0,0.0,0.0,0.0,C57_A457_EU,5.0,2026-10-02 20:40:06.305291+00:00
SOL/USDT,5m,10/2/26 20:40,10/2/26 20:45,10/2/26,⬇️,⏳,,0.6097,0.6097,0.56,0.0,0.0,0.0,0.0,FILT_BOTH,5.0,2026-10-02 20:40:06.305291+00:00
SOL/USDT,5m,10/2/26 20:40,10/2/26 20:45,10/2/26,⬇️,⏳,,0.6097,0.6097,0.56,0.0,0.0,0.0,0.0,INCUMBENT,5.0,2026-10-02 20:40:06.305291+00:00
DOGE/USDT,5m,10/2/26 20:55,10/2/26 21:00,10/2/26,⬇️,⏳,,0.6387,0.6387,0.56,0.0,0.0,0.0,0.0,GREEDY,5.0,2026-10-02 20:55:06.446680+00:00
DOGE/USDT,5m,10/2/26 20:55,10/2/26 21:00,10/2/26,⬇️,⏳,,0.6387,0.6387,0.56,0.0,0.0,0.0,0.0,C57_A457_EU,5.0,2026-10-02 20:55:06.446680+00:00
DOGE/USDT,5m,10/2/26 20:55,10/2/26 21:00,10/2/26,⬇️,⏳,,0.6387,0.6387,0.56,0.0,0.0,0.0,0.0,FILT_BOTH,5.0,2026-10-02 20:55:06.446680+00:00
ETH/USDT,5m,10/2/26 21:55,10/2/26 22:00,10/2/26,⬇️,⏳,,0.6018,0.6018,0.56,0.0,0.0,0.0,0.0,C57_A457_EU,5.0,2026-10-02 21:55:06.347331+00:00
ETH/USDT,5m,10/2/26 22:05,10/2/26 22:10,10/2/26,⬇️,⏳,,0.6842,0.6842,0.62,0.0,0.0,0.0,0.0,AGREE4_60,5.0,2026-10-02 22:05:06.345893+00:00
ETH/USDT,5m,10/2/26 22:05,10/2/26 22:10,10/2/26,⬇️,⏳,,0.6842,0.6842,0.62,0.0,0.0,0.0,0.0,HW_PRIMARY,5.0,2026-10-02 22:05:06.345893+00:00
ETH/USDT,5m,10/2/26 22:05,10/2/26 22:10,10/2/26,⬇️,⏳,,0.6842,0.6842,0.62,0.0,0.0,0.0,0.0,GREEDY,5.0,2026-10-02 22:05:06.345893+00:00
ETH/USDT,5m,10/2/26 22:05,10/2/26 22:10,10/2/26,⬇️,⏳,,0.6842,0.6842,0.62,0.0,0.0,0.0,0.0,C57_A457_EU,5.0,2026-10-02 22:05:06.345893+00:00
ETH/USDT,5m,10/2/26 22:05,10/2/26 22:10,10/2/26,⬇️,⏳,,0.6842,0.6842,0.62,0.0,0.0,0.0,0.0,INCUMBENT,5.0,2026-10-02 22:05:06.345893+00:00
SOL/USDT,5m,10/3/26 00:05,10/3/26 00:10,10/3/26,⬇️,⏳,,0.7525,0.7525,0.62,0.0,0.0,0.0,0.0,AGREE4_60,5.0,2026-10-03 00:05:06.389671+00:00
SOL/USDT,5m,10/3/26 00:05,10/3/26 00:10,10/3/26,⬇️,⏳,,0.7525,0.7525,0.62,0.0,0.0,0.0,0.0,HW_PRIMARY,5.0,2026-10-03 00:05:06.389671+00:00
ETH/USDT,5m,10/3/26 00:05,10/3/26 00:10,10/3/26,⬇️,⏳,,0.7797,0.7797,0.66,0.0,0.0,0.0,0.0,GREEDY,5.0,2026-10-03 00:05:06.389671+00:00
SOL/USDT,5m,10/3/26 00:05,10/3/26 00:10,10/3/26,⬇️,⏳,,0.7525,0.7525,0.62,0.0,0.0,0.0,0.0,GREEDY,5.0,2026-10-03 00:05:06.389671+00:00
SOL/USDT,5m,10/3/26 00:05,10/3/26 00:10,10/3/26,⬇️,⏳,,0.7525,0.7525,0.62,0.0,0.0,0.0,0.0,C57_A457_EU,5.0,2026-10-03 00:05:06.389671+00:00
ETH/USDT,5m,10/3/26 00:05,10/3/26 00:10,10/3/26,⬇️,⏳,,0.7797,0.7797,0.66,0.0,0.0,0.0,0.0,FILT_BOTH,5.0,2026-10-03 00:05:06.389671+00:00
SOL/USDT,5m,10/3/26 00:05,10/3/26 00:10,10/3/26,⬇️,⏳,,0.7525,0.7525,0.62,0.0,0.0,0.0,0.0,FILT_BOTH,5.0,2026-10-03 00:05:06.389671+00:00
ETH/USDT,5m,10/3/26 00:25,10/3/26 00:30,10/3/26,⬆️,⏳,,0.5301,0.5301,0.55,0.0,0.0,0.0,0.0,GREEDY,5.0,2026-10-03 00:25:06.345163+00:00
ETH/USDT,5m,10/3/26 00:25,10/3/26 00:30,10/3/26,⬆️,⏳,,0.5301,0.5301,0.55,0.0,0.0,0.0,0.0,C57_A457_EU,5.0,2026-10-03 00:25:06.345163+00:00
ETH/USDT,5m,10/3/26 00:25,10/3/26 00:30,10/3/26,⬆️,⏳,,0.5301,0.5301,0.55,0.0,0.0,0.0,0.0,FILT_BOTH,5.0,2026-10-03 00:25:06.345163+00:00
ETH/USDT,5m,10/3/26 00:50,10/3/26 00:55,10/3/26,⬆️,⏳,,0.5439,0.5439,0.59,0.0,0.0,0.0,0.0,GREEDY,5.0,2026-10-03 00:50:06.423009+00:00
ETH/USDT,5m,10/3/26 00:50,10/3/26 00:55,10/3/26,⬆️,⏳,,0.5439,0.5439,0.59,0.0,0.0,0.0,0.0,C57_A457_EU,5.0,2026-10-03 00:50:06.423009+00:00
ETH/USDT,5m,10/3/26 00:50,10/3/26 00:55,10/3/26,⬆️,⏳,,0.5439,0.5439,0.59,0.0,0.0,0.0,0.0,FILT_BOTH,5.0,2026-10-03 00:50:06.423009+00:00
ETH/USDT,5m,10/3/26 01:20,10/3/26 01:25,10/3/26,⬇️,⏳,,0.6725,0.6725,0.59,0.0,0.0,0.0,0.0,AGREE4_60,5.0,2026-10-03 01:20:06.297548+00:00
ETH/USDT,5m,10/3/26 01:20,10/3/26 01:25,10/3/26,⬇️,⏳,,0.6725,0.6725,0.59,0.0,0.0,0.0,0.0,HW_PRIMARY,5.0,2026-10-03 01:20:06.297548+00:00
ETH/USDT,5m,10/3/26 01:20,10/3/26 01:25,10/3/26,⬇️,⏳,,0.6725,0.6725,0.59,0.0,0.0,0.0,0.0,GREEDY,5.0,2026-10-03 01:20:06.297548+00:00
ETH/USDT,5m,10/3/26 01:20,10/3/26 01:25,10/3/26,⬇️,⏳,,0.6725,0.6725,0.59,0.0,0.0,0.0,0.0,C57_A457_EU,5.0,2026-10-03 01:20:06.297548+00:00
ETH/USDT,5m,10/3/26 01:20,10/3/26 01:25,10/3/26,⬇️,⏳,,0.6725,0.6725,0.59,0.0,0.0,0.0,0.0,FILT_BOTH,5.0,2026-10-03 01:20:06.297548+00:00
ETH/USDT,5m,10/3/26 01:25,10/3/26 01:30,10/3/26,⬇️,⏳,,0.6338,0.6338,0.59,0.0,0.0,0.0,0.0,GREEDY,5.0,2026-10-03 01:25:06.340827+00:00
ETH/USDT,5m,10/3/26 01:25,10/3/26 01:30,10/3/26,⬇️,⏳,,0.6338,0.6338,0.59,0.0,0.0,0.0,0.0,C57_A457_EU,5.0,2026-10-03 01:25:06.340827+00:00
ETH/USDT,5m,10/3/26 01:25,10/3/26 01:30,10/3/26,⬇️,⏳,,0.6338,0.6338,0.59,0.0,0.0,0.0,0.0,FILT_BOTH,5.0,2026-10-03 01:25:06.340827+00:00
ETH/USDT,5m,10/3/26 02:25,10/3/26 02:30,10/3/26,⬇️,⏳,,0.5773,0.5773,0.56,0.0,0.0,0.0,0.0,GREEDY,5.0,2026-10-03 02:25:06.378454+00:00
ETH/USDT,5m,10/3/26 02:25,10/3/26 02:30,10/3/26,⬇️,⏳,,0.5773,0.5773,0.56,0.0,0.0,0.0,0.0,C57_A457_EU,5.0,2026-10-03 02:25:06.378454+00:00
ETH/USDT,5m,10/3/26 02:25,10/3/26 02:30,10/3/26,⬇️,⏳,,0.5773,0.5773,0.56,0.0,0.0,0.0,0.0,FILT_BOTH,5.0,2026-10-03 02:25:06.378454+00:00
ETH/USDT,5m,10/3/26 03:00,10/3/26 03:05,10/3/26,⬇️,⏳,,0.554,0.554,0.55,0.0,0.0,0.0,0.0,HW_PRIMARY,5.0,2026-10-03 03:00:06.344657+00:00
ETH/USDT,5m,10/3/26 03:00,10/3/26 03:05,10/3/26,⬇️,⏳,,0.554,0.554,0.55,0.0,0.0,0.0,0.0,GREEDY,5.0,2026-10-03 03:00:06.344657+00:00
BNB/USDT,5m,10/3/26 05:35,10/3/26 05:40,10/3/26,⬇️,⏳,,0.6371,0.6371,0.59,0.0,0.0,0.0,0.0,GREEDY,5.0,2026-10-03 05:35:06.441445+00:00
BNB/USDT,5m,10/3/26 05:35,10/3/26 05:40,10/3/26,⬇️,⏳,,0.6371,0.6371,0.59,0.0,0.0,0.0,0.0,C57_A457_EU,5.0,2026-10-03 05:35:06.441445+00:00
BNB/USDT,5m,10/3/26 05:35,10/3/26 05:40,10/3/26,⬇️,⏳,,0.6371,0.6371,0.59,0.0,0.0,0.0,0.0,FILT_BOTH,5.0,2026-10-03 05:35:06.441445+00:00
HYPE/USDT,5m,10/3/26 05:35,10/3/26 05:40,10/3/26,⬇️,⏳,,0.7414,0.7414,0.52,0.0,0.0,0.0,0.0,INCUMBENT,5.0,2026-10-03 05:35:06.441445+00:00
ETH/USDT,5m,10/3/26 05:55,10/3/26 06:00,10/3/26,⬆️,⏳,,0.6986,0.6986,0.7,0.0,0.0,0.0,0.0,GREEDY,5.0,2026-10-03 05:55:06.522280+00:00
ETH/USDT,5m,10/3/26 05:55,10/3/26 06:00,10/3/26,⬆️,⏳,,0.6986,0.6986,0.7,0.0,0.0,0.0,0.0,C57_A457_EU,5.0,2026-10-03 05:55:06.522280+00:00
ETH/USDT,5m,10/3/26 05:55,10/3/26 06:00,10/3/26,⬆️,⏳,,0.6986,0.6986,0.7,0.0,0.0,0.0,0.0,FILT_BOTH,5.0,2026-10-03 05:55:06.522280+00:00
ETH/USDT,5m,10/3/26 05:55,10/3/26 06:00,10/3/26,⬆️,⏳,,0.6986,0.6986,0.7,0.0,0.0,0.0,0.0,INCUMBENT,5.0,2026-10-03 05:55:06.522280+00:00
XRP/USDT,5m,10/3/26 06:05,10/3/26 06:10,10/3/26,⬇️,⏳,,0.752,0.752,0.7,0.0,0.0,0.0,0.0,AGREE4_60,5.0,2026-10-03 06:05:06.416109+00:00
ETH/USDT,5m,10/3/26 06:05,10/3/26 06:10,10/3/26,⬇️,⏳,,0.7049,0.7049,0.63,0.0,0.0,0.0,0.0,HW_PRIMARY,5.0,2026-10-03 06:05:06.416109+00:00
XRP/USDT,5m,10/3/26 06:05,10/3/26 06:10,10/3/26,⬇️,⏳,,0.752,0.752,0.7,0.0,0.0,0.0,0.0,HW_PRIMARY,5.0,2026-10-03 06:05:06.416109+00:00
ETH/USDT,5m,10/3/26 06:05,10/3/26 06:10,10/3/26,⬇️,⏳,,0.7049,0.7049,0.63,0.0,0.0,0.0,0.0,GREEDY,5.0,2026-10-03 06:05:06.416109+00:00
XRP/USDT,5m,10/3/26 06:05,10/3/26 06:10,10/3/26,⬇️,⏳,,0.752,0.752,0.7,0.0,0.0,0.0,0.0,GREEDY,5.0,2026-10-03 06:05:06.416109+00:00
XRP/USDT,5m,10/3/26 06:05,10/3/26 06:10,10/3/26,⬇️,⏳,,0.752,0.752,0.7,0.0,0.0,0.0,0.0,C57_A457_EU,5.0,2026-10-03 06:05:06.416109+00:00
XRP/USDT,5m,10/3/26 06:05,10/3/26 06:10,10/3/26,⬇️,⏳,,0.752,0.752,0.7,0.0,0.0,0.0,0.0,FILT_BOTH,5.0,2026-10-03 06:05:06.416109+00:00
ETH/USDT,5m,10/3/26 06:05,10/3/26 06:10,10/3/26,⬇️,⏳,,0.7049,0.7049,0.63,0.0,0.0,0.0,0.0,INCUMBENT,5.0,2026-10-03 06:05:06.416109+00:00
XRP/USDT,5m,10/3/26 06:05,10/3/26 06:10,10/3/26,⬇️,⏳,,0.752,0.752,0.7,0.0,0.0,0.0,0.0,INCUMBENT,5.0,2026-10-03 06:05:06.416109+00:00
ETH/USDT,5m,10/3/26 07:15,10/3/26 07:20,10/3/26,⬇️,⏳,,0.5352,0.5352,0.6,0.0,0.0,0.0,0.0,HW_PRIMARY,5.0,2026-10-03 07:15:06.432668+00:00
ETH/USDT,5m,10/3/26 07:15,10/3/26 07:20,10/3/26,⬇️,⏳,,0.5352,0.5352,0.6,0.0,0.0,0.0,0.0,GREEDY,5.0,2026-10-03 07:15:06.432668+00:00
ETH/USDT,5m,10/3/26 07:30,10/3/26 07:35,10/3/26,⬆️,⏳,,0.4852,0.4852,0.54,0.0,0.0,0.0,0.0,GREEDY,5.0,2026-10-03 07:30:06.845790+00:00
ETH/USDT,5m,10/3/26 07:30,10/3/26 07:35,10/3/26,⬆️,⏳,,0.4852,0.4852,0.54,0.0,0.0,0.0,0.0,C57_A457_EU,5.0,2026-10-03 07:30:06.845790+00:00
ETH/USDT,5m,10/3/26 07:30,10/3/26 07:35,10/3/26,⬆️,⏳,,0.4852,0.4852,0.54,0.0,0.0,0.0,0.0,FILT_BOTH,5.0,2026-10-03 07:30:06.845790+00:00
ETH/USDT,5m,10/3/26 07:45,10/3/26 07:50,10/3/26,⬇️,⏳,,0.6919,0.6919,0.65,0.0,0.0,0.0,0.0,HW_PRIMARY,5.0,2026-10-03 07:45:06.330252+00:00
ETH/USDT,5m,10/3/26 07:45,10/3/26 07:50,10/3/26,⬇️,⏳,,0.6919,0.6919,0.65,0.0,0.0,0.0,0.0,GREEDY,5.0,2026-10-03 07:45:06.330252+00:00
SOL/USDT,5m,10/3/26 09:00,10/3/26 09:05,10/3/26,⬇️,⏳,,0.7149,0.7149,0.61,0.0,0.0,0.0,0.0,GREEDY,5.0,2026-10-03 09:00:06.337341+00:00
SOL/USDT,5m,10/3/26 09:00,10/3/26 09:05,10/3/26,⬇️,⏳,,0.7149,0.7149,0.61,0.0,0.0,0.0,0.0,FILT_BOTH,5.0,2026-10-03 09:00:06.337341+00:00
SOL/USDT,5m,10/3/26 09:00,10/3/26 09:05,10/3/26,⬇️,⏳,,0.7149,0.7149,0.61,0.0,0.0,0.0,0.0,INCUMBENT,5.0,2026-10-03 09:00:06.337341+00:00
ETH/USDT,5m,10/3/26 09:10,10/3/26 09:15,10/3/26,⬆️,⏳,,0.6172,0.6172,0.59,0.0,0.0,0.0,0.0,GREEDY,5.0,2026-10-03 09:10:06.435994+00:00
ETH/USDT,5m,10/3/26 09:10,10/3/26 09:15,10/3/26,⬆️,⏳,,0.6172,0.6172,0.59,0.0,0.0,0.0,0.0,C57_A457_EU,5.0,2026-10-03 09:10:06.435994+00:00
ETH/USDT,5m,10/3/26 09:10,10/3/26 09:15,10/3/26,⬆️,⏳,,0.6172,0.6172,0.59,0.0,0.0,0.0,0.0,FILT_BOTH,5.0,2026-10-03 09:10:06.435994+00:00
ETH/USDT,5m,10/3/26 09:10,10/3/26 09:15,10/3/26,⬆️,⏳,,0.6172,0.6172,0.59,0.0,0.0,0.0,0.0,INCUMBENT,5.0,2026-10-03 09:10:06.435994+00:00
ETH/USDT,5m,10/3/26 09:20,10/3/26 09:25,10/3/26,⬇️,⏳,,0.834,0.834,0.85,0.0,0.0,0.0,0.0,GREEDY,5.0,2026-10-03 09:20:06.323178+00:00
XRP/USDT,5m,10/3/26 09:20,10/3/26 09:25,10/3/26,⬇️,⏳,,0.8272,0.8272,0.84,0.0,0.0,0.0,0.0,GREEDY,5.0,2026-10-03 09:20:06.323178+00:00
ETH/USDT,5m,10/3/26 09:20,10/3/26 09:25,10/3/26,⬇️,⏳,,0.834,0.834,0.85,0.0,0.0,0.0,0.0,FILT_BOTH,5.0,2026-10-03 09:20:06.323178+00:00
XRP/USDT,5m,10/3/26 09:20,10/3/26 09:25,10/3/26,⬇️,⏳,,0.8272,0.8272,0.84,0.0,0.0,0.0,0.0,FILT_BOTH,5.0,2026-10-03 09:20:06.323178+00:00
XRP/USDT,5m,10/3/26 09:30,10/3/26 09:35,10/3/26,⬇️,⏳,,0.5961,0.5961,0.56,0.0,0.0,0.0,0.0,GREEDY,5.0,2026-10-03 09:30:06.319668+00:00
XRP/USDT,5m,10/3/26 09:30,10/3/26 09:35,10/3/26,⬇️,⏳,,0.5961,0.5961,0.56,0.0,0.0,0.0,0.0,C57_A457_EU,5.0,2026-10-03 09:30:06.319668+00:00
XRP/USDT,5m,10/3/26 09:30,10/3/26 09:35,10/3/26,⬇️,⏳,,0.5961,0.5961,0.56,0.0,0.0,0.0,0.0,FILT_BOTH,5.0,2026-10-03 09:30:06.319668+00:00
ETH/USDT,5m,10/3/26 09:50,10/3/26 09:55,10/3/26,⬇️,⏳,,0.633,0.633,0.56,0.0,0.0,0.0,0.0,AGREE4_60,5.0,2026-10-03 09:50:06.318846+00:00
ETH/USDT,5m,10/3/26 09:50,10/3/26 09:55,10/3/26,⬇️,⏳,,0.633,0.633,0.56,0.0,0.0,0.0,0.0,GREEDY,5.0,2026-10-03 09:50:06.318846+00:00
ETH/USDT,5m,10/3/26 09:50,10/3/26 09:55,10/3/26,⬇️,⏳,,0.633,0.633,0.56,0.0,0.0,0.0,0.0,C57_A457_EU,5.0,2026-10-03 09:50:06.318846+00:00
ETH/USDT,5m,10/3/26 09:50,10/3/26 09:55,10/3/26,⬇️,⏳,,0.633,0.633,0.56,0.0,0.0,0.0,0.0,FILT_BOTH,5.0,2026-10-03 09:50:06.318846+00:00
ETH/USDT,5m,10/3/26 09:50,10/3/26 09:55,10/3/26,⬇️,⏳,,0.633,0.633,0.56,0.0,0.0,0.0,0.0,INCUMBENT,5.0,2026-10-03 09:50:06.318846+00:00
ETH/USDT,5m,10/3/26 09:55,10/3/26 10:00,10/3/26,⬇️,⏳,,0.7294,0.7294,0.63,0.0,0.0,0.0,0.0,AGREE4_60,5.0,2026-10-03 09:55:06.298440+00:00
SOL/USDT,5m,10/3/26 09:55,10/3/26 10:00,10/3/26,⬇️,⏳,,0.6623,0.6623,0.61,0.0,0.0,0.0,0.0,AGREE4_60,5.0,2026-10-03 09:55:06.298440+00:00
ETH/USDT,5m,10/3/26 09:55,10/3/26 10:00,10/3/26,⬇️,⏳,,0.7294,0.7294,0.63,0.0,0.0,0.0,0.0,HW_PRIMARY,5.0,2026-10-03 09:55:06.298440+00:00
SOL/USDT,5m,10/3/26 09:55,10/3/26 10:00,10/3/26,⬇️,⏳,,0.6623,0.6623,0.61,0.0,0.0,0.0,0.0,HW_PRIMARY,5.0,2026-10-03 09:55:06.298440+00:00
ETH/USDT,5m,10/3/26 09:55,10/3/26 10:00,10/3/26,⬇️,⏳,,0.7294,0.7294,0.63,0.0,0.0,0.0,0.0,GREEDY,5.0,2026-10-03 09:55:06.298440+00:00
SOL/USDT,5m,10/3/26 09:55,10/3/26 10:00,10/3/26,⬇️,⏳,,0.6623,0.6623,0.61,0.0,0.0,0.0,0.0,GREEDY,5.0,2026-10-03 09:55:06.298440+00:00
ETH/USDT,5m,10/3/26 09:55,10/3/26 10:00,10/3/26,⬇️,⏳,,0.7294,0.7294,0.63,0.0,0.0,0.0,0.0,C57_A457_EU,5.0,2026-10-03 09:55:06.298440+00:00
SOL/USDT,5m,10/3/26 09:55,10/3/26 10:00,10/3/26,⬇️,⏳,,0.6623,0.6623,0.61,0.0,0.0,0.0,0.0,C57_A457_EU,5.0,2026-10-03 09:55:06.298440+00:00
ETH/USDT,5m,10/3/26 09:55,10/3/26 10:00,10/3/26,⬇️,⏳,,0.7294,0.7294,0.63,0.0,0.0,0.0,0.0,FILT_BOTH,5.0,2026-10-03 09:55:06.298440+00:00
SOL/USDT,5m,10/3/26 09:55,10/3/26 10:00,10/3/26,⬇️,⏳,,0.6623,0.6623,0.61,0.0,0.0,0.0,0.0,FILT_BOTH,5.0,2026-10-03 09:55:06.298440+00:00
ETH/USDT,5m,10/3/26 09:55,10/3/26 10:00,10/3/26,⬇️,⏳,,0.7294,0.7294,0.63,0.0,0.0,0.0,0.0,INCUMBENT,5.0,2026-10-03 09:55:06.298440+00:00
SOL/USDT,5m,10/3/26 09:55,10/3/26 10:00,10/3/26,⬇️,⏳,,0.6623,0.6623,0.61,0.0,0.0,0.0,0.0,INCUMBENT,5.0,2026-10-03 09:55:06.298440+00:00
ETH/USDT,5m,10/3/26 10:05,10/3/26 10:10,10/3/26,⬆️,⏳,,0.7511,0.7511,0.63,0.0,0.0,0.0,0.0,GREEDY,5.0,2026-10-03 10:05:06.364730+00:00
ETH/USDT,5m,10/3/26 10:05,10/3/26 10:10,10/3/26,⬆️,⏳,,0.7511,0.7511,0.63,0.0,0.0,0.0,0.0,C57_A457_EU,5.0,2026-10-03 10:05:06.364730+00:00
ETH/USDT,5m,10/3/26 10:05,10/3/26 10:10,10/3/26,⬆️,⏳,,0.7511,0.7511,0.63,0.0,0.0,0.0,0.0,FILT_BOTH,5.0,2026-10-03 10:05:06.364730+00:00
ETH/USDT,5m,10/3/26 10:05,10/3/26 10:10,10/3/26,⬆️,⏳,,0.7511,0.7511,0.63,0.0,0.0,0.0,0.0,INCUMBENT,5.0,2026-10-03 10:05:06.364730+00:00
ETH/USDT,5m,10/3/26 11:00,10/3/26 11:05,10/3/26,⬇️,⏳,,0.6747,0.6747,0.61,0.0,0.0,0.0,0.0,AGREE4_60,5.0,2026-10-03 11:00:06.295080+00:00
ETH/USDT,5m,10/3/26 11:00,10/3/26 11:05,10/3/26,⬇️,⏳,,0.6747,0.6747,0.61,0.0,0.0,0.0,0.0,HW_PRIMARY,5.0,2026-10-03 11:00:06.295080+00:00
ETH/USDT,5m,10/3/26 11:00,10/3/26 11:05,10/3/26,⬇️,⏳,,0.6747,0.6747,0.61,0.0,0.0,0.0,0.0,GREEDY,5.0,2026-10-03 11:00:06.295080+00:00
ETH/USDT,5m,10/3/26 11:00,10/3/26 11:05,10/3/26,⬇️,⏳,,0.6747,0.6747,0.61,0.0,0.0,0.0,0.0,C57_A457_EU,5.0,2026-10-03 11:00:06.295080+00:00
ETH/USDT,5m,10/3/26 11:00,10/3/26 11:05,10/3/26,⬇️,⏳,,0.6747,0.6747,0.61,0.0,0.0,0.0,0.0,FILT_BOTH,5.0,2026-10-03 11:00:06.295080+00:00
ETH/USDT,5m,10/3/26 11:00,10/3/26 11:05,10/3/26,⬇️,⏳,,0.6747,0.6747,0.61,0.0,0.0,0.0,0.0,INCUMBENT,5.0,2026-10-03 11:00:06.295080+00:00
ETH/USDT,5m,10/3/26 11:15,10/3/26 11:20,10/3/26,⬆️,⏳,,0.4542,0.4542,0.52,0.0,0.0,0.0,0.0,C57_A457_EU,5.0,2026-10-03 11:15:06.344628+00:00
ETH/USDT,5m,10/3/26 11:35,10/3/26 11:40,10/3/26,⬆️,⏳,,0.5824,0.5824,0.61,0.0,0.0,0.0,0.0,GREEDY,5.0,2026-10-03 11:35:06.375981+00:00
ETH/USDT,5m,10/3/26 11:35,10/3/26 11:40,10/3/26,⬆️,⏳,,0.5824,0.5824,0.61,0.0,0.0,0.0,0.0,C57_A457_EU,5.0,2026-10-03 11:35:06.375981+00:00
ETH/USDT,5m,10/3/26 11:35,10/3/26 11:40,10/3/26,⬆️,⏳,,0.5824,0.5824,0.61,0.0,0.0,0.0,0.0,FILT_BOTH,5.0,2026-10-03 11:35:06.375981+00:00
ETH/USDT,5m,10/3/26 11:40,10/3/26 11:45,10/3/26,⬆️,⏳,,0.5968,0.5968,0.65,0.0,0.0,0.0,0.0,GREEDY,5.0,2026-10-03 11:40:06.321913+00:00
ETH/USDT,5m,10/3/26 11:40,10/3/26 11:45,10/3/26,⬆️,⏳,,0.5968,0.5968,0.65,0.0,0.0,0.0,0.0,C57_A457_EU,5.0,2026-10-03 11:40:06.321913+00:00
ETH/USDT,5m,10/3/26 11:40,10/3/26 11:45,10/3/26,⬆️,⏳,,0.5968,0.5968,0.65,0.0,0.0,0.0,0.0,FILT_BOTH,5.0,2026-10-03 11:40:06.321913+00:00
ETH/USDT,5m,10/3/26 12:30,10/3/26 12:35,10/3/26,⬇️,⏳,,0.7986,0.7986,0.65,0.0,0.0,0.0,0.0,AGREE4_60,5.0,2026-10-03 12:30:06.344449+00:00
ETH/USDT,5m,10/3/26 12:30,10/3/26 12:35,10/3/26,⬇️,⏳,,0.7986,0.7986,0.65,0.0,0.0,0.0,0.0,HW_PRIMARY,5.0,2026-10-03 12:30:06.344449+00:00
ETH/USDT,5m,10/3/26 12:30,10/3/26 12:35,10/3/26,⬇️,⏳,,0.7986,0.7986,0.65,0.0,0.0,0.0,0.0,GREEDY,5.0,2026-10-03 12:30:06.344449+00:00
XRP/USDT,5m,10/3/26 12:30,10/3/26 12:35,10/3/26,⬇️,⏳,,0.7569,0.7569,0.6,0.0,0.0,0.0,0.0,GREEDY,5.0,2026-10-03 12:30:06.344449+00:00
ETH/USDT,5m,10/3/26 12:30,10/3/26 12:35,10/3/26,⬇️,⏳,,0.7986,0.7986,0.65,0.0,0.0,0.0,0.0,C57_A457_EU,5.0,2026-10-03 12:30:06.344449+00:00
ETH/USDT,5m,10/3/26 12:30,10/3/26 12:35,10/3/26,⬇️,⏳,,0.7986,0.7986,0.65,0.0,0.0,0.0,0.0,FILT_BOTH,5.0,2026-10-03 12:30:06.344449+00:00
XRP/USDT,5m,10/3/26 12:30,10/3/26 12:35,10/3/26,⬇️,⏳,,0.7569,0.7569,0.6,0.0,0.0,0.0,0.0,FILT_BOTH,5.0,2026-10-03 12:30:06.344449+00:00
DOGE/USDT,5m,10/3/26 12:30,10/3/26 12:35,10/3/26,⬇️,⏳,,0.8023,0.8023,0.7,0.0,0.0,0.0,0.0,INCUMBENT,5.0,2026-10-03 12:30:06.344449+00:00
ETH/USDT,5m,10/3/26 12:30,10/3/26 12:35,10/3/26,⬇️,⏳,,0.7986,0.7986,0.65,0.0,0.0,0.0,0.0,INCUMBENT,5.0,2026-10-03 12:30:06.344449+00:00
XRP/USDT,5m,10/3/26 12:30,10/3/26 12:35,10/3/26,⬇️,⏳,,0.7569,0.7569,0.6,0.0,0.0,0.0,0.0,INCUMBENT,5.0,2026-10-03 12:30:06.344449+00:00
ETH/USDT,5m,10/3/26 13:05,10/3/26 13:10,10/3/26,⬇️,⏳,,0.7637,0.7637,0.67,0.0,0.0,0.0,0.0,AGREE4_60,5.0,2026-10-03 13:05:06.323080+00:00
ETH/USDT,5m,10/3/26 13:05,10/3/26 13:10,10/3/26,⬇️,⏳,,0.7637,0.7637,0.67,0.0,0.0,0.0,0.0,HW_PRIMARY,5.0,2026-10-03 13:05:06.323080+00:00
ETH/USDT,5m,10/3/26 13:05,10/3/26 13:10,10/3/26,⬇️,⏳,,0.7637,0.7637,0.67,0.0,0.0,0.0,0.0,GREEDY,5.0,2026-10-03 13:05:06.323080+00:00
ETH/USDT,5m,10/3/26 13:05,10/3/26 13:10,10/3/26,⬇️,⏳,,0.7637,0.7637,0.67,0.0,0.0,0.0,0.0,C57_A457_EU,5.0,2026-10-03 13:05:06.323080+00:00
ETH/USDT,5m,10/3/26 13:05,10/3/26 13:10,10/3/26,⬇️,⏳,,0.7637,0.7637,0.67,0.0,0.0,0.0,0.0,FILT_BOTH,5.0,2026-10-03 13:05:06.323080+00:00
ETH/USDT,5m,10/3/26 13:05,10/3/26 13:10,10/3/26,⬇️,⏳,,0.7637,0.7637,0.67,0.0,0.0,0.0,0.0,INCUMBENT,5.0,2026-10-03 13:05:06.323080+00:00
ETH/USDT,5m,10/3/26 13:45,10/3/26 13:50,10/3/26,⬇️,⏳,,0.7511,0.7511,0.63,0.0,0.0,0.0,0.0,GREEDY,5.0,2026-10-03 13:45:06.384649+00:00
SOL/USDT,5m,10/3/26 13:45,10/3/26 13:50,10/3/26,⬇️,⏳,,0.7751,0.7751,0.7,0.0,0.0,0.0,0.0,GREEDY,5.0,2026-10-03 13:45:06.384649+00:00
ETH/USDT,5m,10/3/26 13:45,10/3/26 13:50,10/3/26,⬇️,⏳,,0.7511,0.7511,0.63,0.0,0.0,0.0,0.0,FILT_BOTH,5.0,2026-10-03 13:45:06.384649+00:00
SOL/USDT,5m,10/3/26 13:45,10/3/26 13:50,10/3/26,⬇️,⏳,,0.7751,0.7751,0.7,0.0,0.0,0.0,0.0,FILT_BOTH,5.0,2026-10-03 13:45:06.384649+00:00
SOL/USDT,5m,10/3/26 14:20,10/3/26 14:25,10/3/26,⬇️,⏳,,0.5757,0.5757,0.52,0.0,0.0,0.0,0.0,C57_A457_EU,5.0,2026-10-03 14:20:06.322779+00:00
SOL/USDT,5m,10/3/26 15:45,10/3/26 15:50,10/3/26,⬇️,⏳,,0.5565,0.5565,0.55,0.0,0.0,0.0,0.0,AGREE4_60,5.0,2026-10-03 15:45:06.511592+00:00
SOL/USDT,5m,10/3/26 15:45,10/3/26 15:50,10/3/26,⬇️,⏳,,0.5565,0.5565,0.55,0.0,0.0,0.0,0.0,C57_A457_EU,5.0,2026-10-03 15:45:06.511592+00:00
ETH/USDT,5m,10/3/26 16:45,10/3/26 16:50,10/3/26,⬇️,⏳,,0.672,0.672,0.65,0.0,0.0,0.0,0.0,C57_A457_EU,5.0,2026-10-03 16:45:06.286126+00:00
ETH/USDT,5m,10/3/26 17:05,10/3/26 17:10,10/3/26,⬆️,⏳,,0.5341,0.5341,0.57,0.0,0.0,0.0,0.0,C57_A457_EU,5.0,2026-10-03 17:05:06.506625+00:00
SOL/USDT,5m,10/3/26 17:15,10/3/26 17:20,10/3/26,⬇️,⏳,,0.6707,0.6707,0.63,0.0,0.0,0.0,0.0,AGREE4_60,5.0,2026-10-03 17:15:06.312071+00:00
SOL/USDT,5m,10/3/26 17:15,10/3/26 17:20,10/3/26,⬇️,⏳,,0.6707,0.6707,0.63,0.0,0.0,0.0,0.0,HW_PRIMARY,5.0,2026-10-03 17:15:06.312071+00:00
SOL/USDT,5m,10/3/26 17:15,10/3/26 17:20,10/3/26,⬇️,⏳,,0.6707,0.6707,0.63,0.0,0.0,0.0,0.0,GREEDY,5.0,2026-10-03 17:15:06.312071+00:00
SOL/USDT,5m,10/3/26 17:15,10/3/26 17:20,10/3/26,⬇️,⏳,,0.6707,0.6707,0.63,0.0,0.0,0.0,0.0,C57_A457_EU,5.0,2026-10-03 17:15:06.312071+00:00
SOL/USDT,5m,10/3/26 18:40,10/3/26 18:45,10/3/26,⬇️,⏳,,0.6367,0.6367,0.5,0.0,0.0,0.0,0.0,AGREE4_60,5.0,2026-10-03 18:40:06.416881+00:00
SOL/USDT,5m,10/3/26 18:40,10/3/26 18:45,10/3/26,⬇️,⏳,,0.6367,0.6367,0.5,0.0,0.0,0.0,0.0,C57_A457_EU,5.0,2026-10-03 18:40:06.416881+00:00
XRP/USDT,5m,10/3/26 18:40,10/3/26 18:45,10/3/26,⬇️,⏳,,0.6856,0.6856,0.51,0.0,0.0,0.0,0.0,INCUMBENT,5.0,2026-10-03 18:40:06.416881+00:00
ETH/USDT,5m,10/3/26 19:45,10/3/26 19:50,10/3/26,⬇️,⏳,,0.7458,0.7458,0.71,0.0,0.0,0.0,0.0,AGREE4_60,5.0,2026-10-03 19:45:06.615328+00:00
ETH/USDT,5m,10/3/26 19:45,10/3/26 19:50,10/3/26,⬇️,⏳,,0.7458,0.7458,0.71,0.0,0.0,0.0,0.0,HW_PRIMARY,5.0,2026-10-03 19:45:06.615328+00:00
ETH/USDT,5m,10/3/26 19:45,10/3/26 19:50,10/3/26,⬇️,⏳,,0.7458,0.7458,0.71,0.0,0.0,0.0,0.0,GREEDY,5.0,2026-10-03 19:45:06.615328+00:00
ETH/USDT,5m,10/3/26 19:45,10/3/26 19:50,10/3/26,⬇️,⏳,,0.7458,0.7458,0.71,0.0,0.0,0.0,0.0,C57_A457_EU,5.0,2026-10-03 19:45:06.615328+00:00
ETH/USDT,5m,10/3/26 19:45,10/3/26 19:50,10/3/26,⬇️,⏳,,0.7458,0.7458,0.71,0.0,0.0,0.0,0.0,FILT_BOTH,5.0,2026-10-03 19:45:06.615328+00:00
ETH/USDT,5m,10/3/26 20:05,10/3/26 20:10,10/3/26,⬇️,⏳,,0.5994,0.5994,0.67,0.0,0.0,0.0,0.0,HW_PRIMARY,5.0,2026-10-03 20:05:06.441601+00:00
ETH/USDT,5m,10/3/26 20:05,10/3/26 20:10,10/3/26,⬇️,⏳,,0.5994,0.5994,0.67,0.0,0.0,0.0,0.0,GREEDY,5.0,2026-10-03 20:05:06.441601+00:00
SOL/USDT,5m,10/3/26 20:30,10/3/26 20:35,10/3/26,⬇️,⏳,,0.6071,0.6071,0.58,0.0,0.0,0.0,0.0,GREEDY,5.0,2026-10-03 20:30:07.851657+00:00
SOL/USDT,5m,10/3/26 20:30,10/3/26 20:35,10/3/26,⬇️,⏳,,0.6071,0.6071,0.58,0.0,0.0,0.0,0.0,C57_A457_EU,5.0,2026-10-03 20:30:07.851657+00:00
SOL/USDT,5m,10/3/26 20:30,10/3/26 20:35,10/3/26,⬇️,⏳,,0.6071,0.6071,0.58,0.0,0.0,0.0,0.0,FILT_BOTH,5.0,2026-10-03 20:30:07.851657+00:00
SOL/USDT,5m,10/3/26 21:20,10/3/26 21:25,10/3/26,⬇️,⏳,,0.6418,0.6418,0.61,0.0,0.0,0.0,0.0,AGREE4_60,5.0,2026-10-03 21:20:06.303808+00:00
XRP/USDT,5m,10/3/26 21:20,10/3/26 21:25,10/3/26,⬇️,⏳,,0.6774,0.6774,0.58,0.0,0.0,0.0,0.0,AGREE4_60,5.0,2026-10-03 21:20:06.303808+00:00
XRP/USDT,5m,10/3/26 21:20,10/3/26 21:25,10/3/26,⬇️,⏳,,0.6774,0.6774,0.58,0.0,0.0,0.0,0.0,HW_PRIMARY,5.0,2026-10-03 21:20:06.303808+00:00
XRP/USDT,5m,10/3/26 21:20,10/3/26 21:25,10/3/26,⬇️,⏳,,0.6774,0.6774,0.58,0.0,0.0,0.0,0.0,GREEDY,5.0,2026-10-03 21:20:06.303808+00:00
SOL/USDT,5m,10/3/26 21:20,10/3/26 21:25,10/3/26,⬇️,⏳,,0.6418,0.6418,0.61,0.0,0.0,0.0,0.0,C57_A457_EU,5.0,2026-10-03 21:20:06.303808+00:00
XRP/USDT,5m,10/3/26 21:20,10/3/26 21:25,10/3/26,⬇️,⏳,,0.6774,0.6774,0.58,0.0,0.0,0.0,0.0,C57_A457_EU,5.0,2026-10-03 21:20:06.303808+00:00
SOL/USDT,5m,10/3/26 21:20,10/3/26 21:25,10/3/26,⬇️,⏳,,0.6418,0.6418,0.61,0.0,0.0,0.0,0.0,INCUMBENT,5.0,2026-10-03 21:20:06.303808+00:00
XRP/USDT,5m,10/3/26 21:20,10/3/26 21:25,10/3/26,⬇️,⏳,,0.6774,0.6774,0.58,0.0,0.0,0.0,0.0,INCUMBENT,5.0,2026-10-03 21:20:06.303808+00:00
ETH/USDT,5m,10/3/26 21:55,10/3/26 22:00,10/3/26,⬇️,⏳,,0.6544,0.6544,0.6,0.0,0.0,0.0,0.0,HW_PRIMARY,5.0,2026-10-03 21:55:06.577794+00:00
ETH/USDT,5m,10/3/26 21:55,10/3/26 22:00,10/3/26,⬇️,⏳,,0.6544,0.6544,0.6,0.0,0.0,0.0,0.0,GREEDY,5.0,2026-10-03 21:55:06.577794+00:00
ETH/USDT,5m,10/3/26 22:30,10/3/26 22:35,10/3/26,⬇️,⏳,,0.5858,0.5858,0.52,0.0,0.0,0.0,0.0,C57_A457_EU,5.0,2026-10-03 22:30:06.375434+00:00
XRP/USDT,5m,10/3/26 22:30,10/3/26 22:35,10/3/26,⬇️,⏳,,0.6113,0.6113,0.59,0.0,0.0,0.0,0.0,C57_A457_EU,5.0,2026-10-03 22:30:06.375434+00:00
ETH/USDT,5m,10/3/26 23:35,10/3/26 23:40,10/3/26,⬆️,⏳,,0.5035,0.5035,0.53,0.0,0.0,0.0,0.0,C57_A457_EU,5.0,2026-10-03 23:35:06.385654+00:00
ETH/USDT,5m,10/4/26 00:00,10/4/26 00:05,10/4/26,⬇️,⏳,,0.6333,0.6333,0.53,0.0,0.0,0.0,0.0,AGREE4_60,5.0,2026-10-04 00:00:06.326101+00:00
ETH/USDT,5m,10/4/26 00:00,10/4/26 00:05,10/4/26,⬇️,⏳,,0.6333,0.6333,0.53,0.0,0.0,0.0,0.0,GREEDY,5.0,2026-10-04 00:00:06.326101+00:00
ETH/USDT,5m,10/4/26 00:00,10/4/26 00:05,10/4/26,⬇️,⏳,,0.6333,0.6333,0.53,0.0,0.0,0.0,0.0,C57_A457_EU,5.0,2026-10-04 00:00:06.326101+00:00
ETH/USDT,5m,10/4/26 00:00,10/4/26 00:05,10/4/26,⬇️,⏳,,0.6333,0.6333,0.53,0.0,0.0,0.0,0.0,FILT_BOTH,5.0,2026-10-04 00:00:06.326101+00:00
SOL/USDT,5m,10/4/26 00:05,10/4/26 00:10,10/4/26,⬇️,⏳,,0.6289,0.6289,0.57,0.0,0.0,0.0,0.0,AGREE4_60,5.0,2026-10-04 00:05:06.627739+00:00
DOGE/USDT,5m,10/4/26 00:05,10/4/26 00:10,10/4/26,⬇️,⏳,,0.6967,0.6967,0.68,0.0,0.0,0.0,0.0,GREEDY,5.0,2026-10-04 00:05:06.627739+00:00
SOL/USDT,5m,10/4/26 00:05,10/4/26 00:10,10/4/26,⬇️,⏳,,0.6289,0.6289,0.57,0.0,0.0,0.0,0.0,GREEDY,5.0,2026-10-04 00:05:06.627739+00:00
DOGE/USDT,5m,10/4/26 00:05,10/4/26 00:10,10/4/26,⬇️,⏳,,0.6967,0.6967,0.68,0.0,0.0,0.0,0.0,C57_A457_EU,5.0,2026-10-04 00:05:06.627739+00:00
SOL/USDT,5m,10/4/26 00:05,10/4/26 00:10,10/4/26,⬇️,⏳,,0.6289,0.6289,0.57,0.0,0.0,0.0,0.0,C57_A457_EU,5.0,2026-10-04 00:05:06.627739+00:00
DOGE/USDT,5m,10/4/26 00:05,10/4/26 00:10,10/4/26,⬇️,⏳,,0.6967,0.6967,0.68,0.0,0.0,0.0,0.0,FILT_BOTH,5.0,2026-10-04 00:05:06.627739+00:00
SOL/USDT,5m,10/4/26 00:05,10/4/26 00:10,10/4/26,⬇️,⏳,,0.6289,0.6289,0.57,0.0,0.0,0.0,0.0,FILT_BOTH,5.0,2026-10-04 00:05:06.627739+00:00
ETH/USDT,5m,10/4/26 00:30,10/4/26 00:35,10/4/26,⬆️,⏳,,0.4659,0.4659,0.46,0.0,0.0,0.0,0.0,C57_A457_EU,5.0,2026-10-04 00:30:06.457271+00:00
