symbol,timeframe,start_date,end_date,parent_date,forecast,result,is_correct,prob,confidence,open,high,low,close,range,_15,stake,written_at
DOGE/USDT,5m,9/12/26 00:05,9/12/26 00:10,9/12/26,⬇️,⏳,,0.61,0.61,0.51,0.0,0.0,0.0,0.0,MY195,5.0,2026-09-12 00:05:01.634724+00:00
ETH/USDT,5m,9/12/26 00:25,9/12/26 00:30,9/12/26,⬆️,⏳,,0.59,0.59,0.51,0.0,0.0,0.0,0.0,PREC191,5.0,2026-09-12 00:25:01.626339+00:00
ETH/USDT,5m,9/12/26 00:25,9/12/26 00:30,9/12/26,⬆️,⏳,,0.59,0.59,0.51,0.0,0.0,0.0,0.0,MY195,5.0,2026-09-12 00:25:01.626339+00:00
ETH/USDT,5m,9/12/26 01:05,9/12/26 01:10,9/12/26,⬆️,⏳,,0.6875,0.6875,0.64,0.0,0.0,0.0,0.0,PREC191,5.0,2026-09-12 01:05:01.942961+00:00
ETH/USDT,5m,9/12/26 01:05,9/12/26 01:10,9/12/26,⬆️,⏳,,0.6875,0.6875,0.64,0.0,0.0,0.0,0.0,MY195,5.0,2026-09-12 01:05:01.942961+00:00
ETH/USDT,5m,9/12/26 01:20,9/12/26 01:25,9/12/26,⬇️,⏳,,0.6823,0.6823,0.64,0.0,0.0,0.0,0.0,MY195,5.0,2026-09-12 01:20:01.704469+00:00
ETH/USDT,5m,9/12/26 01:30,9/12/26 01:35,9/12/26,⬇️,⏳,,0.5825,0.5825,0.5,0.0,0.0,0.0,0.0,MY195,5.0,2026-09-12 01:30:02.103016+00:00
ETH/USDT,5m,9/12/26 03:05,9/12/26 03:10,9/12/26,⬆️,⏳,,0.635,0.635,0.61,0.0,0.0,0.0,0.0,PREC191,5.0,2026-09-12 03:05:01.581055+00:00
ETH/USDT,5m,9/12/26 03:05,9/12/26 03:10,9/12/26,⬆️,⏳,,0.635,0.635,0.61,0.0,0.0,0.0,0.0,MY195,5.0,2026-09-12 03:05:01.581055+00:00
ETH/USDT,5m,9/12/26 03:15,9/12/26 03:20,9/12/26,⬇️,⏳,,0.5825,0.5825,0.53,0.0,0.0,0.0,0.0,PREC191,5.0,2026-09-12 03:15:01.627057+00:00
ETH/USDT,5m,9/12/26 03:15,9/12/26 03:20,9/12/26,⬇️,⏳,,0.5825,0.5825,0.53,0.0,0.0,0.0,0.0,MY195,5.0,2026-09-12 03:15:01.627057+00:00
DOGE/USDT,5m,9/12/26 03:50,9/12/26 03:55,9/12/26,⬆️,⏳,,0.575,0.575,0.5,0.0,0.0,0.0,0.0,MY195,5.0,2026-09-12 03:50:01.661978+00:00
ETH/USDT,5m,9/12/26 03:55,9/12/26 04:00,9/12/26,⬆️,⏳,,0.6375,0.6375,0.58,0.0,0.0,0.0,0.0,MY195,5.0,2026-09-12 03:55:01.609106+00:00
ETH/USDT,5m,9/12/26 04:00,9/12/26 04:05,9/12/26,⬆️,⏳,,0.5775,0.5775,0.51,0.0,0.0,0.0,0.0,MY195,5.0,2026-09-12 04:00:02.847696+00:00
SOL/USDT,5m,9/12/26 05:40,9/12/26 05:45,9/12/26,⬇️,⏳,,0.5597,0.5597,0.51,0.0,0.0,0.0,0.0,PREC191,5.0,2026-09-12 05:40:01.652087+00:00
XRP/USDT,5m,9/12/26 05:55,9/12/26 06:00,9/12/26,⬇️,⏳,,0.5692,0.5692,0.51,0.0,0.0,0.0,0.0,PREC191,5.0,2026-09-12 05:55:01.657930+00:00
DOGE/USDT,5m,9/12/26 05:55,9/12/26 06:00,9/12/26,⬇️,⏳,,0.5692,0.5692,0.51,0.0,0.0,0.0,0.0,MY195,5.0,2026-09-12 05:55:01.657930+00:00
XRP/USDT,5m,9/12/26 05:55,9/12/26 06:00,9/12/26,⬇️,⏳,,0.5692,0.5692,0.51,0.0,0.0,0.0,0.0,MY195,5.0,2026-09-12 05:55:01.657930+00:00
XRP/USDT,5m,9/12/26 06:30,9/12/26 06:35,9/12/26,⬇️,⏳,,0.555,0.555,0.51,0.0,0.0,0.0,0.0,PREC191,5.0,2026-09-12 06:30:01.732740+00:00
ETH/USDT,5m,9/12/26 06:35,9/12/26 06:40,9/12/26,⬇️,⏳,,0.7125,0.7125,0.68,0.0,0.0,0.0,0.0,MY195,5.0,2026-09-12 06:35:01.637266+00:00
DOGE/USDT,5m,9/12/26 08:10,9/12/26 08:15,9/12/26,⬆️,⏳,,0.575,0.575,0.51,0.0,0.0,0.0,0.0,PREC191,5.0,2026-09-12 08:10:01.802262+00:00
DOGE/USDT,5m,9/12/26 08:10,9/12/26 08:15,9/12/26,⬆️,⏳,,0.575,0.575,0.51,0.0,0.0,0.0,0.0,MY195,5.0,2026-09-12 08:10:01.802262+00:00
ETH/USDT,5m,9/12/26 10:00,9/12/26 10:05,9/12/26,⬆️,⏳,,0.5607,0.5607,0.53,0.0,0.0,0.0,0.0,MY195,5.0,2026-09-12 10:00:02.584260+00:00
ETH/USDT,5m,9/12/26 12:55,9/12/26 13:00,9/12/26,⬆️,⏳,,0.603,0.603,0.5,0.0,0.0,0.0,0.0,PREC191,5.0,2026-09-12 12:55:01.718818+00:00
ETH/USDT,5m,9/12/26 12:55,9/12/26 13:00,9/12/26,⬆️,⏳,,0.603,0.603,0.5,0.0,0.0,0.0,0.0,MY195,5.0,2026-09-12 12:55:01.718818+00:00
ETH/USDT,5m,9/12/26 13:40,9/12/26 13:45,9/12/26,⬇️,⏳,,0.6171,0.6171,0.51,0.0,0.0,0.0,0.0,PREC191,5.0,2026-09-12 13:40:01.890741+00:00
ETH/USDT,5m,9/12/26 13:40,9/12/26 13:45,9/12/26,⬇️,⏳,,0.6171,0.6171,0.51,0.0,0.0,0.0,0.0,MY195,5.0,2026-09-12 13:40:01.890741+00:00
ETH/USDT,5m,9/12/26 15:00,9/12/26 15:05,9/12/26,⬆️,⏳,,0.6325,0.6325,0.55,0.0,0.0,0.0,0.0,MY195,5.0,2026-09-12 15:00:02.467307+00:00
DOGE/USDT,5m,9/12/26 15:35,9/12/26 15:40,9/12/26,⬆️,⏳,,0.6574,0.6574,0.51,0.0,0.0,0.0,0.0,PREC191,5.0,2026-09-12 15:35:01.650964+00:00
DOGE/USDT,5m,9/12/26 15:35,9/12/26 15:40,9/12/26,⬆️,⏳,,0.6574,0.6574,0.51,0.0,0.0,0.0,0.0,MY195,5.0,2026-09-12 15:35:01.650964+00:00
ETH/USDT,5m,9/12/26 16:55,9/12/26 17:00,9/12/26,⬆️,⏳,,0.5675,0.5675,0.52,0.0,0.0,0.0,0.0,PREC191,5.0,2026-09-12 16:55:01.630779+00:00
ETH/USDT,5m,9/12/26 16:55,9/12/26 17:00,9/12/26,⬆️,⏳,,0.5675,0.5675,0.52,0.0,0.0,0.0,0.0,MY195,5.0,2026-09-12 16:55:01.630779+00:00
ETH/USDT,5m,9/12/26 17:50,9/12/26 17:55,9/12/26,⬆️,⏳,,0.5686,0.5686,0.51,0.0,0.0,0.0,0.0,PREC191,5.0,2026-09-12 17:50:01.735103+00:00
ETH/USDT,5m,9/12/26 17:50,9/12/26 17:55,9/12/26,⬆️,⏳,,0.5686,0.5686,0.51,0.0,0.0,0.0,0.0,MY195,5.0,2026-09-12 17:50:01.735103+00:00
ETH/USDT,5m,9/12/26 17:55,9/12/26 18:00,9/12/26,⬆️,⏳,,0.6172,0.6172,0.58,0.0,0.0,0.0,0.0,MY195,5.0,2026-09-12 17:55:01.639497+00:00
ETH/USDT,5m,9/12/26 18:55,9/12/26 19:00,9/12/26,⬆️,⏳,,0.5718,0.5718,0.54,0.0,0.0,0.0,0.0,PREC191,5.0,2026-09-12 18:55:01.651176+00:00
ETH/USDT,5m,9/12/26 18:55,9/12/26 19:00,9/12/26,⬆️,⏳,,0.5718,0.5718,0.54,0.0,0.0,0.0,0.0,MY195,5.0,2026-09-12 18:55:01.651176+00:00
ETH/USDT,5m,9/12/26 19:10,9/12/26 19:15,9/12/26,⬆️,⏳,,0.5504,0.5504,0.49,0.0,0.0,0.0,0.0,PREC191,5.0,2026-09-12 19:10:01.983757+00:00
ETH/USDT,5m,9/12/26 19:50,9/12/26 19:55,9/12/26,⬇️,⏳,,0.61,0.61,0.53,0.0,0.0,0.0,0.0,PREC191,5.0,2026-09-12 19:50:01.708353+00:00
ETH/USDT,5m,9/12/26 19:50,9/12/26 19:55,9/12/26,⬇️,⏳,,0.61,0.61,0.53,0.0,0.0,0.0,0.0,MY195,5.0,2026-09-12 19:50:01.708353+00:00
XRP/USDT,5m,9/12/26 21:40,9/12/26 21:45,9/12/26,⬆️,⏳,,0.5663,0.5663,0.51,0.0,0.0,0.0,0.0,PREC191,5.0,2026-09-12 21:40:01.671133+00:00
ETH/USDT,5m,9/12/26 22:05,9/12/26 22:10,9/12/26,⬆️,⏳,,0.5609,0.5609,0.51,0.0,0.0,0.0,0.0,MY195,5.0,2026-09-12 22:05:01.601412+00:00
ETH/USDT,5m,9/12/26 22:25,9/12/26 22:30,9/12/26,⬇️,⏳,,0.6032,0.6032,0.51,0.0,0.0,0.0,0.0,MY195,5.0,2026-09-12 22:25:01.664978+00:00
ETH/USDT,5m,9/13/26 02:55,9/13/26 03:00,9/13/26,⬆️,⏳,,0.57,0.57,0.53,0.0,0.0,0.0,0.0,PREC191,5.0,2026-09-13 02:55:01.624126+00:00
ETH/USDT,5m,9/13/26 02:55,9/13/26 03:00,9/13/26,⬆️,⏳,,0.57,0.57,0.53,0.0,0.0,0.0,0.0,MY195,5.0,2026-09-13 02:55:01.624126+00:00
ETH/USDT,5m,9/13/26 06:40,9/13/26 06:45,9/13/26,⬇️,⏳,,0.645,0.645,0.59,0.0,0.0,0.0,0.0,MY195,5.0,2026-09-13 06:40:01.785690+00:00
ETH/USDT,5m,9/13/26 07:45,9/13/26 07:50,9/13/26,⬆️,⏳,,0.5928,0.5928,0.58,0.0,0.0,0.0,0.0,PREC191,5.0,2026-09-13 07:45:01.612868+00:00
ETH/USDT,5m,9/13/26 08:45,9/13/26 08:50,9/13/26,⬆️,⏳,,0.5759,0.5759,0.55,0.0,0.0,0.0,0.0,MY195,5.0,2026-09-13 08:45:01.647894+00:00
ETH/USDT,5m,9/13/26 09:20,9/13/26 09:25,9/13/26,⬇️,⏳,,0.6207,0.6207,0.57,0.0,0.0,0.0,0.0,MY195,5.0,2026-09-13 09:20:01.697169+00:00
ETH/USDT,5m,9/13/26 09:45,9/13/26 09:50,9/13/26,⬇️,⏳,,0.5725,0.5725,0.55,0.0,0.0,0.0,0.0,MY195,5.0,2026-09-13 09:45:01.638767+00:00
ETH/USDT,5m,9/13/26 09:55,9/13/26 10:00,9/13/26,⬆️,⏳,,0.5655,0.5655,0.52,0.0,0.0,0.0,0.0,MY195,5.0,2026-09-13 09:55:03.079715+00:00
ETH/USDT,5m,9/13/26 10:40,9/13/26 10:45,9/13/26,⬇️,⏳,,0.565,0.565,0.51,0.0,0.0,0.0,0.0,PREC191,5.0,2026-09-13 10:40:01.640731+00:00
ETH/USDT,5m,9/13/26 10:40,9/13/26 10:45,9/13/26,⬇️,⏳,,0.565,0.565,0.51,0.0,0.0,0.0,0.0,MY195,5.0,2026-09-13 10:40:01.640731+00:00
ETH/USDT,5m,9/13/26 10:55,9/13/26 11:00,9/13/26,⬆️,⏳,,0.605,0.605,0.56,0.0,0.0,0.0,0.0,PREC191,5.0,2026-09-13 10:55:01.876668+00:00
ETH/USDT,5m,9/13/26 10:55,9/13/26 11:00,9/13/26,⬆️,⏳,,0.605,0.605,0.56,0.0,0.0,0.0,0.0,MY195,5.0,2026-09-13 10:55:01.876668+00:00
ETH/USDT,5m,9/13/26 11:00,9/13/26 11:05,9/13/26,⬆️,⏳,,0.7025,0.7025,0.57,0.0,0.0,0.0,0.0,PREC191,5.0,2026-09-13 11:00:02.523832+00:00
ETH/USDT,5m,9/13/26 11:00,9/13/26 11:05,9/13/26,⬆️,⏳,,0.7025,0.7025,0.57,0.0,0.0,0.0,0.0,MY195,5.0,2026-09-13 11:00:02.523832+00:00
ETH/USDT,5m,9/13/26 11:05,9/13/26 11:10,9/13/26,⬆️,⏳,,0.6387,0.6387,0.6,0.0,0.0,0.0,0.0,MY195,5.0,2026-09-13 11:05:03.064733+00:00
ETH/USDT,5m,9/13/26 12:30,9/13/26 12:35,9/13/26,⬇️,⏳,,0.64,0.64,0.55,0.0,0.0,0.0,0.0,PREC191,5.0,2026-09-13 12:30:01.857215+00:00
ETH/USDT,5m,9/13/26 12:30,9/13/26 12:35,9/13/26,⬇️,⏳,,0.64,0.64,0.55,0.0,0.0,0.0,0.0,MY195,5.0,2026-09-13 12:30:01.857215+00:00
ETH/USDT,5m,9/13/26 12:45,9/13/26 12:50,9/13/26,⬇️,⏳,,0.5611,0.5611,0.5,0.0,0.0,0.0,0.0,MY195,5.0,2026-09-13 12:45:01.717372+00:00
ETH/USDT,5m,9/13/26 13:10,9/13/26 13:15,9/13/26,⬆️,⏳,,0.6436,0.6436,0.6,0.0,0.0,0.0,0.0,PREC191,5.0,2026-09-13 13:10:01.653108+00:00
ETH/USDT,5m,9/13/26 13:10,9/13/26 13:15,9/13/26,⬆️,⏳,,0.6436,0.6436,0.6,0.0,0.0,0.0,0.0,MY195,5.0,2026-09-13 13:10:01.653108+00:00
ETH/USDT,5m,9/13/26 13:40,9/13/26 13:45,9/13/26,⬆️,⏳,,0.5667,0.5667,0.51,0.0,0.0,0.0,0.0,PREC191,5.0,2026-09-13 13:40:01.718804+00:00
ETH/USDT,5m,9/13/26 13:40,9/13/26 13:45,9/13/26,⬆️,⏳,,0.5667,0.5667,0.51,0.0,0.0,0.0,0.0,MY195,5.0,2026-09-13 13:40:01.718804+00:00
DOGE/USDT,5m,9/13/26 14:00,9/13/26 14:05,9/13/26,⬆️,⏳,,0.6,0.6,0.5,0.0,0.0,0.0,0.0,PREC191,5.0,2026-09-13 14:00:02.409664+00:00
DOGE/USDT,5m,9/13/26 14:00,9/13/26 14:05,9/13/26,⬆️,⏳,,0.6,0.6,0.5,0.0,0.0,0.0,0.0,MY195,5.0,2026-09-13 14:00:02.409664+00:00
ETH/USDT,5m,9/13/26 14:35,9/13/26 14:40,9/13/26,⬆️,⏳,,0.6225,0.6225,0.6,0.0,0.0,0.0,0.0,PREC191,5.0,2026-09-13 14:35:01.723214+00:00
XRP/USDT,5m,9/13/26 14:35,9/13/26 14:40,9/13/26,⬆️,⏳,,0.6225,0.6225,0.6,0.0,0.0,0.0,0.0,PREC191,5.0,2026-09-13 14:35:01.723214+00:00
ETH/USDT,5m,9/13/26 14:35,9/13/26 14:40,9/13/26,⬆️,⏳,,0.6225,0.6225,0.6,0.0,0.0,0.0,0.0,MY195,5.0,2026-09-13 14:35:01.723214+00:00
XRP/USDT,5m,9/13/26 14:35,9/13/26 14:40,9/13/26,⬆️,⏳,,0.6225,0.6225,0.6,0.0,0.0,0.0,0.0,MY195,5.0,2026-09-13 14:35:01.723214+00:00
XRP/USDT,5m,9/13/26 15:25,9/13/26 15:30,9/13/26,⬆️,⏳,,0.5531,0.5531,0.5,0.0,0.0,0.0,0.0,PREC191,5.0,2026-09-13 15:25:01.691584+00:00
XRP/USDT,5m,9/13/26 15:45,9/13/26 15:50,9/13/26,⬇️,⏳,,0.57,0.57,0.53,0.0,0.0,0.0,0.0,MY195,5.0,2026-09-13 15:45:01.749094+00:00
ETH/USDT,5m,9/13/26 16:05,9/13/26 16:10,9/13/26,⬇️,⏳,,0.6425,0.6425,0.62,0.0,0.0,0.0,0.0,MY195,5.0,2026-09-13 16:05:01.516651+00:00
ETH/USDT,5m,9/13/26 16:10,9/13/26 16:15,9/13/26,⬆️,⏳,,0.645,0.645,0.52,0.0,0.0,0.0,0.0,MY195,5.0,2026-09-13 16:10:01.721601+00:00
ETH/USDT,5m,9/13/26 17:05,9/13/26 17:10,9/13/26,⬆️,⏳,,0.6425,0.6425,0.53,0.0,0.0,0.0,0.0,MY195,5.0,2026-09-13 17:05:01.649974+00:00
ETH/USDT,5m,9/13/26 17:25,9/13/26 17:30,9/13/26,⬇️,⏳,,0.62,0.62,0.59,0.0,0.0,0.0,0.0,MY195,5.0,2026-09-13 17:25:01.720453+00:00
XRP/USDT,5m,9/13/26 17:35,9/13/26 17:40,9/13/26,⬆️,⏳,,0.6425,0.6425,0.55,0.0,0.0,0.0,0.0,PREC191,5.0,2026-09-13 17:35:01.682898+00:00
XRP/USDT,5m,9/13/26 17:35,9/13/26 17:40,9/13/26,⬆️,⏳,,0.6425,0.6425,0.55,0.0,0.0,0.0,0.0,MY195,5.0,2026-09-13 17:35:01.682898+00:00
ETH/USDT,5m,9/13/26 18:20,9/13/26 18:25,9/13/26,⬇️,⏳,,0.6416,0.6416,0.57,0.0,0.0,0.0,0.0,PREC191,5.0,2026-09-13 18:20:01.960197+00:00
ETH/USDT,5m,9/13/26 18:20,9/13/26 18:25,9/13/26,⬇️,⏳,,0.6416,0.6416,0.57,0.0,0.0,0.0,0.0,MY195,5.0,2026-09-13 18:20:01.960197+00:00
DOGE/USDT,5m,9/13/26 19:20,9/13/26 19:25,9/13/26,⬇️,⏳,,0.62,0.62,0.5,0.0,0.0,0.0,0.0,PREC191,5.0,2026-09-13 19:20:02.118101+00:00
DOGE/USDT,5m,9/13/26 19:20,9/13/26 19:25,9/13/26,⬇️,⏳,,0.62,0.62,0.5,0.0,0.0,0.0,0.0,MY195,5.0,2026-09-13 19:20:02.118101+00:00
ETH/USDT,5m,9/13/26 19:55,9/13/26 20:00,9/13/26,⬆️,⏳,,0.595,0.595,0.57,0.0,0.0,0.0,0.0,PREC191,5.0,2026-09-13 19:55:01.758081+00:00
ETH/USDT,5m,9/13/26 19:55,9/13/26 20:00,9/13/26,⬆️,⏳,,0.595,0.595,0.57,0.0,0.0,0.0,0.0,MY195,5.0,2026-09-13 19:55:01.758081+00:00
ETH/USDT,5m,9/13/26 22:10,9/13/26 22:15,9/13/26,⬆️,⏳,,0.6159,0.6159,0.61,0.0,0.0,0.0,0.0,PREC191,5.0,2026-09-13 22:10:01.633608+00:00
ETH/USDT,5m,9/13/26 22:30,9/13/26 22:35,9/13/26,⬆️,⏳,,0.625,0.625,0.56,0.0,0.0,0.0,0.0,PREC191,5.0,2026-09-13 22:30:01.646670+00:00
ETH/USDT,5m,9/13/26 22:30,9/13/26 22:35,9/13/26,⬆️,⏳,,0.625,0.625,0.56,0.0,0.0,0.0,0.0,MY195,5.0,2026-09-13 22:30:01.646670+00:00
ETH/USDT,5m,9/13/26 23:00,9/13/26 23:05,9/13/26,⬇️,⏳,,0.5651,0.5651,0.5,0.0,0.0,0.0,0.0,MY195,5.0,2026-09-13 23:00:02.448949+00:00
ETH/USDT,5m,9/13/26 23:25,9/13/26 23:30,9/13/26,⬆️,⏳,,0.6425,0.6425,0.62,0.0,0.0,0.0,0.0,MY195,5.0,2026-09-13 23:25:01.764653+00:00
ETH/USDT,5m,9/14/26 00:00,9/14/26 00:05,9/14/26,⬆️,⏳,,0.605,0.605,0.51,0.0,0.0,0.0,0.0,PREC191,5.0,2026-09-14 00:00:02.412478+00:00
ETH/USDT,5m,9/14/26 00:00,9/14/26 00:05,9/14/26,⬆️,⏳,,0.605,0.605,0.51,0.0,0.0,0.0,0.0,MY195,5.0,2026-09-14 00:00:02.412478+00:00
ETH/USDT,5m,9/14/26 00:30,9/14/26 00:35,9/14/26,⬆️,⏳,,0.675,0.675,0.65,0.0,0.0,0.0,0.0,TIER_A,5.0,2026-09-14 00:30:01.654019+00:00
ETH/USDT,5m,9/14/26 01:10,9/14/26 01:15,9/14/26,⬆️,⏳,,0.715,0.715,0.69,0.0,0.0,0.0,0.0,MY195,5.0,2026-09-14 01:10:01.609919+00:00
ETH/USDT,5m,9/14/26 01:30,9/14/26 01:35,9/14/26,⬇️,⏳,,0.65,0.65,0.52,0.0,0.0,0.0,0.0,MY195,5.0,2026-09-14 01:30:01.656315+00:00
ETH/USDT,5m,9/14/26 01:45,9/14/26 01:50,9/14/26,⬇️,⏳,,0.63,0.63,0.57,0.0,0.0,0.0,0.0,TIER_A,5.0,2026-09-14 01:45:01.686115+00:00
ETH/USDT,5m,9/14/26 04:20,9/14/26 04:25,9/14/26,⬆️,⏳,,0.64,0.64,0.5,0.0,0.0,0.0,0.0,MY195,5.0,2026-09-14 04:20:02.112515+00:00
ETH/USDT,5m,9/14/26 04:25,9/14/26 04:30,9/14/26,⬆️,⏳,,0.6253,0.6253,0.5,0.0,0.0,0.0,0.0,MY195,5.0,2026-09-14 04:25:01.589542+00:00
ETH/USDT,5m,9/14/26 07:05,9/14/26 07:10,9/14/26,⬆️,⏳,,0.64,0.64,0.62,0.0,0.0,0.0,0.0,TIER_A,5.0,2026-09-14 07:05:01.688677+00:00
ETH/USDT,5m,9/14/26 08:30,9/14/26 08:35,9/14/26,⬇️,⏳,,0.6775,0.6775,0.62,0.0,0.0,0.0,0.0,PREC191,5.0,2026-09-14 08:30:01.820240+00:00
ETH/USDT,5m,9/14/26 14:50,9/14/26 14:55,9/14/26,⬆️,⏳,,0.72,0.72,0.68,0.0,0.0,0.0,0.0,PREC191,5.0,2026-09-14 14:50:02.294064+00:00
XRP/USDT,5m,9/14/26 14:50,9/14/26 14:55,9/14/26,⬆️,⏳,,0.72,0.72,0.69,0.0,0.0,0.0,0.0,PREC191,5.0,2026-09-14 14:50:02.294064+00:00
ETH/USDT,5m,9/14/26 15:00,9/14/26 15:05,9/14/26,⬇️,⏳,,0.6925,0.6925,0.64,0.0,0.0,0.0,0.0,PREC191,5.0,2026-09-14 15:00:02.370849+00:00
XRP/USDT,5m,9/14/26 16:20,9/14/26 16:25,9/14/26,⬇️,⏳,,0.685,0.685,0.67,0.0,0.0,0.0,0.0,PREC191,5.0,2026-09-14 16:20:01.739063+00:00
ETH/USDT,5m,9/14/26 16:35,9/14/26 16:40,9/14/26,⬆️,⏳,,0.5875,0.5875,0.5,0.0,0.0,0.0,0.0,TIER_A,5.0,2026-09-14 16:35:01.638298+00:00
ETH/USDT,5m,9/14/26 18:50,9/14/26 18:55,9/14/26,⬇️,⏳,,0.6469,0.6469,0.64,0.0,0.0,0.0,0.0,PREC191,5.0,2026-09-14 18:50:01.414601+00:00
ETH/USDT,5m,9/14/26 19:20,9/14/26 19:25,9/14/26,⬆️,⏳,,0.7325,0.7325,0.69,0.0,0.0,0.0,0.0,PREC191,5.0,2026-09-14 19:20:01.419917+00:00
ETH/USDT,5m,9/14/26 19:45,9/14/26 19:50,9/14/26,⬆️,⏳,,0.665,0.665,0.57,0.0,0.0,0.0,0.0,PREC191,5.0,2026-09-14 19:45:01.431324+00:00
ETH/USDT,5m,9/15/26 01:50,9/15/26 01:55,9/15/26,⬆️,⏳,,0.595,0.595,0.5,0.0,0.0,0.0,0.0,BAL220,5.0,2026-09-15 01:50:01.692125+00:00
ETH/USDT,5m,9/15/26 06:35,9/15/26 06:40,9/15/26,⬆️,⏳,,0.63,0.63,0.57,0.0,0.0,0.0,0.0,TIER_A,5.0,2026-09-15 06:35:01.680517+00:00
ETH/USDT,5m,9/15/26 07:10,9/15/26 07:15,9/15/26,⬆️,⏳,,0.71,0.71,0.67,0.0,0.0,0.0,0.0,PREC191,5.0,2026-09-15 07:10:01.680052+00:00
ETH/USDT,5m,9/15/26 14:00,9/15/26 14:05,9/15/26,⬆️,⏳,,0.6763,0.6763,0.65,0.0,0.0,0.0,0.0,PREC191,5.0,2026-09-15 14:00:02.334589+00:00
ETH/USDT,5m,9/15/26 15:25,9/15/26 15:30,9/15/26,⬆️,⏳,,0.7415,0.7415,0.69,0.0,0.0,0.0,0.0,MY195,5.0,2026-09-15 15:25:02.129917+00:00
DOGE/USDT,5m,9/15/26 15:35,9/15/26 15:40,9/15/26,⬆️,⏳,,0.63,0.63,0.6,0.0,0.0,0.0,0.0,TIER_A,5.0,2026-09-15 15:35:01.710199+00:00
ETH/USDT,5m,9/15/26 17:40,9/15/26 17:45,9/15/26,⬇️,⏳,,0.6617,0.6617,0.6,0.0,0.0,0.0,0.0,PREC191,5.0,2026-09-15 17:40:02.146216+00:00
ETH/USDT,5m,9/15/26 18:00,9/15/26 18:05,9/15/26,⬇️,⏳,,0.7023,0.7023,0.64,0.0,0.0,0.0,0.0,PREC191,5.0,2026-09-15 18:00:02.684455+00:00
ETH/USDT,5m,9/15/26 18:50,9/15/26 18:55,9/15/26,⬇️,⏳,,0.6175,0.6175,0.5,0.0,0.0,0.0,0.0,PREC191,5.0,2026-09-15 18:50:02.698222+00:00
ETH/USDT,5m,9/15/26 20:25,9/15/26 20:30,9/15/26,⬆️,⏳,,0.7025,0.7025,0.65,0.0,0.0,0.0,0.0,PREC191,5.0,2026-09-15 20:25:01.650342+00:00
XRP/USDT,5m,9/15/26 20:45,9/15/26 20:50,9/15/26,⬆️,⏳,,0.735,0.735,0.7,0.0,0.0,0.0,0.0,PREC191,5.0,2026-09-15 20:45:04.263193+00:00
ETH/USDT,5m,9/15/26 20:50,9/15/26 20:55,9/15/26,⬆️,⏳,,0.6575,0.6575,0.62,0.0,0.0,0.0,0.0,PREC191,5.0,2026-09-15 20:50:01.859019+00:00
ETH/USDT,5m,9/16/26 03:30,9/16/26 03:35,9/16/26,⬇️,⏳,,0.7176,0.7176,0.67,0.0,0.0,0.0,0.0,MY195,5.0,2026-09-16 03:30:01.603870+00:00
ETH/USDT,5m,9/16/26 04:30,9/16/26 04:35,9/16/26,⬇️,⏳,,0.6903,0.6903,0.64,0.0,0.0,0.0,0.0,TIER_A,5.0,2026-09-16 04:30:01.582802+00:00
ETH/USDT,5m,9/16/26 07:40,9/16/26 07:45,9/16/26,⬆️,⏳,,0.6425,0.6425,0.6,0.0,0.0,0.0,0.0,PREC191,5.0,2026-09-16 07:40:01.664361+00:00
ETH/USDT,5m,9/16/26 10:30,9/16/26 10:35,9/16/26,⬆️,⏳,,0.625,0.625,0.6,0.0,0.0,0.0,0.0,TIER_A,5.0,2026-09-16 10:30:01.635937+00:00
ETH/USDT,5m,9/16/26 12:25,9/16/26 12:30,9/16/26,⬇️,⏳,,0.625,0.625,0.53,0.0,0.0,0.0,0.0,MY195,5.0,2026-09-16 12:25:01.825905+00:00
ETH/USDT,5m,9/16/26 12:30,9/16/26 12:35,9/16/26,⬆️,⏳,,0.6011,0.6011,0.5,0.0,0.0,0.0,0.0,PREC191,5.0,2026-09-16 12:30:01.735192+00:00
ETH/USDT,5m,9/16/26 13:50,9/16/26 13:55,9/16/26,⬆️,⏳,,0.66,0.66,0.63,0.0,0.0,0.0,0.0,PREC191,5.0,2026-09-16 13:50:01.753835+00:00
XRP/USDT,5m,9/16/26 15:00,9/16/26 15:05,9/16/26,⬆️,⏳,,0.6625,0.6625,0.5,0.0,0.0,0.0,0.0,MY195,5.0,2026-09-16 15:00:02.222581+00:00
ETH/USDT,5m,9/16/26 17:15,9/16/26 17:20,9/16/26,⬆️,⏳,,0.6492,0.6492,0.62,0.0,0.0,0.0,0.0,PREC191,5.0,2026-09-16 17:15:01.940302+00:00
ETH/USDT,5m,9/16/26 17:35,9/16/26 17:40,9/16/26,⬇️,⏳,,0.735,0.735,0.64,0.0,0.0,0.0,0.0,MY195,5.0,2026-09-16 17:35:01.563810+00:00
ETH/USDT,5m,9/16/26 18:25,9/16/26 18:30,9/16/26,⬇️,⏳,,0.7208,0.7208,0.67,0.0,0.0,0.0,0.0,PREC191,5.0,2026-09-16 18:25:01.881511+00:00
ETH/USDT,5m,9/16/26 18:30,9/16/26 18:35,9/16/26,⬆️,⏳,,0.745,0.745,0.65,0.0,0.0,0.0,0.0,PREC191,5.0,2026-09-16 18:30:01.935166+00:00
ETH/USDT,5m,9/16/26 19:00,9/16/26 19:05,9/16/26,⬇️,⏳,,0.625,0.625,0.55,0.0,0.0,0.0,0.0,TIER_A,5.0,2026-09-16 19:00:02.355854+00:00
ETH/USDT,5m,9/16/26 19:05,9/16/26 19:10,9/16/26,⬇️,⏳,,0.705,0.705,0.67,0.0,0.0,0.0,0.0,MY195,5.0,2026-09-16 19:05:02.142273+00:00
ETH/USDT,5m,9/16/26 20:10,9/16/26 20:15,9/16/26,⬇️,⏳,,0.6549,0.6549,0.58,0.0,0.0,0.0,0.0,PREC191,5.0,2026-09-16 20:10:01.861595+00:00
XRP/USDT,5m,9/16/26 21:10,9/16/26 21:15,9/16/26,⬆️,⏳,,0.615,0.615,0.53,0.0,0.0,0.0,0.0,TIER_A,5.0,2026-09-16 21:10:02.296602+00:00
ETH/USDT,5m,9/16/26 23:15,9/16/26 23:20,9/16/26,⬆️,⏳,,0.71,0.71,0.64,0.0,0.0,0.0,0.0,MY195,5.0,2026-09-16 23:15:01.674739+00:00
ETH/USDT,5m,9/17/26 12:10,9/17/26 12:15,9/17/26,⬆️,⏳,,0.7,0.7,0.63,0.0,0.0,0.0,0.0,MY290,6.74,2026-09-17 12:10:01.713721+00:00
ETH/USDT,5m,9/17/26 16:45,9/17/26 16:50,9/17/26,⬆️,⏳,,0.6179,0.6179,0.59,0.0,0.0,0.0,0.0,MY290,3.86,2026-09-17 16:45:01.697299+00:00
ETH/USDT,5m,9/17/26 17:00,9/17/26 17:05,9/17/26,⬆️,⏳,,0.68,0.68,0.64,0.0,0.0,0.0,0.0,MY290,4.77,2026-09-17 17:00:01.817147+00:00
ETH/USDT,5m,9/17/26 17:05,9/17/26 17:10,9/17/26,⬆️,⏳,,0.6833,0.6833,0.64,0.0,0.0,0.0,0.0,MY290,5.0,2026-09-17 17:05:01.938704+00:00
ETH/USDT,5m,9/17/26 21:35,9/17/26 21:40,9/17/26,⬇️,⏳,,0.6232,0.6232,0.52,0.0,0.0,0.0,0.0,MY290,6.61,2026-09-17 21:35:01.776924+00:00
ETH/USDT,5m,9/18/26 00:55,9/18/26 01:00,9/18/26,⬆️,⏳,,0.6613,0.6613,0.64,0.0,0.0,0.0,0.0,MY290,3.17,2026-09-18 00:55:01.823506+00:00
ETH/USDT,5m,9/18/26 03:15,9/18/26 03:20,9/18/26,⬆️,⏳,,0.6107,0.6107,0.55,0.0,0.0,0.0,0.0,MY290,5.99,2026-09-18 03:15:01.864373+00:00
XRP/USDT,5m,9/18/26 03:20,9/18/26 03:25,9/18/26,⬇️,⏳,,0.6,0.6,0.53,0.0,0.0,0.0,0.0,PREC191,5.38,2026-09-18 03:20:01.836279+00:00
ETH/USDT,5m,9/18/26 07:10,9/18/26 07:15,9/18/26,⬆️,⏳,,0.635,0.635,0.56,0.0,0.0,0.0,0.0,MY290,6.96,2026-09-18 07:10:03.058708+00:00
XRP/USDT,5m,9/18/26 10:35,9/18/26 10:40,9/18/26,⬇️,⏳,,0.6733,0.6733,0.63,0.0,0.0,0.0,0.0,MY290,2.8,2026-09-18 10:35:03.174683+00:00
SOL/USDT,5m,9/18/26 11:15,9/18/26 11:20,9/18/26,⬆️,⏳,,0.595,0.595,0.52,0.0,0.0,0.0,0.0,MY290,6.94,2026-09-18 11:15:02.083542+00:00
ETH/USDT,5m,9/18/26 13:05,9/18/26 13:10,9/18/26,⬆️,⏳,,0.6025,0.6025,0.55,0.0,0.0,0.0,0.0,MY290,5.42,2026-09-18 13:05:01.854385+00:00
ETH/USDT,5m,9/18/26 13:25,9/18/26 13:30,9/18/26,⬇️,⏳,,0.6675,0.6675,0.64,0.0,0.0,0.0,0.0,MY290,1.41,2026-09-18 13:25:02.262401+00:00
ETH/USDT,5m,9/18/26 13:50,9/18/26 13:55,9/18/26,⬆️,⏳,,0.6488,0.6488,0.61,0.0,0.0,0.0,0.0,MY290,4.48,2026-09-18 13:50:01.751729+00:00
ETH/USDT,5m,9/18/26 14:00,9/18/26 14:05,9/18/26,⬆️,⏳,,0.66,0.66,0.61,0.0,0.0,0.0,0.0,MY290,5.29,2026-09-18 14:00:01.904089+00:00
ETH/USDT,5m,9/18/26 15:05,9/18/26 15:10,9/18/26,⬇️,⏳,,0.64,0.64,0.57,0.0,0.0,0.0,0.0,MY290,4.8,2026-09-18 15:05:01.667943+00:00
SOL/USDT,5m,9/18/26 18:35,9/18/26 18:40,9/18/26,⬆️,⏳,,0.745,0.745,0.69,0.0,0.0,0.0,0.0,MY290,5.76,2026-09-18 18:35:02.282573+00:00
ETH/USDT,5m,9/18/26 18:55,9/18/26 19:00,9/18/26,⬇️,⏳,,0.64,0.64,0.61,0.0,0.0,0.0,0.0,MY290,1.6,2026-09-18 18:55:02.042067+00:00
ETH/USDT,5m,9/18/26 19:10,9/18/26 19:15,9/18/26,⬆️,⏳,,0.63,0.63,0.51,0.0,0.0,0.0,0.0,MY290,9.79,2026-09-18 19:10:02.192143+00:00
ETH/USDT,5m,9/18/26 19:15,9/18/26 19:20,9/18/26,⬆️,⏳,,0.58,0.58,0.53,0.0,0.0,0.0,0.0,MY290,5.23,2026-09-18 19:15:01.820164+00:00
SOL/USDT,5m,9/18/26 21:10,9/18/26 21:15,9/18/26,⬇️,⏳,,0.7158,0.7158,0.66,0.0,0.0,0.0,0.0,MY290,3.85,2026-09-18 21:10:01.888641+00:00
ETH/USDT,5m,9/18/26 21:30,9/18/26 21:35,9/18/26,⬆️,⏳,,0.61,0.61,0.56,0.0,0.0,0.0,0.0,MY290,5.25,2026-09-18 21:30:02.204894+00:00
ETH/USDT,5m,9/18/26 21:40,9/18/26 21:45,9/18/26,⬆️,⏳,,0.5784,0.5784,0.5,0.0,0.0,0.0,0.0,MY290,7.16,2026-09-18 21:40:01.663602+00:00
ETH/USDT,5m,9/18/26 21:50,9/18/26 21:55,9/18/26,⬆️,⏳,,0.6981,0.6981,0.6,0.0,0.0,0.0,0.0,MY290,8.47,2026-09-18 21:50:01.646537+00:00
ETH/USDT,5m,9/18/26 22:40,9/18/26 22:45,9/18/26,⬆️,⏳,,0.6725,0.6725,0.64,0.0,0.0,0.0,0.0,MY290,4.05,2026-09-18 22:40:01.742826+00:00
ETH/USDT,5m,9/18/26 23:05,9/18/26 23:10,9/18/26,⬇️,⏳,,0.6067,0.6067,0.58,0.0,0.0,0.0,0.0,MY290,1.24,2026-09-18 23:05:01.761207+00:00
ETH/USDT,5m,9/18/26 23:35,9/18/26 23:40,9/18/26,⬆️,⏳,,0.6656,0.6656,0.58,0.0,0.0,0.0,0.0,MY290,7.66,2026-09-18 23:35:02.352394+00:00
ETH/USDT,5m,9/19/26 03:00,9/19/26 03:05,9/19/26,⬆️,⏳,,0.6248,0.6248,0.54,0.0,0.0,0.0,0.0,MY290,7.81,2026-09-19 03:00:01.913940+00:00
ETH/USDT,5m,9/19/26 06:45,9/19/26 06:50,9/19/26,⬇️,⏳,,0.6575,0.6575,0.59,0.0,0.0,0.0,0.0,MY290,4.52,2026-09-19 06:45:01.730473+00:00
XRP/USDT,5m,9/19/26 07:15,9/19/26 07:20,9/19/26,⬆️,⏳,,0.63,0.63,0.59,0.0,0.0,0.0,0.0,MY290,4.64,2026-09-19 07:15:02.246843+00:00
SOL/USDT,5m,9/19/26 08:55,9/19/26 09:00,9/19/26,⬇️,⏳,,0.715,0.715,0.68,0.0,0.0,0.0,0.0,MY290,1.91,2026-09-19 08:55:02.415580+00:00
XRP/USDT,5m,9/19/26 08:55,9/19/26 09:00,9/19/26,⬇️,⏳,,0.72,0.72,0.66,0.0,0.0,0.0,0.0,PREC191,4.74,2026-09-19 08:55:02.415580+00:00
ETH/USDT,5m,9/19/26 09:35,9/19/26 09:40,9/19/26,⬆️,⏳,,0.5839,0.5839,0.51,0.0,0.0,0.0,0.0,MY290,7.06,2026-09-19 09:35:01.609981+00:00
ETH/USDT,5m,9/19/26 11:10,9/19/26 11:15,9/19/26,⬆️,⏳,,0.6433,0.6433,0.45,0.0,0.0,0.0,0.0,MY290,14.52,2026-09-19 11:10:01.630634+00:00
ETH/USDT,5m,9/19/26 12:10,9/19/26 12:15,9/19/26,⬆️,⏳,,0.5872,0.5872,0.51,0.0,0.0,0.0,0.0,MY290,7.29,2026-09-19 12:10:01.755057+00:00
XRP/USDT,5m,9/19/26 13:00,9/19/26 13:05,9/19/26,⬆️,⏳,,0.58,0.58,0.52,0.0,0.0,0.0,0.0,MY290,6.08,2026-09-19 13:00:01.988439+00:00
ETH/USDT,5m,9/19/26 15:50,9/19/26 15:55,9/19/26,⬇️,⏳,,0.61,0.61,0.54,0.0,0.0,0.0,0.0,MY290,4.67,2026-09-19 15:50:01.628181+00:00
ETH/USDT,5m,9/19/26 19:30,9/19/26 19:35,9/19/26,⬇️,⏳,,0.6625,0.6625,0.61,0.0,0.0,0.0,0.0,MY290,3.34,2026-09-19 19:30:01.768851+00:00
SOL/USDT,5m,9/19/26 21:10,9/19/26 21:15,9/19/26,⬇️,⏳,,0.62,0.62,0.58,0.0,0.0,0.0,0.0,MY290,2.21,2026-09-19 21:10:01.844003+00:00
ETH/USDT,5m,9/19/26 21:50,9/19/26 21:55,9/19/26,⬆️,⏳,,0.6103,0.6103,0.56,0.0,0.0,0.0,0.0,MY290,5.39,2026-09-19 21:50:01.711496+00:00
SOL/USDT,5m,9/19/26 22:05,9/19/26 22:10,9/19/26,⬆️,⏳,,0.585,0.585,0.56,0.0,0.0,0.0,0.0,MY290,3.42,2026-09-19 22:05:01.610478+00:00
SOL/USDT,5m,9/19/26 23:20,9/19/26 23:25,9/19/26,⬆️,⏳,,0.585,0.585,0.52,0.0,0.0,0.0,0.0,MY290,6.44,2026-09-19 23:20:01.624244+00:00
ETH/USDT,5m,9/20/26 00:40,9/20/26 00:45,9/20/26,⬆️,⏳,,0.6903,0.6903,0.66,0.0,0.0,0.0,0.0,MY290,3.98,2026-09-20 00:40:01.709796+00:00
ETH/USDT,5m,9/20/26 02:50,9/20/26 02:55,9/20/26,⬇️,⏳,,0.605,0.605,0.54,0.0,0.0,0.0,0.0,PREC191,4.99,2026-09-20 02:50:01.711074+00:00
ETH/USDT,5m,9/20/26 03:05,9/20/26 03:10,9/20/26,⬆️,⏳,,0.7,0.7,0.64,0.0,0.0,0.0,0.0,MY290,6.18,2026-09-20 03:05:02.593735+00:00
ETH/USDT,5m,9/20/26 06:45,9/20/26 06:50,9/20/26,⬆️,⏳,,0.6325,0.6325,0.6,0.0,0.0,0.0,0.0,MY290,4.07,2026-09-20 06:45:02.964412+00:00
ETH/USDT,5m,9/20/26 12:50,9/20/26 12:55,9/20/26,⬆️,⏳,,0.675,0.675,0.62,0.0,0.0,0.0,0.0,MY290,5.79,2026-09-20 12:50:02.016709+00:00
ETH/USDT,5m,9/20/26 13:25,9/20/26 13:30,9/20/26,⬇️,⏳,,0.6325,0.6325,0.6,0.0,0.0,0.0,0.0,MY290,1.51,2026-09-20 13:25:01.706735+00:00
ETH/USDT,5m,9/20/26 14:25,9/20/26 14:30,9/20/26,⬆️,⏳,,0.62,0.62,0.57,0.0,0.0,0.0,0.0,MY290,5.38,2026-09-20 14:25:02.202170+00:00
ETH/USDT,5m,9/20/26 16:10,9/20/26 16:15,9/20/26,⬆️,⏳,,0.6575,0.6575,0.6,0.0,0.0,0.0,0.0,MY290,5.95,2026-09-20 16:10:01.903528+00:00
ETH/USDT,5m,9/20/26 17:15,9/20/26 17:20,9/20/26,⬆️,⏳,,0.6325,0.6325,0.58,0.0,0.0,0.0,0.0,MY290,5.57,2026-09-20 17:15:02.314219+00:00
ETH/USDT,5m,9/20/26 17:45,9/20/26 17:50,9/20/26,⬆️,⏳,,0.645,0.645,0.62,0.0,0.0,0.0,0.0,MY290,3.49,2026-09-20 17:45:01.780842+00:00
SOL/USDT,5m,9/20/26 19:25,9/20/26 19:30,9/20/26,⬇️,⏳,,0.6012,0.6012,0.58,0.0,0.0,0.0,0.0,PREC191,1.27,2026-09-20 19:25:02.671483+00:00
XRP/USDT,5m,9/20/26 19:55,9/20/26 20:00,9/20/26,⬇️,⏳,,0.61,0.61,0.49,0.0,0.0,0.0,0.0,MY290,8.21,2026-09-20 19:55:01.935787+00:00
XRP/USDT,5m,9/20/26 23:10,9/20/26 23:15,9/20/26,⬆️,⏳,,0.595,0.595,0.47,0.0,0.0,0.0,0.0,MY290,10.41,2026-09-20 23:10:01.651871+00:00
ETH/USDT,5m,9/21/26 00:05,9/21/26 00:10,9/21/26,⬆️,⏳,,0.665,0.665,0.54,0.0,0.0,0.0,0.0,MY290,10.42,2026-09-21 00:05:01.825446+00:00
ETH/USDT,5m,9/21/26 00:20,9/21/26 00:25,9/21/26,⬆️,⏳,,0.602,0.602,0.53,0.0,0.0,0.0,0.0,MY290,6.93,2026-09-21 00:20:01.678321+00:00
ETH/USDT,5m,9/21/26 02:15,9/21/26 02:20,9/21/26,⬆️,⏳,,0.6375,0.6375,0.61,0.0,0.0,0.0,0.0,MY290,3.68,2026-09-21 02:15:02.189465+00:00
ETH/USDT,5m,9/21/26 02:20,9/21/26 02:25,9/21/26,⬆️,⏳,,0.65,0.65,0.61,0.0,0.0,0.0,0.0,MY290,4.66,2026-09-21 02:20:01.956213+00:00
ETH/USDT,5m,9/21/26 02:40,9/21/26 02:45,9/21/26,⬆️,⏳,,0.63,0.63,0.58,0.0,0.0,0.0,0.0,MY290,5.39,2026-09-21 02:40:01.687465+00:00
ETH/USDT,5m,9/21/26 03:30,9/21/26 03:35,9/21/26,⬆️,⏳,,0.735,0.735,0.69,0.0,0.0,0.0,0.0,MY290,5.17,2026-09-21 03:30:01.626398+00:00
ETH/USDT,5m,9/21/26 05:35,9/21/26 05:40,9/21/26,⬆️,⏳,,0.6575,0.6575,0.55,0.0,0.0,0.0,0.0,MY290,9.31,2026-09-21 05:35:02.369378+00:00
ETH/USDT,5m,9/21/26 06:00,9/21/26 06:05,9/21/26,⬆️,⏳,,0.6557,0.6557,0.6,0.0,0.0,0.0,0.0,MY290,5.82,2026-09-21 06:00:01.809959+00:00
ETH/USDT,5m,9/21/26 06:05,9/21/26 06:10,9/21/26,⬆️,⏳,,0.6425,0.6425,0.6,0.0,0.0,0.0,0.0,MY290,4.84,2026-09-21 06:05:01.659499+00:00
ETH/USDT,5m,9/21/26 07:15,9/21/26 07:20,9/21/26,⬆️,⏳,,0.7037,0.7037,0.67,0.0,0.0,0.0,0.0,MY290,4.26,2026-09-21 07:15:01.674273+00:00
ETH/USDT,5m,9/21/26 07:55,9/21/26 08:00,9/21/26,⬆️,⏳,,0.6706,0.6706,0.63,0.0,0.0,0.0,0.0,MY290,4.74,2026-09-21 07:55:01.624570+00:00
ETH/USDT,5m,9/21/26 08:05,9/21/26 08:10,9/21/26,⬇️,⏳,,0.6426,0.6426,0.61,0.0,0.0,0.0,0.0,MY290,1.53,2026-09-21 08:05:01.633197+00:00
ETH/USDT,5m,9/21/26 09:20,9/21/26 09:25,9/21/26,⬇️,⏳,,0.6525,0.6525,0.53,0.0,0.0,0.0,0.0,MY290,8.38,2026-09-21 09:20:02.006949+00:00
ETH/USDT,5m,9/21/26 10:00,9/21/26 10:05,9/21/26,⬆️,⏳,,0.6291,0.6291,0.58,0.0,0.0,0.0,0.0,MY290,5.32,2026-09-21 10:00:01.949732+00:00
ETH/USDT,5m,9/21/26 10:55,9/21/26 11:00,9/21/26,⬆️,⏳,,0.6666,0.6666,0.57,0.0,0.0,0.0,0.0,MY290,8.61,2026-09-21 10:55:01.698709+00:00
SOL/USDT,5m,9/21/26 11:30,9/21/26 11:35,9/21/26,⬇️,⏳,,0.6775,0.6775,0.61,0.0,0.0,0.0,0.0,PREC191,5.23,2026-09-21 11:30:02.532156+00:00
ETH/USDT,5m,9/21/26 12:00,9/21/26 12:05,9/21/26,⬆️,⏳,,0.6007,0.6007,0.57,0.0,0.0,0.0,0.0,MY290,3.9,2026-09-21 12:00:01.888322+00:00
ETH/USDT,5m,9/21/26 12:05,9/21/26 12:10,9/21/26,⬆️,⏳,,0.635,0.635,0.58,0.0,0.0,0.0,0.0,MY290,5.75,2026-09-21 12:05:01.934412+00:00
SOL/USDT,5m,9/21/26 12:10,9/21/26 12:15,9/21/26,⬇️,⏳,,0.76,0.76,0.67,0.0,0.0,0.0,0.0,MY290,6.29,2026-09-21 12:10:01.761824+00:00
SOL/USDT,5m,9/21/26 13:00,9/21/26 13:05,9/21/26,⬇️,⏳,,0.6447,0.6447,0.61,0.0,0.0,0.0,0.0,MY290,1.75,2026-09-21 13:00:01.734426+00:00
ETH/USDT,5m,9/21/26 13:55,9/21/26 14:00,9/21/26,⬇️,⏳,,0.63,0.63,0.59,0.0,0.0,0.0,0.0,MY290,2.22,2026-09-21 13:55:01.643801+00:00
ETH/USDT,5m,9/21/26 14:20,9/21/26 14:25,9/21/26,⬆️,⏳,,0.61,0.61,0.55,0.0,0.0,0.0,0.0,MY290,6.09,2026-09-21 14:20:01.764513+00:00
ETH/USDT,5m,9/21/26 15:40,9/21/26 15:45,9/21/26,⬆️,⏳,,0.585,0.585,0.54,0.0,0.0,0.0,0.0,MY290,4.99,2026-09-21 15:40:02.241911+00:00
ETH/USDT,5m,9/21/26 16:05,9/21/26 16:10,9/21/26,⬇️,⏳,,0.6075,0.6075,0.57,0.0,0.0,0.0,0.0,MY290,1.97,2026-09-21 16:05:01.931565+00:00
ETH/USDT,5m,9/21/26 16:35,9/21/26 16:40,9/21/26,⬇️,⏳,,0.62,0.62,0.57,0.0,0.0,0.0,0.0,MY290,3.09,2026-09-21 16:35:01.777562+00:00
ETH/USDT,5m,9/21/26 16:55,9/21/26 17:00,9/21/26,⬆️,⏳,,0.6125,0.6125,0.57,0.0,0.0,0.0,0.0,MY290,4.82,2026-09-21 16:55:01.702589+00:00
XRP/USDT,5m,9/21/26 18:30,9/21/26 18:35,9/21/26,⬆️,⏳,,0.5925,0.5925,0.48,0.0,0.0,0.0,0.0,MY290,9.62,2026-09-21 18:30:01.829175+00:00
ETH/USDT,5m,9/21/26 18:50,9/21/26 18:55,9/21/26,⬆️,⏳,,0.6025,0.6025,0.52,0.0,0.0,0.0,0.0,MY290,7.65,2026-09-21 18:50:01.902976+00:00
ETH/USDT,5m,9/21/26 19:20,9/21/26 19:25,9/21/26,⬆️,⏳,,0.6713,0.6713,0.49,0.0,0.0,0.0,0.0,MY290,13.81,2026-09-21 19:20:01.547456+00:00
ETH/USDT,5m,9/21/26 19:30,9/21/26 19:35,9/21/26,⬆️,⏳,,0.58,0.58,0.55,0.0,0.0,0.0,0.0,MY290,3.83,2026-09-21 19:30:02.136071+00:00
ETH/USDT,5m,9/21/26 20:15,9/21/26 20:20,9/21/26,⬇️,⏳,,0.6072,0.6072,0.56,0.0,0.0,0.0,0.0,PREC191,3.61,2026-09-21 20:15:02.194406+00:00
ETH/USDT,5m,9/21/26 21:20,9/21/26 21:25,9/21/26,⬇️,⏳,,0.6615,0.6615,0.62,0.0,0.0,0.0,0.0,MY290,2.4,2026-09-21 21:20:01.625270+00:00
ETH/USDT,5m,9/21/26 21:50,9/21/26 21:55,9/21/26,⬇️,⏳,,0.65,0.65,0.5,0.0,0.0,0.0,0.0,MY290,10.15,2026-09-21 21:50:01.703234+00:00
ETH/USDT,5m,9/21/26 22:05,9/21/26 22:10,9/21/26,⬆️,⏳,,0.5814,0.5814,0.56,0.0,0.0,0.0,0.0,MY290,3.13,2026-09-21 22:05:01.680254+00:00
ETH/USDT,5m,9/22/26 02:20,9/22/26 02:25,9/22/26,⬇️,⏳,,0.625,0.625,0.59,0.0,0.0,0.0,0.0,MY290,1.75,2026-09-22 02:20:01.686950+00:00
ETH/USDT,5m,9/22/26 02:55,9/22/26 03:00,9/22/26,⬆️,⏳,,0.6675,0.6675,0.64,0.0,0.0,0.0,0.0,MY290,3.72,2026-09-22 02:55:01.682374+00:00
ETH/USDT,5m,9/22/26 06:30,9/22/26 06:35,9/22/26,⬆️,⏳,,0.6195,0.6195,0.55,0.0,0.0,0.0,0.0,MY290,6.77,2026-09-22 06:30:01.665376+00:00
ETH/USDT,5m,9/22/26 08:15,9/22/26 08:20,9/22/26,⬇️,⏳,,0.6075,0.6075,0.51,0.0,0.0,0.0,0.0,MY290,6.67,2026-09-22 08:15:01.784664+00:00
ETH/USDT,5m,9/22/26 08:45,9/22/26 08:50,9/22/26,⬆️,⏳,,0.6283,0.6283,0.58,0.0,0.0,0.0,0.0,MY290,5.26,2026-09-22 08:45:02.173052+00:00
ETH/USDT,5m,9/22/26 10:10,9/22/26 10:15,9/22/26,⬇️,⏳,,0.6738,0.6738,0.64,0.0,0.0,0.0,0.0,MY290,1.71,2026-09-22 10:10:02.939917+00:00
ETH/USDT,5m,9/22/26 10:40,9/22/26 10:45,9/22/26,⬆️,⏳,,0.6201,0.6201,0.57,0.0,0.0,0.0,0.0,MY290,5.39,2026-09-22 10:40:01.693949+00:00
SOL/USDT,5m,9/22/26 10:55,9/22/26 11:00,9/22/26,⬆️,⏳,,0.6283,0.6283,0.58,0.0,0.0,0.0,0.0,MY290,5.26,2026-09-22 10:55:01.611229+00:00
ETH/USDT,5m,9/22/26 11:05,9/22/26 11:10,9/22/26,⬇️,⏳,,0.625,0.625,0.55,0.0,0.0,0.0,0.0,MY290,5.06,2026-09-22 11:05:01.691144+00:00
ETH/USDT,5m,9/22/26 13:05,9/22/26 13:10,9/22/26,⬇️,⏳,,0.6625,0.6625,0.63,0.0,0.0,0.0,0.0,MY290,1.56,2026-09-22 13:05:01.688138+00:00
ETH/USDT,5m,9/22/26 13:20,9/22/26 13:25,9/22/26,⬇️,⏳,,0.6305,0.6305,0.59,0.0,0.0,0.0,0.0,MY290,2.26,2026-09-22 13:20:01.667255+00:00
ETH/USDT,5m,9/22/26 13:30,9/22/26 13:35,9/22/26,⬆️,⏳,,0.5967,0.5967,0.56,0.0,0.0,0.0,0.0,MY290,4.36,2026-09-22 13:30:01.847748+00:00
SOL/USDT,5m,9/22/26 14:10,9/22/26 14:15,9/22/26,⬇️,⏳,,0.6075,0.6075,0.58,0.0,0.0,0.0,0.0,PREC191,1.9,2026-09-22 14:10:01.850973+00:00
ETH/USDT,5m,9/22/26 15:05,9/22/26 15:10,9/22/26,⬆️,⏳,,0.61,0.61,0.59,0.0,0.0,0.0,0.0,MY290,3.03,2026-09-22 15:05:02.867155+00:00
ETH/USDT,5m,9/22/26 16:10,9/22/26 16:15,9/22/26,⬇️,⏳,,0.62,0.62,0.57,0.0,0.0,0.0,0.0,MY290,3.09,2026-09-22 16:10:02.421115+00:00
XRP/USDT,5m,9/22/26 16:25,9/22/26 16:30,9/22/26,⬆️,⏳,,0.59,0.59,0.49,0.0,0.0,0.0,0.0,MY290,8.81,2026-09-22 16:25:01.692449+00:00
ETH/USDT,5m,9/22/26 16:50,9/22/26 16:55,9/22/26,⬆️,⏳,,0.685,0.685,0.66,0.0,0.0,0.0,0.0,MY290,3.55,2026-09-22 16:50:02.046833+00:00
XRP/USDT,5m,9/22/26 16:55,9/22/26 17:00,9/22/26,⬆️,⏳,,0.6125,0.6125,0.45,0.0,0.0,0.0,0.0,MY290,12.71,2026-09-22 16:55:01.735820+00:00
SOL/USDT,5m,9/22/26 17:30,9/22/26 17:35,9/22/26,⬆️,⏳,,0.6295,0.6295,0.52,0.0,0.0,0.0,0.0,MY290,9.43,2026-09-22 17:30:01.700381+00:00
XRP/USDT,5m,9/22/26 18:15,9/22/26 18:20,9/22/26,⬇️,⏳,,0.6181,0.6181,0.55,0.0,0.0,0.0,0.0,PREC191,5.23,2026-09-22 18:15:01.815566+00:00
ETH/USDT,5m,9/22/26 20:25,9/22/26 20:30,9/22/26,⬆️,⏳,,0.6,0.6,0.54,0.0,0.0,0.0,0.0,MY290,6.09,2026-09-22 20:25:01.724420+00:00
SOL/USDT,5m,9/22/26 23:05,9/22/26 23:10,9/22/26,⬇️,⏳,,0.7279,0.7279,0.7,0.0,0.0,0.0,0.0,MY290,1.25,2026-09-22 23:05:01.690310+00:00
ETH/USDT,5m,9/23/26 00:10,9/23/26 00:15,9/23/26,⬆️,⏳,,0.595,0.595,0.54,0.0,0.0,0.0,0.0,MY290,5.73,2026-09-23 00:10:01.683843+00:00
ETH/USDT,5m,9/23/26 00:20,9/23/26 00:25,9/23/26,⬆️,⏳,,0.6526,0.6526,0.6,0.0,0.0,0.0,0.0,MY290,5.59,2026-09-23 00:20:01.606623+00:00
ETH/USDT,5m,9/23/26 00:50,9/23/26 00:55,9/23/26,⬆️,⏳,,0.6175,0.6175,0.57,0.0,0.0,0.0,0.0,MY290,5.19,2026-09-23 00:50:01.685932+00:00
ETH/USDT,5m,9/23/26 03:55,9/23/26 04:00,9/23/26,⬆️,⏳,,0.5997,0.5997,0.49,0.0,0.0,0.0,0.0,MY290,9.44,2026-09-23 03:55:02.394083+00:00
SOL/USDT,5m,9/23/26 03:55,9/23/26 04:00,9/23/26,⬆️,⏳,,0.5944,0.5944,0.51,0.0,0.0,0.0,0.0,MY290,7.78,2026-09-23 03:55:02.394083+00:00
ETH/USDT,5m,9/23/26 07:10,9/23/26 07:15,9/23/26,⬇️,⏳,,0.655,0.655,0.62,0.0,0.0,0.0,0.0,MY290,1.79,2026-09-23 07:10:01.739811+00:00
ETH/USDT,5m,9/23/26 09:25,9/23/26 09:30,9/23/26,⬆️,⏳,,0.6312,0.6312,0.61,0.0,0.0,0.0,0.0,MY290,3.15,2026-09-23 09:25:01.704915+00:00
ETH/USDT,5m,9/23/26 09:55,9/23/26 10:00,9/23/26,⬆️,⏳,,0.5967,0.5967,0.57,0.0,0.0,0.0,0.0,MY290,3.57,2026-09-23 09:55:01.820271+00:00
ETH/USDT,5m,9/23/26 12:25,9/23/26 12:30,9/23/26,⬆️,⏳,,0.6425,0.6425,0.6,0.0,0.0,0.0,0.0,MY290,4.84,2026-09-23 12:25:01.710737+00:00
ETH/USDT,5m,9/23/26 12:50,9/23/26 12:55,9/23/26,⬇️,⏳,,0.7128,0.7128,0.67,0.0,0.0,0.0,0.0,MY290,2.6,2026-09-23 12:50:02.946018+00:00
XRP/USDT,5m,9/23/26 12:50,9/23/26 12:55,9/23/26,⬇️,⏳,,0.7075,0.7075,0.69,0.0,0.0,0.0,0.0,PREC191,1.09,2026-09-23 12:50:02.946018+00:00
ETH/USDT,5m,9/23/26 13:15,9/23/26 13:20,9/23/26,⬆️,⏳,,0.6275,0.6275,0.55,0.0,0.0,0.0,0.0,MY290,7.32,2026-09-23 13:15:02.340161+00:00
ETH/USDT,5m,9/23/26 13:20,9/23/26 13:25,9/23/26,⬆️,⏳,,0.5833,0.5833,0.55,0.0,0.0,0.0,0.0,MY290,4.09,2026-09-23 13:20:01.917613+00:00
ETH/USDT,5m,9/23/26 13:25,9/23/26 13:30,9/23/26,⬇️,⏳,,0.6637,0.6637,0.61,0.0,0.0,0.0,0.0,MY290,3.44,2026-09-23 13:25:01.745001+00:00
ETH/USDT,5m,9/23/26 14:35,9/23/26 14:40,9/23/26,⬆️,⏳,,0.6525,0.6525,0.59,0.0,0.0,0.0,0.0,MY290,6.3,2026-09-23 14:35:02.023570+00:00
ETH/USDT,5m,9/23/26 14:55,9/23/26 15:00,9/23/26,⬆️,⏳,,0.6025,0.6025,0.55,0.0,0.0,0.0,0.0,MY290,5.55,2026-09-23 14:55:04.731120+00:00
ETH/USDT,5m,9/23/26 16:05,9/23/26 16:10,9/23/26,⬆️,⏳,,0.6077,0.6077,0.54,0.0,0.0,0.0,0.0,MY290,6.64,2026-09-23 16:05:03.017128+00:00
ETH/USDT,5m,9/23/26 16:10,9/23/26 16:15,9/23/26,⬆️,⏳,,0.5982,0.5982,0.54,0.0,0.0,0.0,0.0,MY290,5.96,2026-09-23 16:10:02.036044+00:00
XRP/USDT,5m,9/23/26 16:10,9/23/26 16:15,9/23/26,⬆️,⏳,,0.6013,0.6013,0.53,0.0,0.0,0.0,0.0,MY290,6.88,2026-09-23 16:10:02.036044+00:00
SOL/USDT,5m,9/23/26 19:25,9/23/26 19:30,9/23/26,⬆️,⏳,,0.6,0.6,0.57,0.0,0.0,0.0,0.0,MY290,3.84,2026-09-23 19:25:01.788933+00:00
ETH/USDT,5m,9/23/26 19:30,9/23/26 19:35,9/23/26,⬆️,⏳,,0.585,0.585,0.56,0.0,0.0,0.0,0.0,MY290,3.42,2026-09-23 19:30:02.283358+00:00
ETH/USDT,5m,9/23/26 20:40,9/23/26 20:45,9/23/26,⬆️,⏳,,0.6257,0.6257,0.59,0.0,0.0,0.0,0.0,MY290,4.31,2026-09-23 20:40:01.997220+00:00
XRP/USDT,5m,9/23/26 22:30,9/23/26 22:35,9/23/26,⬇️,⏳,,0.6775,0.6775,0.65,0.0,0.0,0.0,0.0,PREC191,2.01,2026-09-23 22:30:02.862456+00:00
ETH/USDT,5m,9/23/26 22:50,9/23/26 22:55,9/23/26,⬆️,⏳,,0.6125,0.6125,0.56,0.0,0.0,0.0,0.0,MY290,5.56,2026-09-23 22:50:01.717092+00:00
ETH/USDT,5m,9/24/26 02:35,9/24/26 02:40,9/24/26,⬇️,⏳,,0.6345,0.6345,0.6,0.0,0.0,0.0,0.0,MY290,1.71,2026-09-24 02:35:02.104573+00:00
ETH/USDT,5m,9/24/26 05:55,9/24/26 06:00,9/24/26,⬇️,⏳,,0.61,0.61,0.58,0.0,0.0,0.0,0.0,MY290,1.22,2026-09-24 05:55:01.616796+00:00
XRP/USDT,5m,9/24/26 06:05,9/24/26 06:10,9/24/26,⬆️,⏳,,0.5975,0.5975,0.55,0.0,0.0,0.0,0.0,MY290,5.18,2026-09-24 06:05:01.681662+00:00
SOL/USDT,5m,9/24/26 08:30,9/24/26 08:35,9/24/26,⬇️,⏳,,0.64,0.64,0.48,0.0,0.0,0.0,0.0,MY290,10.78,2026-09-24 08:30:01.773109+00:00
SOL/USDT,5m,9/24/26 09:10,9/24/26 09:15,9/24/26,⬇️,⏳,,0.6311,0.6311,0.56,0.0,0.0,0.0,0.0,MY290,4.77,2026-09-24 09:10:01.650311+00:00
DOGE/USDT,5m,9/24/26 09:20,9/24/26 09:25,9/24/26,⬆️,⏳,,0.725,0.725,0.7,0.0,0.0,0.0,0.0,MY290,3.63,2026-09-24 09:20:01.735684+00:00
XRP/USDT,5m,9/24/26 09:20,9/24/26 09:25,9/24/26,⬆️,⏳,,0.725,0.725,0.66,0.0,0.0,0.0,0.0,MY290,6.56,2026-09-24 09:20:01.735684+00:00
ETH/USDT,5m,9/24/26 10:40,9/24/26 10:45,9/24/26,⬆️,⏳,,0.605,0.605,0.57,0.0,0.0,0.0,0.0,MY290,4.24,2026-09-24 10:40:01.809965+00:00
XRP/USDT,5m,9/24/26 11:40,9/24/26 11:45,9/24/26,⬆️,⏳,,0.6025,0.6025,0.53,0.0,0.0,0.0,0.0,MY290,6.97,2026-09-24 11:40:01.797543+00:00
ETH/USDT,5m,9/24/26 14:35,9/24/26 14:40,9/24/26,⬆️,⏳,,0.6075,0.6075,0.58,0.0,0.0,0.0,0.0,MY290,3.65,2026-09-24 14:35:01.770172+00:00
ETH/USDT,5m,9/24/26 15:55,9/24/26 16:00,9/24/26,⬆️,⏳,,0.6618,0.6618,0.63,0.0,0.0,0.0,0.0,MY290,4.05,2026-09-24 15:55:01.936015+00:00
SOL/USDT,5m,9/24/26 16:00,9/24/26 16:05,9/24/26,⬆️,⏳,,0.5825,0.5825,0.52,0.0,0.0,0.0,0.0,MY290,6.26,2026-09-24 16:00:02.108504+00:00
XRP/USDT,5m,9/24/26 16:00,9/24/26 16:05,9/24/26,⬆️,⏳,,0.5825,0.5825,0.49,0.0,0.0,0.0,0.0,MY290,8.32,2026-09-24 16:00:02.108504+00:00
ETH/USDT,5m,9/24/26 17:20,9/24/26 17:25,9/24/26,⬇️,⏳,,0.7075,0.7075,0.62,0.0,0.0,0.0,0.0,MY290,6.04,2026-09-24 17:20:03.124907+00:00
ETH/USDT,5m,9/24/26 17:50,9/24/26 17:55,9/24/26,⬇️,⏳,,0.6434,0.6434,0.61,0.0,0.0,0.0,0.0,MY290,1.62,2026-09-24 17:50:01.994209+00:00
ETH/USDT,5m,9/24/26 20:45,9/24/26 20:50,9/24/26,⬇️,⏳,,0.6353,0.6353,0.6,0.0,0.0,0.0,0.0,MY290,1.79,2026-09-24 20:45:01.784694+00:00
ETH/USDT,5m,9/24/26 20:55,9/24/26 21:00,9/24/26,⬇️,⏳,,0.6272,0.6272,0.54,0.0,0.0,0.0,0.0,PREC191,6.6,2026-09-24 20:55:01.736260+00:00
SOL/USDT,5m,9/24/26 23:05,9/24/26 23:10,9/24/26,⬆️,⏳,,0.59,0.59,0.52,0.0,0.0,0.0,0.0,MY290,6.79,2026-09-24 23:05:01.638901+00:00
SOL/USDT,5m,9/25/26 00:05,9/25/26 00:10,9/25/26,⬆️,⏳,,0.6047,0.6047,0.49,0.0,0.0,0.0,0.0,MY290,9.76,2026-09-25 00:05:01.881526+00:00
XRP/USDT,5m,9/25/26 02:00,9/25/26 02:05,9/25/26,⬆️,⏳,,0.6,0.6,0.45,0.0,0.0,0.0,0.0,MY290,11.96,2026-09-25 02:00:01.745881+00:00
DOGE/USDT,5m,9/25/26 02:05,9/25/26 02:10,9/25/26,⬆️,⏳,,0.6625,0.6625,0.6,0.0,0.0,0.0,0.0,MY290,6.31,2026-09-25 02:05:01.767744+00:00
ETH/USDT,5m,9/25/26 02:05,9/25/26 02:10,9/25/26,⬆️,⏳,,0.6625,0.6625,0.5,0.0,0.0,0.0,0.0,MY290,12.7,2026-09-25 02:05:01.767744+00:00
ETH/USDT,5m,9/25/26 03:05,9/25/26 03:10,9/25/26,⬆️,⏳,,0.62,0.62,0.52,0.0,0.0,0.0,0.0,MY290,8.81,2026-09-25 03:05:02.097102+00:00
SOL/USDT,5m,9/25/26 05:05,9/25/26 05:10,9/25/26,⬇️,⏳,,0.68,0.68,0.52,0.0,0.0,0.0,0.0,MY290,10.78,2026-09-25 05:05:01.671935+00:00
SOL/USDT,5m,9/25/26 05:20,9/25/26 05:25,9/25/26,⬇️,⏳,,0.6224,0.6224,0.52,0.0,0.0,0.0,0.0,MY290,7.02,2026-09-25 05:20:01.623773+00:00
SOL/USDT,5m,9/25/26 08:25,9/25/26 08:30,9/25/26,⬆️,⏳,,0.6025,0.6025,0.52,0.0,0.0,0.0,0.0,MY290,7.65,2026-09-25 08:25:01.719911+00:00
ETH/USDT,5m,9/25/26 08:30,9/25/26 08:35,9/25/26,⬇️,⏳,,0.6784,0.6784,0.64,0.0,0.0,0.0,0.0,MY290,2.14,2026-09-25 08:30:01.717082+00:00
ETH/USDT,5m,9/25/26 10:30,9/25/26 10:35,9/25/26,⬇️,⏳,,0.6056,0.6056,0.55,0.0,0.0,0.0,0.0,PREC191,4.28,2026-09-25 10:30:01.732340+00:00
SOL/USDT,5m,9/25/26 11:15,9/25/26 11:20,9/25/26,⬆️,⏳,,0.6575,0.6575,0.51,0.0,0.0,0.0,0.0,MY290,11.8,2026-09-25 11:15:01.639530+00:00
SOL/USDT,5m,9/25/26 12:20,9/25/26 12:25,9/25/26,⬆️,⏳,,0.59,0.59,0.49,0.0,0.0,0.0,0.0,MY290,8.81,2026-09-25 12:20:01.688182+00:00
SOL/USDT,5m,9/25/26 12:45,9/25/26 12:50,9/25/26,⬆️,⏳,,0.59,0.59,0.54,0.0,0.0,0.0,0.0,MY290,5.36,2026-09-25 12:45:02.058713+00:00
DOGE/USDT,5m,9/25/26 14:55,9/25/26 15:00,9/25/26,⬆️,⏳,,0.58,0.58,0.54,0.0,0.0,0.0,0.0,MY290,4.61,2026-09-25 14:55:02.149400+00:00
ETH/USDT,5m,9/25/26 15:35,9/25/26 15:40,9/25/26,⬇️,⏳,,0.6325,0.6325,0.58,0.0,0.0,0.0,0.0,MY290,3.3,2026-09-25 15:35:01.798694+00:00
SOL/USDT,5m,9/25/26 16:15,9/25/26 16:20,9/25/26,⬆️,⏳,,0.625,0.625,0.52,0.0,0.0,0.0,0.0,MY290,9.14,2026-09-25 16:15:01.986119+00:00
XRP/USDT,5m,9/25/26 17:45,9/25/26 17:50,9/25/26,⬇️,⏳,,0.6025,0.6025,0.55,0.0,0.0,0.0,0.0,PREC191,4.03,2026-09-25 17:45:01.726461+00:00
ETH/USDT,5m,9/25/26 19:30,9/25/26 19:35,9/25/26,⬆️,⏳,,0.6,0.6,0.53,0.0,0.0,0.0,0.0,MY290,6.79,2026-09-25 19:30:03.293520+00:00
XRP/USDT,5m,9/25/26 20:10,9/25/26 20:15,9/25/26,⬆️,⏳,,0.6075,0.6075,0.49,0.0,0.0,0.0,0.0,MY290,9.94,2026-09-25 20:10:02.083808+00:00
ETH/USDT,5m,9/25/26 20:50,9/25/26 20:55,9/25/26,⬇️,⏳,,0.6695,0.6695,0.64,0.0,0.0,0.0,0.0,MY290,1.27,2026-09-25 20:50:01.792991+00:00
SOL/USDT,5m,9/25/26 22:40,9/25/26 22:45,9/25/26,⬆️,⏳,,0.5775,0.5775,0.52,0.0,0.0,0.0,0.0,MY290,5.9,2026-09-25 22:40:01.721690+00:00
SOL/USDT,5m,9/26/26 02:05,9/26/26 02:10,9/26/26,⬆️,⏳,,0.6575,0.6575,0.52,0.0,0.0,0.0,0.0,MY290,11.19,2026-09-26 02:05:01.837901+00:00
ETH/USDT,5m,9/26/26 03:35,9/26/26 03:40,9/26/26,⬇️,⏳,,0.6425,0.6425,0.61,0.0,0.0,0.0,0.0,MY290,1.53,2026-09-26 03:35:03.009811+00:00
XRP/USDT,5m,9/26/26 07:55,9/26/26 08:00,9/26/26,⬆️,⏳,,0.8025,0.8025,0.65,0.0,0.0,0.0,0.0,MY290,12.2,2026-09-26 07:55:01.739438+00:00
ETH/USDT,5m,9/26/26 09:30,9/26/26 09:35,9/26/26,⬆️,⏳,,0.5836,0.5836,0.54,0.0,0.0,0.0,0.0,MY290,4.88,2026-09-26 09:30:01.802666+00:00
ETH/USDT,5m,9/26/26 10:35,9/26/26 10:40,9/26/26,⬇️,⏳,,0.6275,0.6275,0.56,0.0,0.0,0.0,0.0,MY290,4.49,2026-09-26 10:35:03.694566+00:00
ETH/USDT,5m,9/26/26 12:10,9/26/26 12:15,9/26/26,⬇️,⏳,,0.6825,0.6825,0.65,0.0,0.0,0.0,0.0,MY290,1.6,2026-09-26 12:10:01.808156+00:00
SOL/USDT,5m,9/26/26 12:20,9/26/26 12:25,9/26/26,⬇️,⏳,,0.7575,0.7575,0.6,0.0,0.0,0.0,0.0,MY290,10.67,2026-09-26 12:20:01.759709+00:00
ETH/USDT,5m,9/26/26 12:40,9/26/26 12:45,9/26/26,⬆️,⏳,,0.6623,0.6623,0.63,0.0,0.0,0.0,0.0,MY290,4.09,2026-09-26 12:40:02.245645+00:00
SOL/USDT,5m,9/26/26 15:20,9/26/26 15:25,9/26/26,⬆️,⏳,,0.5799,0.5799,0.5,0.0,0.0,0.0,0.0,MY290,7.47,2026-09-26 15:20:01.789421+00:00
XRP/USDT,5m,9/26/26 18:50,9/26/26 18:55,9/26/26,⬇️,⏳,,0.6,0.6,0.52,0.0,0.0,0.0,0.0,PREC191,6.09,2026-09-26 18:50:02.844579+00:00
ETH/USDT,5m,9/26/26 19:10,9/26/26 19:15,9/26/26,⬇️,⏳,,0.6025,0.6025,0.55,0.0,0.0,0.0,0.0,PREC191,4.03,2026-09-26 19:10:01.755203+00:00
ETH/USDT,5m,9/26/26 20:25,9/26/26 20:30,9/26/26,⬆️,⏳,,0.6225,0.6225,0.53,0.0,0.0,0.0,0.0,MY290,8.32,2026-09-26 20:25:03.011368+00:00
ETH/USDT,5m,9/26/26 20:45,9/26/26 20:50,9/26/26,⬆️,⏳,,0.6675,0.6675,0.6,0.0,0.0,0.0,0.0,MY290,6.66,2026-09-26 20:45:02.886082+00:00
ETH/USDT,5m,9/26/26 20:50,9/26/26 20:55,9/26/26,⬇️,⏳,,0.645,0.645,0.61,0.0,0.0,0.0,0.0,MY290,1.77,2026-09-26 20:50:01.828373+00:00
SOL/USDT,5m,9/26/26 21:25,9/26/26 21:30,9/26/26,⬆️,⏳,,0.6765,0.6765,0.65,0.0,0.0,0.0,0.0,MY290,3.66,2026-09-26 21:25:01.895679+00:00
SOL/USDT,5m,9/26/26 22:05,9/26/26 22:10,9/26/26,⬆️,⏳,,0.59,0.59,0.52,0.0,0.0,0.0,0.0,MY290,6.79,2026-09-26 22:05:01.776096+00:00
ETH/USDT,5m,9/26/26 22:45,9/26/26 22:50,9/26/26,⬇️,⏳,,0.6606,0.6606,0.56,0.0,0.0,0.0,0.0,PREC191,7.54,2026-09-26 22:45:01.806919+00:00
XRP/USDT,5m,9/27/26 02:20,9/27/26 02:25,9/27/26,⬆️,⏳,,0.6475,0.6475,0.61,0.0,0.0,0.0,0.0,MY290,4.65,2026-09-27 02:20:01.753254+00:00
ETH/USDT,5m,9/27/26 05:45,9/27/26 05:50,9/27/26,⬆️,⏳,,0.5999,0.5999,0.57,0.0,0.0,0.0,0.0,MY290,3.92,2026-09-27 05:45:01.875188+00:00
ETH/USDT,5m,9/27/26 06:20,9/27/26 06:25,9/27/26,⬆️,⏳,,0.5867,0.5867,0.56,0.0,0.0,0.0,0.0,MY290,3.61,2026-09-27 06:20:01.835824+00:00
ETH/USDT,5m,9/27/26 07:50,9/27/26 07:55,9/27/26,⬆️,⏳,,0.6575,0.6575,0.63,0.0,0.0,0.0,0.0,MY290,3.77,2026-09-27 07:50:01.813828+00:00
ETH/USDT,5m,9/27/26 11:05,9/27/26 11:10,9/27/26,⬆️,⏳,,0.6643,0.6643,0.63,0.0,0.0,0.0,0.0,MY290,4.39,2026-09-27 11:05:01.867045+00:00
ETH/USDT,5m,9/27/26 11:25,9/27/26 11:30,9/27/26,⬆️,⏳,,0.645,0.645,0.57,0.0,0.0,0.0,0.0,MY290,7.71,2026-09-27 11:25:01.810340+00:00
ETH/USDT,5m,9/27/26 11:30,9/27/26 11:35,9/27/26,⬇️,⏳,,0.6952,0.6952,0.63,0.0,0.0,0.0,0.0,MY290,3.91,2026-09-27 11:30:03.862342+00:00
ETH/USDT,5m,9/27/26 11:45,9/27/26 11:50,9/27/26,⬆️,⏳,,0.7157,0.7157,0.69,0.0,0.0,0.0,0.0,MY290,3.73,2026-09-27 11:45:01.839387+00:00
ETH/USDT,5m,9/27/26 13:15,9/27/26 13:20,9/27/26,⬇️,⏳,,0.6375,0.6375,0.59,0.0,0.0,0.0,0.0,MY290,2.1,2026-09-27 13:15:01.759245+00:00
ETH/USDT,5m,9/27/26 14:45,9/27/26 14:50,9/27/26,⬇️,⏳,,0.6496,0.6496,0.61,0.0,0.0,0.0,0.0,MY290,1.22,2026-09-27 14:45:01.870431+00:00
ETH/USDT,5m,9/27/26 18:00,9/27/26 18:05,9/27/26,⬇️,⏳,,0.6963,0.6963,0.65,0.0,0.0,0.0,0.0,MY290,2.08,2026-09-27 18:00:01.863608+00:00
ETH/USDT,5m,9/27/26 19:10,9/27/26 19:15,9/27/26,⬆️,⏳,,0.6425,0.6425,0.61,0.0,0.0,0.0,0.0,MY290,4.2,2026-09-27 19:10:01.862984+00:00
ETH/USDT,5m,9/27/26 19:25,9/27/26 19:30,9/27/26,⬆️,⏳,,0.6675,0.6675,0.59,0.0,0.0,0.0,0.0,MY290,7.92,2026-09-27 19:25:01.937608+00:00
HYPE/USDT,5m,9/27/26 19:30,9/27/26 19:35,9/27/26,⬆️,⏳,,0.67,0.67,0.52,0.0,0.0,0.0,0.0,MY290,13.14,2026-09-27 19:30:02.026342+00:00
ETH/USDT,5m,9/28/26 02:00,9/28/26 02:05,9/28/26,⬇️,⏳,,0.645,0.645,0.51,0.0,0.0,0.0,0.0,MY290,9.82,2026-09-28 02:00:02.079946+00:00
ETH/USDT,5m,9/28/26 09:10,9/28/26 09:15,9/28/26,⬇️,⏳,,0.6425,0.6425,0.6,0.0,0.0,0.0,0.0,MY290,1.81,2026-09-28 09:10:01.775250+00:00
ETH/USDT,5m,9/28/26 09:30,9/28/26 09:35,9/28/26,⬆️,⏳,,0.6075,0.6075,0.57,0.0,0.0,0.0,0.0,MY290,4.69,2026-09-28 09:30:04.081136+00:00
ETH/USDT,5m,9/28/26 09:55,9/28/26 10:00,9/28/26,⬇️,⏳,,0.6698,0.6698,0.61,0.0,0.0,0.0,0.0,MY290,3.63,2026-09-28 09:55:01.763192+00:00
ETH/USDT,5m,9/28/26 10:15,9/28/26 10:20,9/28/26,⬆️,⏳,,0.7558,0.7558,0.69,0.0,0.0,0.0,0.0,MY290,7.29,2026-09-28 10:15:01.802958+00:00
SOL/USDT,5m,9/28/26 12:15,9/28/26 12:20,9/28/26,⬆️,⏳,,0.6125,0.6125,0.52,0.0,0.0,0.0,0.0,MY290,9.19,2026-09-28 12:15:01.915620+00:00
XRP/USDT,5m,9/28/26 12:15,9/28/26 12:20,9/28/26,⬆️,⏳,,0.6125,0.6125,0.52,0.0,0.0,0.0,0.0,MY290,9.19,2026-09-28 12:15:01.915620+00:00
SOL/USDT,5m,9/28/26 12:45,9/28/26 12:50,9/28/26,⬆️,⏳,,0.7675,0.7675,0.7,0.0,0.0,0.0,0.0,MY290,7.45,2026-09-28 12:45:02.181251+00:00
ETH/USDT,5m,9/28/26 13:55,9/28/26 14:00,9/28/26,⬆️,⏳,,0.6425,0.6425,0.61,0.0,0.0,0.0,0.0,MY290,4.28,2026-09-28 13:55:02.061010+00:00
SOL/USDT,5m,9/28/26 15:35,9/28/26 15:40,9/28/26,⬆️,⏳,,0.6275,0.6275,0.55,0.0,0.0,0.0,0.0,MY290,8.04,2026-09-28 15:35:03.055649+00:00
SOL/USDT,5m,9/28/26 17:15,9/28/26 17:20,9/28/26,⬆️,⏳,,0.6025,0.6025,0.52,0.0,0.0,0.0,0.0,MY290,8.42,2026-09-28 17:15:02.340686+00:00
HYPE/USDT,5m,9/28/26 19:15,9/28/26 19:20,9/28/26,⬇️,⏳,,0.6,0.6,0.52,0.0,0.0,0.0,0.0,PREC191,7.54,2026-09-28 19:15:01.984595+00:00
ETH/USDT,5m,9/28/26 19:20,9/28/26 19:25,9/28/26,⬆️,⏳,,0.6225,0.6225,0.59,0.0,0.0,0.0,0.0,MY290,4.25,2026-09-28 19:20:02.500173+00:00
ETH/USDT,5m,9/28/26 20:05,9/28/26 20:10,9/28/26,⬆️,⏳,,0.68,0.68,0.62,0.0,0.0,0.0,0.0,MY290,6.69,2026-09-28 20:05:01.875045+00:00
ETH/USDT,5m,9/28/26 23:40,9/28/26 23:45,9/28/26,⬆️,⏳,,0.5825,0.5825,0.54,0.0,0.0,0.0,0.0,MY290,5.12,2026-09-28 23:40:01.919120+00:00
ETH/USDT,5m,9/29/26 00:50,9/29/26 00:55,9/29/26,⬇️,⏳,,0.7125,0.7125,0.67,0.0,0.0,0.0,0.0,MY290,2.59,2026-09-29 00:50:02.392345+00:00
ETH/USDT,5m,9/29/26 02:25,9/29/26 02:30,9/29/26,⬇️,⏳,,0.6475,0.6475,0.6,0.0,0.0,0.0,0.0,MY290,2.96,2026-09-29 02:25:01.853983+00:00
ETH/USDT,5m,9/29/26 05:40,9/29/26 05:45,9/29/26,⬆️,⏳,,0.648,0.648,0.62,0.0,0.0,0.0,0.0,MY290,3.61,2026-09-29 05:40:02.112978+00:00
SOL/USDT,5m,9/29/26 05:55,9/29/26 06:00,9/29/26,⬆️,⏳,,0.5925,0.5925,0.52,0.0,0.0,0.0,0.0,MY290,7.26,2026-09-29 05:55:01.793288+00:00
SOL/USDT,5m,9/29/26 06:00,9/29/26 06:05,9/29/26,⬆️,⏳,,0.6302,0.6302,0.52,0.0,0.0,0.0,0.0,MY290,10.07,2026-09-29 06:00:01.871537+00:00
ETH/USDT,5m,9/29/26 10:10,9/29/26 10:15,9/29/26,⬆️,⏳,,0.6934,0.6934,0.63,0.0,0.0,0.0,0.0,MY290,6.64,2026-09-29 10:10:01.791632+00:00
ETH/USDT,5m,9/29/26 11:15,9/29/26 11:20,9/29/26,⬆️,⏳,,0.6136,0.6136,0.58,0.0,0.0,0.0,0.0,MY290,4.07,2026-09-29 11:15:01.809252+00:00
SOL/USDT,5m,9/29/26 11:50,9/29/26 11:55,9/29/26,⬆️,⏳,,0.7483,0.7483,0.7,0.0,0.0,0.0,0.0,MY290,5.54,2026-09-29 11:50:01.794104+00:00
HYPE/USDT,5m,9/29/26 12:45,9/29/26 12:50,9/29/26,⬆️,⏳,,0.6075,0.6075,0.51,0.0,0.0,0.0,0.0,MY290,9.15,2026-09-29 12:45:01.777814+00:00
ETH/USDT,5m,9/29/26 13:05,9/29/26 13:10,9/29/26,⬆️,⏳,,0.6322,0.6322,0.6,0.0,0.0,0.0,0.0,MY290,3.97,2026-09-29 13:05:01.828742+00:00
SOL/USDT,5m,9/29/26 15:00,9/29/26 15:05,9/29/26,⬇️,⏳,,0.6375,0.6375,0.6,0.0,0.0,0.0,0.0,MY290,1.93,2026-09-29 15:00:01.873312+00:00
ETH/USDT,5m,9/30/26 00:10,9/30/26 00:15,9/30/26,⬇️,⏳,,0.635,0.635,0.6,0.0,0.0,0.0,0.0,MY290,1.66,2026-09-30 00:10:01.980736+00:00
SOL/USDT,5m,9/30/26 02:25,9/30/26 02:30,9/30/26,⬇️,⏳,,0.65,0.65,0.6,0.0,0.0,0.0,0.0,MY290,3.2,2026-09-30 02:25:01.869241+00:00
SOL/USDT,5m,9/30/26 02:50,9/30/26 02:55,9/30/26,⬇️,⏳,,0.6061,0.6061,0.6,0.0,0.0,0.0,0.0,PREC191,1.31,2026-09-30 02:50:01.892414+00:00
ETH/USDT,5m,9/30/26 03:55,9/30/26 04:00,9/30/26,⬆️,⏳,,0.5875,0.5875,0.51,0.0,0.0,0.0,0.0,MY290,7.65,2026-09-30 03:55:01.925667+00:00
BNB/USDT,5m,9/30/26 13:35,9/30/26 13:40,9/30/26,⬇️,⏳,,0.64,0.64,0.55,0.0,0.0,0.0,0.0,MY290,6.6,2026-09-30 13:35:01.873452+00:00
DOGE/USDT,5m,9/30/26 15:00,9/30/26 15:05,9/30/26,⬇️,⏳,,0.5975,0.5975,0.52,0.0,0.0,0.0,0.0,PREC191,7.63,2026-09-30 15:00:01.932472+00:00
SOL/USDT,5m,9/30/26 17:55,9/30/26 18:00,9/30/26,⬇️,⏳,,0.635,0.635,0.57,0.0,0.0,0.0,0.0,MY290,4.53,2026-09-30 17:55:01.930758+00:00
ETH/USDT,5m,9/30/26 18:15,9/30/26 18:20,9/30/26,⬇️,⏳,,0.6775,0.6775,0.61,0.0,0.0,0.0,0.0,MY290,4.79,2026-09-30 18:15:02.368371+00:00
DOGE/USDT,5m,9/30/26 20:20,9/30/26 20:25,9/30/26,⬆️,⏳,,0.63,0.63,0.6,0.0,0.0,0.0,0.0,MY290,3.76,2026-09-30 20:20:01.949537+00:00
ETH/USDT,5m,9/30/26 20:40,9/30/26 20:45,9/30/26,⬆️,⏳,,0.61,0.61,0.58,0.0,0.0,0.0,0.0,MY290,3.74,2026-09-30 20:40:01.959169+00:00
DOGE/USDT,5m,9/30/26 21:30,9/30/26 21:35,9/30/26,⬇️,⏳,,0.6343,0.6343,0.58,0.0,0.0,0.0,0.0,PREC191,5.82,2026-09-30 21:30:02.398212+00:00
XRP/USDT,5m,9/30/26 22:15,9/30/26 22:20,9/30/26,⬆️,⏳,,0.6825,0.6825,0.57,0.0,0.0,0.0,0.0,MY290,10.26,2026-09-30 22:15:01.959905+00:00
ETH/USDT,5m,9/30/26 23:10,9/30/26 23:15,9/30/26,⬆️,⏳,,0.635,0.635,0.6,0.0,0.0,0.0,0.0,MY290,4.22,2026-09-30 23:10:01.825578+00:00
SOL/USDT,5m,10/1/26 03:00,10/1/26 03:05,10/1/26,⬇️,⏳,,0.62,0.62,0.51,0.0,0.0,0.0,0.0,MY290,8.13,2026-10-01 03:00:01.859491+00:00
BNB/USDT,5m,10/1/26 05:35,10/1/26 05:40,10/1/26,⬆️,⏳,,0.6275,0.6275,0.6,0.0,0.0,0.0,0.0,MY290,3.53,2026-10-01 05:35:01.864079+00:00
SOL/USDT,5m,10/1/26 06:05,10/1/26 06:10,10/1/26,⬆️,⏳,,0.645,0.645,0.59,0.0,0.0,0.0,0.0,MY290,5.91,2026-10-01 06:05:01.851699+00:00
XRP/USDT,5m,10/1/26 06:25,10/1/26 06:30,10/1/26,⬆️,⏳,,0.615,0.615,0.55,0.0,0.0,0.0,0.0,MY290,6.68,2026-10-01 06:25:03.317205+00:00
ETH/USDT,5m,10/1/26 06:45,10/1/26 06:50,10/1/26,⬆️,⏳,,0.615,0.615,0.58,0.0,0.0,0.0,0.0,MY290,4.19,2026-10-01 06:45:01.913650+00:00
BNB/USDT,5m,10/1/26 07:40,10/1/26 07:45,10/1/26,⬇️,⏳,,0.605,0.605,0.55,0.0,0.0,0.0,0.0,PREC191,5.86,2026-10-01 07:40:01.938263+00:00
ETH/USDT,5m,10/1/26 10:45,10/1/26 10:50,10/1/26,⬆️,⏳,,0.6093,0.6093,0.48,0.0,0.0,0.0,0.0,MY290,11.41,2026-10-01 10:45:01.820680+00:00
SOL/USDT,5m,10/1/26 12:35,10/1/26 12:40,10/1/26,⬆️,⏳,,0.675,0.675,0.65,0.0,0.0,0.0,0.0,MY290,3.38,2026-10-01 12:35:02.319264+00:00
ETH/USDT,5m,10/1/26 13:15,10/1/26 13:20,10/1/26,⬆️,⏳,,0.6083,0.6083,0.54,0.0,0.0,0.0,0.0,MY290,6.94,2026-10-01 13:15:02.168355+00:00
SOL/USDT,5m,10/1/26 13:50,10/1/26 13:55,10/1/26,⬇️,⏳,,0.7425,0.7425,0.7,0.0,0.0,0.0,0.0,MY290,2.67,2026-10-01 13:50:01.890576+00:00
ETH/USDT,5m,10/1/26 17:25,10/1/26 17:30,10/1/26,⬆️,⏳,,0.66,0.66,0.63,0.0,0.0,0.0,0.0,MY290,3.81,2026-10-01 17:25:02.302155+00:00
ETH/USDT,5m,10/1/26 18:10,10/1/26 18:15,10/1/26,⬆️,⏳,,0.5943,0.5943,0.56,0.0,0.0,0.0,0.0,MY290,4.12,2026-10-01 18:10:02.322512+00:00
ETH/USDT,5m,10/1/26 21:45,10/1/26 21:50,10/1/26,⬇️,⏳,,0.6054,0.6054,0.57,0.0,0.0,0.0,0.0,PREC191,4.2,2026-10-01 21:45:01.985493+00:00
ETH/USDT,5m,10/1/26 22:10,10/1/26 22:15,10/1/26,⬇️,⏳,,0.6105,0.6105,0.57,0.0,0.0,0.0,0.0,MY290,2.21,2026-10-01 22:10:01.919727+00:00
ETH/USDT,5m,10/2/26 02:10,10/2/26 02:15,10/2/26,⬆️,⏳,,0.645,0.645,0.51,0.0,0.0,0.0,0.0,MY290,11.81,2026-10-02 02:10:02.107719+00:00
SOL/USDT,5m,10/2/26 02:35,10/2/26 02:40,10/2/26,⬇️,⏳,,0.665,0.665,0.6,0.0,0.0,0.0,0.0,MY290,4.56,2026-10-02 02:35:01.796400+00:00
SOL/USDT,5m,10/2/26 03:40,10/2/26 03:45,10/2/26,⬆️,⏳,,0.6475,0.6475,0.59,0.0,0.0,0.0,0.0,MY290,6.11,2026-10-02 03:40:01.892585+00:00
ETH/USDT,5m,10/2/26 10:55,10/2/26 11:00,10/2/26,⬆️,⏳,,0.6148,0.6148,0.54,0.0,0.0,0.0,0.0,MY290,7.44,2026-10-02 10:55:01.887464+00:00
SOL/USDT,5m,10/2/26 14:20,10/2/26 14:25,10/2/26,⬆️,⏳,,0.6,0.6,0.58,0.0,0.0,0.0,0.0,MY290,2.79,2026-10-02 14:20:03.149308+00:00
HYPE/USDT,5m,10/2/26 15:25,10/2/26 15:30,10/2/26,⬇️,⏳,,0.705,0.705,0.52,0.0,0.0,0.0,0.0,MY290,13.43,2026-10-02 15:25:03.477970+00:00
XRP/USDT,5m,10/2/26 15:40,10/2/26 15:45,10/2/26,⬇️,⏳,,0.5988,0.5988,0.58,0.0,0.0,0.0,0.0,PREC191,2.65,2026-10-02 15:40:02.500511+00:00
ETH/USDT,5m,10/2/26 15:50,10/2/26 15:55,10/2/26,⬆️,⏳,,0.63,0.63,0.6,0.0,0.0,0.0,0.0,MY290,3.77,2026-10-02 15:50:01.888680+00:00
SOL/USDT,5m,10/2/26 17:05,10/2/26 17:10,10/2/26,⬇️,⏳,,0.6063,0.6063,0.6,0.0,0.0,0.0,0.0,PREC191,1.33,2026-10-02 17:05:01.918165+00:00
SOL/USDT,5m,10/2/26 18:30,10/2/26 18:35,10/2/26,⬆️,⏳,,0.6255,0.6255,0.57,0.0,0.0,0.0,0.0,MY290,5.94,2026-10-02 18:30:01.961601+00:00
DOGE/USDT,5m,10/2/26 18:40,10/2/26 18:45,10/2/26,⬇️,⏳,,0.735,0.735,0.52,0.0,0.0,0.0,0.0,MY290,11.54,2026-10-02 18:40:01.705064+00:00
ETH/USDT,5m,10/2/26 19:25,10/2/26 19:30,10/2/26,⬆️,⏳,,0.645,0.645,0.59,0.0,0.0,0.0,0.0,MY290,5.91,2026-10-02 19:25:01.954400+00:00
